fips,cbsa,metarea,metareano,state_fips,year,asfr_15_19,asfr_20_24,asfr_25_29,asfr_30_34,asfr_35_39,asfr_40_44,gfr_15_44,first_birth_proxy,first_births_total,first_birth_rate_15_44,mean_age_first_birth,median_age_first_birth,share_first_birth_15_19,share_first_birth_20_24,share_first_birth_25_29,share_first_birth_30_34,share_first_birth_35_44,share_first_birth_30_plus,completed_fertility_proxy
,,Alabama,,01,2007,,,,,,,,,27293,,23.774301,22.000000,0.263767,0.350346,0.234163,0.105961,0.045763,0.151724,
,,Alabama,,01,2008,,,,,,,,,26925,,23.746722,22.000000,0.262656,0.353426,0.237029,0.102507,0.044383,0.146890,
,,Alabama,,01,2009,,,,,,,,,26397,,23.755067,22.000000,0.260181,0.353184,0.239459,0.106376,0.040800,0.147176,
,,Alabama,,01,2010,,,,,,,,,24849,,23.982897,22.000000,0.243833,0.351282,0.249185,0.111675,0.044026,0.155700,
,,Alabama,,01,2011,,,,,,,,,24583,,24.181630,22.000000,0.225684,0.355856,0.253305,0.121995,0.043160,0.165155,
,,Alabama,,01,2012,,,,,,,,,24022,,24.276809,22.000000,0.217218,0.357797,0.257014,0.124303,0.043668,0.167971,
,,Alabama,,01,2013,,,,,,,,,23516,,24.487285,22.000000,0.194463,0.369408,0.262034,0.127573,0.046522,0.174094,
,,Alabama,,01,2014,,,,,,,,,24171,,24.731869,22.000000,0.175706,0.367010,0.270448,0.139878,0.046957,0.186835,
,,Alabama,,01,2015,,,,,,,,,23087,,24.871118,22.000000,0.174254,0.355135,0.276909,0.141725,0.051977,0.193702,
,,Alabama,,01,2016,,,,,,,,,22378,,24.947985,22.000000,0.168737,0.353338,0.281526,0.142819,0.053579,0.196398,
,,Alabama,,01,2017,,,,,,,,,22354,,25.094278,22.000000,0.160821,0.351347,0.284468,0.147982,0.055382,0.203364,
,,Alabama,,01,2018,,,,,,,,,21948,,25.137188,22.000000,0.150538,0.359577,0.289184,0.145799,0.054902,0.200702,
,,Alabama,,01,2019,,,,,,,,,21588,,25.087132,22.000000,0.154021,0.362146,0.282240,0.149250,0.052344,0.201593,
,,Alabama,,01,2020,,,,,,,,,21496,,25.241138,22.000000,0.148167,0.354345,0.288472,0.150354,0.058662,0.209016,
,,Alabama,,01,2021,,,,,,,,,21849,,25.316674,27.000000,0.143485,0.346606,0.300197,0.151815,0.057897,0.209712,
,,Alabama,,01,2022,,,,,,,,,21902,,25.516688,27.000000,0.132819,0.342161,0.303991,0.160214,0.060816,0.221030,
,,Alabama,,01,2023,,,,,,,,,22204,,25.570303,27.000000,0.132859,0.339939,0.301928,0.161277,0.063997,0.225275,
,,Alabama,,01,2024,,,,,,,,,22025,,25.670897,27.000000,0.127491,0.331260,0.314188,0.161317,0.065743,0.227060,
,,Alaska,,02,2007,,,,,,,,,4356,,24.473140,22.000000,0.212810,0.366621,0.241965,0.115702,0.062902,0.178604,
,,Alaska,,02,2008,,,,,,,,,4306,,24.547840,22.000000,0.205295,0.368788,0.236647,0.130283,0.058987,0.189271,
,,Alaska,,02,2009,,,,,,,,,4258,,24.642790,22.000000,0.209488,0.352983,0.242602,0.131752,0.063175,0.194927,
,,Alaska,,02,2010,,,,,,,,,4346,,24.760354,22.000000,0.183157,0.377128,0.242522,0.138748,0.058445,0.197193,
,,Alaska,,02,2011,,,,,,,,,4458,,24.977344,22.000000,0.160834,0.375729,0.266039,0.138403,0.058995,0.197398,
,,Alaska,,02,2012,,,,,,,,,4187,,25.198352,22.000000,0.162646,0.355863,0.264629,0.154048,0.062813,0.216862,
,,Alaska,,02,2013,,,,,,,,,4148,,25.592334,27.000000,0.143202,0.347396,0.267117,0.169479,0.072806,0.242285,
,,Alaska,,02,2014,,,,,,,,,4139,,25.669365,27.000000,0.130466,0.349118,0.276637,0.178787,0.064992,0.243779,
,,Alaska,,02,2015,,,,,,,,,4129,,25.851417,27.000000,0.136837,0.321870,0.283362,0.185275,0.072657,0.257932,
,,Alaska,,02,2016,,,,,,,,,3895,,25.942490,27.000000,0.126829,0.329910,0.280616,0.185366,0.077279,0.262644,
,,Alaska,,02,2017,,,,,,,,,3631,,26.226384,27.000000,0.115395,0.316166,0.294409,0.187001,0.087028,0.274029,
,,Alaska,,02,2018,,,,,,,,,3509,,26.305500,27.000000,0.103163,0.322599,0.291821,0.204047,0.078370,0.282417,
,,Alaska,,02,2019,,,,,,,,,3341,,26.432954,27.000000,0.099371,0.331338,0.280455,0.194253,0.094582,0.288836,
,,Alaska,,02,2020,,,,,,,,,3258,,26.461633,27.000000,0.100982,0.314917,0.298036,0.197360,0.088705,0.286065,
,,Alaska,,02,2021,,,,,,,,,3264,,26.601716,27.000000,0.098039,0.317708,0.278186,0.207721,0.098346,0.306066,
,,Alaska,,02,2022,,,,,,,,,3323,,26.628197,27.000000,0.094192,0.325609,0.275053,0.203732,0.101414,0.305146,
,,Alaska,,02,2023,,,,,,,,,3122,,26.819507,27.000000,0.091608,0.310698,0.278347,0.215567,0.103780,0.319347,
,,Alaska,,02,2024,,,,,,,,,3105,,26.980676,27.000000,0.086957,0.304992,0.279871,0.215137,0.113043,0.328180,
,,Arizona,,04,2007,,,,,,,,,37744,,24.053002,22.000000,0.270401,0.326277,0.221572,0.122986,0.058764,0.181751,
,,Arizona,,04,2008,,,,,,,,,36263,,24.220873,22.000000,0.262664,0.319030,0.227422,0.127761,0.063122,0.190883,
,,Arizona,,04,2009,,,,,,,,,34038,,24.320818,22.000000,0.256331,0.313855,0.238381,0.130736,0.060697,0.191433,
,,Arizona,,04,2010,,,,,,,,,32117,,24.572158,22.000000,0.235327,0.321419,0.239437,0.139397,0.064421,0.203817,
,,Arizona,,04,2011,,,,,,,,,31527,,24.892870,22.000000,0.216386,0.317062,0.248644,0.148159,0.069750,0.217908,
,,Arizona,,04,2012,,,,,,,,,31895,,24.936040,22.000000,0.207932,0.324722,0.247123,0.151654,0.068569,0.220223,
,,Arizona,,04,2013,,,,,,,,,30951,,25.109609,22.000000,0.192595,0.329069,0.252464,0.155892,0.069982,0.225873,
,,Arizona,,04,2014,,,,,,,,,31074,,25.369586,22.000000,0.176514,0.328023,0.253427,0.168211,0.073824,0.242035,
,,Arizona,,04,2015,,,,,,,,,30306,,25.557843,27.000000,0.162740,0.325711,0.261301,0.175411,0.074837,0.250247,
,,Arizona,,04,2016,,,,,,,,,29567,,25.673589,27.000000,0.153482,0.327324,0.264924,0.175364,0.078906,0.254270,
,,Arizona,,04,2017,,,,,,,,,28954,,25.822356,27.000000,0.146266,0.320647,0.274953,0.177074,0.081060,0.258134,
,,Arizona,,04,2018,,,,,,,,,28693,,25.995626,27.000000,0.137699,0.317778,0.275851,0.182100,0.086572,0.268672,
,,Arizona,,04,2019,,,,,,,,,28452,,26.081892,27.000000,0.132258,0.311859,0.282792,0.188352,0.084739,0.273092,
,,Arizona,,04,2020,,,,,,,,,28249,,26.274665,27.000000,0.120854,0.307374,0.288258,0.196680,0.086835,0.283514,
,,Arizona,,04,2021,,,,,,,,,28726,,26.520696,27.000000,0.106802,0.303523,0.292905,0.205284,0.091485,0.296769,
,,Arizona,,04,2022,,,,,,,,,29622,,26.672355,27.000000,0.104584,0.292755,0.295726,0.212916,0.094018,0.306934,
,,Arizona,,04,2023,,,,,,,,,29958,,26.756058,27.000000,0.101008,0.287803,0.300053,0.213933,0.097203,0.311136,
,,Arizona,,04,2024,,,,,,,,,30823,,26.887535,27.000000,0.098271,0.285274,0.295396,0.219868,0.101191,0.321059,
,,Arkansas,,05,2007,,,,,,,,,16365,,23.101589,22.000000,0.290620,0.380874,0.214788,0.082126,0.031592,0.113718,
,,Arkansas,,05,2008,,,,,,,,,16244,,23.191855,22.000000,0.293832,0.366905,0.218788,0.087725,0.032751,0.120475,
,,Arkansas,,05,2009,,,,,,,,,15931,,23.192141,22.000000,0.292009,0.364823,0.226665,0.086624,0.029879,0.116502,
,,Arkansas,,05,2010,,,,,,,,,15436,,23.465406,22.000000,0.274359,0.366027,0.228362,0.096074,0.035178,0.131252,
,,Arkansas,,05,2011,,,,,,,,,15330,,23.667091,22.000000,0.258578,0.363927,0.240183,0.100783,0.036530,0.137312,
,,Arkansas,,05,2012,,,,,,,,,15180,,23.935079,22.000000,0.234585,0.369433,0.244993,0.112385,0.038603,0.150988,
,,Arkansas,,05,2013,,,,,,,,,14718,,23.955361,22.000000,0.231485,0.374847,0.244055,0.111700,0.037913,0.149613,
,,Arkansas,,05,2014,,,,,,,,,15496,,24.496741,22.000000,0.202439,0.365965,0.247483,0.137068,0.047044,0.184112,
,,Arkansas,,05,2015,,,,,,,,,14670,,24.365201,22.000000,0.207635,0.366190,0.254397,0.126585,0.045194,0.171779,
,,Arkansas,,05,2016,,,,,,,,,13945,,24.501864,22.000000,0.197275,0.361994,0.265687,0.128720,0.046325,0.175045,
,,Arkansas,,05,2017,,,,,,,,,13396,,24.481972,22.000000,0.195058,0.366303,0.266348,0.127949,0.044342,0.172290,
,,Arkansas,,05,2018,,,,,,,,,13220,,24.544402,22.000000,0.185628,0.378669,0.261422,0.126475,0.047806,0.174281,
,,Arkansas,,05,2019,,,,,,,,,13098,,24.575775,22.000000,0.183158,0.380058,0.258818,0.130707,0.047259,0.177966,
,,Arkansas,,05,2020,,,,,,,,,12792,,24.693050,22.000000,0.176829,0.374765,0.265791,0.133365,0.049250,0.182614,
,,Arkansas,,05,2021,,,,,,,,,13332,,24.848410,22.000000,0.164716,0.374812,0.269127,0.141764,0.049580,0.191344,
,,Arkansas,,05,2022,,,,,,,,,13495,,25.030678,22.000000,0.154057,0.364728,0.285217,0.144943,0.051056,0.195999,
,,Arkansas,,05,2023,,,,,,,,,13326,,24.994372,22.000000,0.156611,0.361474,0.289584,0.141453,0.050878,0.192331,
,,Arkansas,,05,2024,,,,,,,,,13372,,25.150950,22.000000,0.146201,0.358436,0.295468,0.148818,0.051077,0.199895,
,,California,,06,2007,,,,,,,,,222180,,25.690654,27.000000,0.199878,0.286849,0.234179,0.176393,0.102701,0.279094,
,,California,,06,2008,,,,,,,,,217169,,25.769154,27.000000,0.198504,0.281583,0.236825,0.178175,0.104914,0.283088,
,,California,,06,2009,,,,,,,,,207437,,25.912272,27.000000,0.192401,0.275867,0.240242,0.185073,0.106418,0.291491,
,,California,,06,2010,,,,,,,,,201240,,26.150648,27.000000,0.179000,0.271213,0.246651,0.193754,0.109382,0.303136,
,,California,,06,2011,,,,,,,,,196110,,26.415091,27.000000,0.163867,0.266988,0.250349,0.206083,0.112712,0.318796,
,,California,,06,2012,,,,,,,,,197795,,26.677785,27.000000,0.148381,0.263970,0.251599,0.220966,0.115084,0.336050,
,,California,,06,2013,,,,,,,,,193326,,26.977768,27.000000,0.132807,0.260182,0.253453,0.232255,0.121303,0.353558,
,,California,,06,2014,,,,,,,,,196060,,27.273908,27.000000,0.116281,0.253356,0.259364,0.245512,0.125487,0.370999,
,,California,,06,2015,,,,,,,,,190041,,27.483853,27.000000,0.108045,0.246668,0.262338,0.250862,0.132087,0.382949,
,,California,,06,2016,,,,,,,,,188741,,27.735791,27.000000,0.096365,0.237548,0.268373,0.261040,0.136674,0.397714,
,,California,,06,2017,,,,,,,,,182113,,27.969810,27.000000,0.088412,0.230818,0.268789,0.266494,0.145487,0.411980,
,,California,,06,2018,,,,,,,,,176560,,28.220098,27.000000,0.082295,0.220814,0.267229,0.274813,0.154848,0.429661,
,,California,,06,2019,,,,,,,,,175672,,28.393125,27.000000,0.076005,0.216694,0.265831,0.281229,0.160242,0.441470,
,,California,,06,2020,,,,,,,,,165781,,28.552210,27.000000,0.071679,0.212558,0.260983,0.288031,0.166750,0.454781,
,,California,,06,2021,,,,,,,,,166147,,28.776619,27.000000,0.065472,0.205252,0.257958,0.297580,0.173738,0.471318,
,,California,,06,2022,,,,,,,,,165965,,28.854713,27.000000,0.065743,0.204362,0.253614,0.295526,0.180755,0.476281,
,,California,,06,2023,,,,,,,,,162536,,28.992709,27.000000,0.063426,0.198411,0.252393,0.299109,0.186660,0.485769,
,,California,,06,2024,,,,,,,,,165041,,29.109070,27.000000,0.060718,0.195339,0.248902,0.301870,0.193170,0.495041,
,,Colorado,,08,2007,,,,,,,,,29465,,25.891617,27.000000,0.186323,0.273579,0.252673,0.185983,0.101442,0.287426,
,,Colorado,,08,2008,,,,,,,,,28811,,25.841519,27.000000,0.189094,0.271528,0.253827,0.189546,0.096005,0.285551,
,,Colorado,,08,2009,,,,,,,,,27938,,25.976269,27.000000,0.182153,0.267557,0.258787,0.193894,0.097609,0.291503,
,,Colorado,,08,2010,,,,,,,,,27288,,26.212200,27.000000,0.167583,0.264219,0.265575,0.203386,0.099238,0.302624,
,,Colorado,,08,2011,,,,,,,,,27043,,26.561384,27.000000,0.148356,0.256185,0.272233,0.220464,0.102762,0.323226,
,,Colorado,,08,2012,,,,,,,,,26562,,26.752729,27.000000,0.132633,0.259732,0.276222,0.227016,0.104397,0.331413,
,,Colorado,,08,2013,,,,,,,,,26613,,26.900312,27.000000,0.124112,0.254387,0.279863,0.235900,0.105738,0.341638,
,,Colorado,,08,2014,,,,,,,,,26502,,27.142687,27.000000,0.108935,0.255075,0.281979,0.242963,0.111048,0.354011,
,,Colorado,,08,2015,,,,,,,,,26635,,27.265440,27.000000,0.105951,0.250422,0.276816,0.254102,0.112709,0.366811,
,,Colorado,,08,2016,,,,,,,,,26165,,27.441945,27.000000,0.102312,0.239518,0.278387,0.262412,0.117371,0.379782,
,,Colorado,,08,2017,,,,,,,,,25411,,27.652414,27.000000,0.095982,0.232262,0.282240,0.261816,0.127701,0.389516,
,,Colorado,,08,2018,,,,,,,,,25094,,27.809098,27.000000,0.087790,0.233004,0.272575,0.277915,0.128716,0.406631,
,,Colorado,,08,2019,,,,,,,,,25501,,27.944394,27.000000,0.086467,0.225403,0.273401,0.278381,0.136348,0.414729,
,,Colorado,,08,2020,,,,,,,,,25538,,28.133468,27.000000,0.077492,0.222649,0.272222,0.287102,0.140536,0.427637,
,,Colorado,,08,2021,,,,,,,,,26349,,28.390584,27.000000,0.070401,0.213139,0.265665,0.302630,0.148165,0.450795,
,,Colorado,,08,2022,,,,,,,,,26224,,28.473212,27.000000,0.067534,0.210876,0.268914,0.301480,0.151197,0.452677,
,,Colorado,,08,2023,,,,,,,,,26466,,28.545152,27.000000,0.068050,0.204262,0.270082,0.302615,0.154991,0.457606,
,,Colorado,,08,2024,,,,,,,,,27059,,28.548782,27.000000,0.067039,0.209875,0.264053,0.301009,0.158025,0.459034,
,,Connecticut,,09,2007,,,,,,,,,17517,,27.185163,27.000000,0.139579,0.226523,0.269395,0.230291,0.134212,0.364503,
,,Connecticut,,09,2008,,,,,,,,,17394,,27.181212,27.000000,0.136599,0.227320,0.271013,0.236403,0.128665,0.365068,
,,Connecticut,,09,2009,,,,,,,,,16897,,27.264248,27.000000,0.132450,0.229271,0.270462,0.237024,0.130792,0.367817,
,,Connecticut,,09,2010,,,,,,,,,16575,,27.431131,27.000000,0.120000,0.226305,0.273605,0.254600,0.125490,0.380090,
,,Connecticut,,09,2011,,,,,,,,,16039,,27.424621,27.000000,0.111229,0.229067,0.284743,0.257497,0.117464,0.374961,
,,Connecticut,,09,2012,,,,,,,,,15828,,27.583175,27.000000,0.104877,0.225171,0.281463,0.267943,0.120546,0.388489,
,,Connecticut,,09,2013,,,,,,,,,15288,,27.750883,27.000000,0.093210,0.222920,0.284275,0.279631,0.119963,0.399594,
,,Connecticut,,09,2014,,,,,,,,,15486,,28.059699,27.000000,0.079685,0.212321,0.289229,0.290650,0.128116,0.418765,
,,Connecticut,,09,2015,,,,,,,,,14697,,28.305947,27.000000,0.073757,0.196571,0.292237,0.306117,0.131319,0.437436,
,,Connecticut,,09,2016,,,,,,,,,14653,,28.588139,27.000000,0.067358,0.187675,0.286904,0.316863,0.141200,0.458063,
,,Connecticut,,09,2017,,,,,,,,,14336,,28.588309,27.000000,0.065569,0.191895,0.281738,0.318987,0.141811,0.460798,
,,Connecticut,,09,2018,,,,,,,,,13898,,28.676248,27.000000,0.062311,0.188372,0.286372,0.318535,0.144409,0.462944,
,,Connecticut,,09,2019,,,,,,,,,13620,,28.809949,27.000000,0.057709,0.180396,0.281204,0.341483,0.139207,0.480690,
,,Connecticut,,09,2020,,,,,,,,,13483,,28.828043,27.000000,0.059334,0.182526,0.276793,0.332196,0.149151,0.481347,
,,Connecticut,,09,2021,,,,,,,,,14087,,29.166820,32.000000,0.052815,0.167175,0.266061,0.357067,0.156882,0.513949,
,,Connecticut,,09,2022,,,,,,,,,14177,,29.397827,32.000000,0.048459,0.157226,0.267052,0.360231,0.167031,0.527262,
,,Connecticut,,09,2023,,,,,,,,,13992,,29.376965,32.000000,0.050672,0.160020,0.266867,0.351558,0.170883,0.522441,
,,Connecticut,,09,2024,,,,,,,,,13853,,29.473724,32.000000,0.049376,0.158883,0.256767,0.361366,0.173609,0.534974,
,,Delaware,,10,2007,,,,,,,,,4953,,25.203008,22.000000,0.203715,0.304664,0.250353,0.166768,0.074500,0.241268,
,,Delaware,,10,2008,,,,,,,,,4955,,25.117356,22.000000,0.206862,0.303532,0.259132,0.157215,0.073259,0.230474,
,,Delaware,,10,2009,,,,,,,,,4722,,25.287484,27.000000,0.189962,0.308132,0.264930,0.165396,0.071580,0.236976,
,,Delaware,,10,2010,,,,,,,,,4685,,25.661366,27.000000,0.171612,0.289648,0.287727,0.171398,0.079616,0.251014,
,,Delaware,,10,2011,,,,,,,,,4534,,25.799515,27.000000,0.161888,0.293560,0.284738,0.179312,0.080503,0.259815,
,,Delaware,,10,2012,,,,,,,,,4323,,26.001619,27.000000,0.146195,0.298404,0.277354,0.199167,0.078880,0.278048,
,,Delaware,,10,2013,,,,,,,,,4262,,26.070859,27.000000,0.140779,0.293055,0.282262,0.212811,0.071093,0.283904,
,,Delaware,,10,2014,,,,,,,,,4337,,26.431981,27.000000,0.123127,0.279225,0.302052,0.212589,0.083007,0.295596,
,,Delaware,,10,2015,,,,,,,,,4415,,26.627860,27.000000,0.108041,0.283352,0.300793,0.220385,0.087429,0.307814,
,,Delaware,,10,2016,,,,,,,,,4292,,26.783085,27.000000,0.114166,0.264678,0.301025,0.226701,0.093430,0.320130,
,,Delaware,,10,2017,,,,,,,,,4094,,26.594162,27.000000,0.118222,0.269419,0.299463,0.229116,0.083781,0.312897,
,,Delaware,,10,2018,,,,,,,,,4056,,26.784270,27.000000,0.104783,0.281558,0.288462,0.234467,0.090730,0.325197,
,,Delaware,,10,2019,,,,,,,,,4102,,27.105193,27.000000,0.090444,0.250609,0.325207,0.244759,0.088981,0.333740,
,,Delaware,,10,2020,,,,,,,,,4039,,27.164521,27.000000,0.094825,0.263927,0.293389,0.240158,0.107700,0.347858,
,,Delaware,,10,2021,,,,,,,,,4077,,27.162865,27.000000,0.090998,0.268335,0.289919,0.251656,0.099092,0.350748,
,,Delaware,,10,2022,,,,,,,,,4245,,27.363840,27.000000,0.094935,0.256066,0.285041,0.246643,0.117314,0.363958,
,,Delaware,,10,2023,,,,,,,,,4085,,27.449204,27.000000,0.097919,0.248225,0.275153,0.261200,0.117503,0.378703,
,,Delaware,,10,2024,,,,,,,,,4095,,27.549695,27.000000,0.088889,0.242247,0.290842,0.260806,0.117216,0.378022,
,,District of Columbia,,11,2007,,,,,,,,,4062,,26.764032,27.000000,0.217627,0.215903,0.173067,0.226489,0.166913,0.393402,
,,District of Columbia,,11,2008,,,,,,,,,4218,,26.899004,27.000000,0.215505,0.202466,0.179943,0.241347,0.160740,0.402086,
,,District of Columbia,,11,2009,,,,,,,,,4279,,26.964478,27.000000,0.202150,0.216873,0.179481,0.237906,0.163590,0.401496,
,,District of Columbia,,11,2010,,,,,,,,,4226,,27.429366,27.000000,0.182442,0.205632,0.175816,0.272598,0.163512,0.436110,
,,District of Columbia,,11,2011,,,,,,,,,4318,,27.724988,27.000000,0.169291,0.203798,0.164660,0.293191,0.169060,0.462251,
,,District of Columbia,,11,2012,,,,,,,,,4428,,28.302846,27.000000,0.144761,0.196703,0.170732,0.292683,0.195122,0.487805,
,,District of Columbia,,11,2013,,,,,,,,,4319,,28.816277,32.000000,0.121556,0.178745,0.171336,0.332947,0.195416,0.528363,
,,District of Columbia,,11,2014,,,,,,,,,4501,,29.146301,32.000000,0.103755,0.181960,0.168185,0.331926,0.214175,0.546101,
,,District of Columbia,,11,2015,,,,,,,,,4447,,29.349224,32.000000,0.088374,0.188217,0.164830,0.340904,0.217675,0.558579,
,,District of Columbia,,11,2016,,,,,,,,,4516,,29.518268,32.000000,0.084145,0.172498,0.178919,0.341674,0.222764,0.564438,
,,District of Columbia,,11,2017,,,,,,,,,4328,,29.767560,32.000000,0.077403,0.166359,0.167514,0.355591,0.233133,0.588725,
,,District of Columbia,,11,2018,,,,,,,,,4190,,30.188305,32.000000,0.074224,0.152267,0.149881,0.369212,0.254415,0.623628,
,,District of Columbia,,11,2019,,,,,,,,,3928,,30.400458,32.000000,0.065937,0.145367,0.163187,0.362016,0.263493,0.625509,
,,District of Columbia,,11,2020,,,,,,,,,3932,,30.505468,32.000000,0.064598,0.148779,0.159207,0.344354,0.283062,0.627416,
,,District of Columbia,,11,2021,,,,,,,,,3891,,30.724364,32.000000,0.055513,0.145978,0.151632,0.361861,0.285017,0.646877,
,,District of Columbia,,11,2022,,,,,,,,,3612,,30.798173,32.000000,0.055648,0.146179,0.151717,0.353544,0.292913,0.646456,
,,District of Columbia,,11,2023,,,,,,,,,3454,,30.831644,32.000000,0.058772,0.144470,0.154024,0.331210,0.311523,0.642733,
,,District of Columbia,,11,2024,,,,,,,,,3360,,30.888988,32.000000,0.064881,0.140476,0.146131,0.331845,0.316667,0.648512,
,,Florida,,12,2007,,,,,,,,,99705,,25.097016,22.000000,0.211424,0.311419,0.244160,0.151286,0.081711,0.232997,
,,Florida,,12,2008,,,,,,,,,96866,,25.232894,22.000000,0.203498,0.309324,0.248116,0.155824,0.083239,0.239062,
,,Florida,,12,2009,,,,,,,,,92007,,25.370874,22.000000,0.193790,0.308976,0.254078,0.158368,0.084787,0.243155,
,,Florida,,12,2010,,,,,,,,,88356,,25.614944,27.000000,0.176966,0.304541,0.264068,0.168874,0.085552,0.254425,
,,Florida,,12,2011,,,,,,,,,87835,,25.846405,27.000000,0.160665,0.306643,0.265862,0.177526,0.089304,0.266830,
,,Florida,,12,2012,,,,,,,,,87220,,25.963959,27.000000,0.152694,0.304391,0.270637,0.183284,0.088993,0.272277,
,,Florida,,12,2013,,,,,,,,,87073,,26.227212,27.000000,0.134427,0.302689,0.276469,0.194193,0.092221,0.286415,
,,Florida,,12,2014,,,,,,,,,87591,,26.497785,27.000000,0.121976,0.293854,0.282883,0.204005,0.097282,0.301287,
,,Florida,,12,2015,,,,,,,,,88760,,26.675327,27.000000,0.113373,0.287179,0.288542,0.211503,0.099403,0.310906,
,,Florida,,12,2016,,,,,,,,,88680,,26.932956,27.000000,0.105886,0.273861,0.292433,0.221414,0.106405,0.327819,
,,Florida,,12,2017,,,,,,,,,87776,,27.033717,27.000000,0.103286,0.268707,0.293429,0.225745,0.108834,0.334579,
,,Florida,,12,2018,,,,,,,,,86409,,27.235195,27.000000,0.095962,0.262588,0.294773,0.231029,0.115648,0.346677,
,,Florida,,12,2019,,,,,,,,,85646,,27.325444,27.000000,0.095451,0.258191,0.291432,0.235633,0.119293,0.354926,
,,Florida,,12,2020,,,,,,,,,83356,,27.421019,27.000000,0.092855,0.256958,0.284503,0.244122,0.121563,0.365685,
,,Florida,,12,2021,,,,,,,,,85860,,27.678873,27.000000,0.081843,0.248789,0.287643,0.254076,0.127650,0.381726,
,,Florida,,12,2022,,,,,,,,,91476,,27.856984,27.000000,0.078141,0.242227,0.289147,0.253192,0.137293,0.390485,
,,Florida,,12,2023,,,,,,,,,91967,,27.944371,27.000000,0.077049,0.233943,0.292855,0.256505,0.139648,0.396153,
,,Florida,,12,2024,,,,,,,,,94006,,28.113838,27.000000,0.072836,0.228549,0.292205,0.259122,0.147288,0.406410,
,,Georgia,,13,2007,,,,,,,,,57971,,24.632101,22.000000,0.241535,0.312001,0.234221,0.141674,0.070570,0.212244,
,,Georgia,,13,2008,,,,,,,,,54287,,24.742056,22.000000,0.235876,0.310019,0.236226,0.144731,0.073148,0.217879,
,,Georgia,,13,2009,,,,,,,,,51902,,24.898068,22.000000,0.230145,0.305383,0.239586,0.147894,0.076991,0.224885,
,,Georgia,,13,2010,,,,,,,,,49762,,25.124834,22.000000,0.214039,0.306660,0.243399,0.155460,0.080443,0.235903,
,,Georgia,,13,2011,,,,,,,,,49938,,25.240228,22.000000,0.200328,0.310645,0.247207,0.164945,0.076875,0.241820,
,,Georgia,,13,2012,,,,,,,,,49118,,25.405808,22.000000,0.181481,0.320229,0.253471,0.166741,0.078077,0.244819,
,,Georgia,,13,2013,,,,,,,,,48969,,25.589301,27.000000,0.169515,0.319692,0.256734,0.173538,0.080520,0.254059,
,,Georgia,,13,2014,,,,,,,,,48144,,25.693139,27.000000,0.162596,0.318711,0.258475,0.178568,0.081651,0.260219,
,,Georgia,,13,2015,,,,,,,,,46726,,25.721954,27.000000,0.152528,0.323118,0.269550,0.174678,0.080127,0.254805,
,,Georgia,,13,2016,,,,,,,,,49014,,26.078345,27.000000,0.140021,0.307953,0.274554,0.189925,0.087546,0.277472,
,,Georgia,,13,2017,,,,,,,,,49055,,26.189389,27.000000,0.133177,0.306167,0.278708,0.192580,0.089369,0.281949,
,,Georgia,,13,2018,,,,,,,,,48698,,26.305238,27.000000,0.130067,0.299478,0.279354,0.198407,0.092694,0.291100,
,,Georgia,,13,2019,,,,,,,,,47886,,26.345926,27.000000,0.125757,0.301215,0.282483,0.197365,0.093180,0.290544,
,,Georgia,,13,2020,,,,,,,,,47512,,26.490676,27.000000,0.118854,0.300850,0.278161,0.205211,0.096923,0.302134,
,,Georgia,,13,2021,,,,,,,,,47669,,26.628648,27.000000,0.110995,0.293818,0.287503,0.210997,0.096688,0.307684,
,,Georgia,,13,2022,,,,,,,,,48787,,26.676850,27.000000,0.108799,0.292168,0.289565,0.211101,0.098366,0.309468,
,,Georgia,,13,2023,,,,,,,,,49650,,26.804612,27.000000,0.111319,0.284270,0.282437,0.215629,0.106344,0.321974,
,,Georgia,,13,2024,,,,,,,,,55197,,27.322354,27.000000,0.097016,0.265938,0.282153,0.229016,0.125876,0.354892,
,,Hawaii,,15,2007,,,,,,,,,7797,,25.846095,27.000000,0.170707,0.314736,0.239451,0.169424,0.105682,0.275106,
,,Hawaii,,15,2008,,,,,,,,,7925,,25.991609,27.000000,0.172114,0.305489,0.231293,0.181325,0.109779,0.291104,
,,Hawaii,,15,2009,,,,,,,,,7718,,26.098406,27.000000,0.166753,0.293081,0.248251,0.182949,0.108966,0.291915,
,,Hawaii,,15,2010,,,,,,,,,7687,,26.274359,27.000000,0.145440,0.307272,0.253675,0.182776,0.110836,0.293613,
,,Hawaii,,15,2011,,,,,,,,,7654,,26.401881,27.000000,0.131173,0.314476,0.253462,0.190097,0.110792,0.300888,
,,Hawaii,,15,2012,,,,,,,,,7526,,26.688413,27.000000,0.122243,0.295110,0.268137,0.198910,0.115599,0.314510,
,,Hawaii,,15,2013,,,,,,,,,7508,,26.851026,27.000000,0.115477,0.289558,0.271843,0.199787,0.123335,0.323122,
,,Hawaii,,15,2014,,,,,,,,,6906,,27.091732,27.000000,0.103388,0.287142,0.266435,0.221112,0.121923,0.343035,
,,Hawaii,,15,2015,,,,,,,,,7191,,27.259352,27.000000,0.091781,0.292032,0.261299,0.226950,0.127938,0.354888,
,,Hawaii,,15,2016,,,,,,,,,7055,,27.547484,27.000000,0.086464,0.278809,0.262792,0.233026,0.138909,0.371935,
,,Hawaii,,15,2017,,,,,,,,,6863,,27.511365,27.000000,0.088591,0.282675,0.263005,0.222352,0.143378,0.365729,
,,Hawaii,,15,2018,,,,,,,,,6660,,27.778679,27.000000,0.084685,0.263363,0.265916,0.230931,0.155105,0.386036,
,,Hawaii,,15,2019,,,,,,,,,6530,,27.707887,27.000000,0.080398,0.274273,0.272435,0.218070,0.154824,0.372894,
,,Hawaii,,15,2020,,,,,,,,,6258,,27.903164,27.000000,0.067593,0.269255,0.268297,0.244327,0.150527,0.394855,
,,Hawaii,,15,2021,,,,,,,,,6019,,28.209005,27.000000,0.066955,0.250540,0.264994,0.258681,0.158830,0.417511,
,,Hawaii,,15,2022,,,,,,,,,6070,,28.239127,27.000000,0.063591,0.251400,0.272488,0.247611,0.164909,0.412521,
,,Hawaii,,15,2023,,,,,,,,,5871,,28.205502,27.000000,0.063873,0.260262,0.273889,0.226878,0.175098,0.401976,
,,Hawaii,,15,2024,,,,,,,,,5897,,28.410378,27.000000,0.060709,0.242835,0.279125,0.242327,0.175004,0.417331,
,,Idaho,,16,2007,,,,,,,,,9041,,23.906205,22.000000,0.209822,0.417985,0.234156,0.093131,0.044907,0.138038,
,,Idaho,,16,2008,,,,,,,,,9074,,24.036257,22.000000,0.205753,0.404342,0.244545,0.101058,0.044302,0.145360,
,,Idaho,,16,2009,,,,,,,,,8527,,24.183417,22.000000,0.196318,0.402603,0.247449,0.109652,0.043978,0.153630,
,,Idaho,,16,2010,,,,,,,,,8143,,24.220496,22.000000,0.193418,0.395554,0.258259,0.113717,0.039052,0.152769,
,,Idaho,,16,2011,,,,,,,,,7746,,24.458366,22.000000,0.171056,0.407436,0.258843,0.119675,0.042990,0.162665,
,,Idaho,,16,2012,,,,,,,,,7997,,24.508441,22.000000,0.168188,0.409779,0.254095,0.121921,0.046017,0.167938,
,,Idaho,,16,2013,,,,,,,,,7824,,24.691143,22.000000,0.154013,0.405164,0.269555,0.126278,0.044990,0.171268,
,,Idaho,,16,2014,,,,,,,,,7880,,24.833629,22.000000,0.140990,0.412056,0.268020,0.128299,0.050635,0.178934,
,,Idaho,,16,2015,,,,,,,,,7650,,24.935098,22.000000,0.142745,0.391634,0.282092,0.132549,0.050980,0.183529,
,,Idaho,,16,2016,,,,,,,,,7538,,25.094919,22.000000,0.130406,0.399178,0.275007,0.141815,0.053595,0.195410,
,,Idaho,,16,2017,,,,,,,,,7573,,25.220718,22.000000,0.125710,0.389014,0.289053,0.139443,0.056781,0.196223,
,,Idaho,,16,2018,,,,,,,,,7369,,25.422310,22.000000,0.112770,0.392455,0.279414,0.155652,0.059710,0.215362,
,,Idaho,,16,2019,,,,,,,,,7588,,25.551265,27.000000,0.103189,0.383764,0.302847,0.147206,0.062994,0.210200,
,,Idaho,,16,2020,,,,,,,,,7638,,25.735402,27.000000,0.101335,0.375753,0.296805,0.156716,0.069390,0.226106,
,,Idaho,,16,2021,,,,,,,,,7997,,25.987370,27.000000,0.086032,0.363886,0.309866,0.172940,0.067275,0.240215,
,,Idaho,,16,2022,,,,,,,,,8018,,26.080070,27.000000,0.089299,0.351210,0.314667,0.171614,0.073210,0.244824,
,,Idaho,,16,2023,,,,,,,,,8223,,26.125866,27.000000,0.086708,0.343792,0.322145,0.179010,0.068345,0.247355,
,,Idaho,,16,2024,,,,,,,,,8346,,26.145998,27.000000,0.079080,0.358136,0.313444,0.178049,0.071292,0.249341,
,,Illinois,,17,2007,,,,,,,,,71480,,25.466648,27.000000,0.205442,0.271642,0.266060,0.173713,0.083142,0.256855,
,,Illinois,,17,2008,,,,,,,,,70439,,25.560577,27.000000,0.203438,0.266472,0.264782,0.183421,0.081886,0.265308,
,,Illinois,,17,2009,,,,,,,,,68462,,25.768331,27.000000,0.193319,0.261722,0.268339,0.190880,0.085741,0.276621,
,,Illinois,,17,2010,,,,,,,,,65181,,26.004426,27.000000,0.182032,0.254875,0.269649,0.206149,0.087295,0.293444,
,,Illinois,,17,2011,,,,,,,,,63465,,26.219105,27.000000,0.166233,0.253147,0.279839,0.210762,0.090018,0.300780,
,,Illinois,,17,2012,,,,,,,,,62260,,26.365957,27.000000,0.157533,0.255027,0.275201,0.221201,0.091038,0.312239,
,,Illinois,,17,2013,,,,,,,,,60515,,26.593820,27.000000,0.141998,0.256994,0.273288,0.233578,0.094142,0.327720,
,,Illinois,,17,2014,,,,,,,,,60987,,26.853018,27.000000,0.129765,0.252103,0.273386,0.244888,0.099857,0.344746,
,,Illinois,,17,2015,,,,,,,,,60250,,26.927195,27.000000,0.122290,0.254705,0.276747,0.244432,0.101826,0.346257,
,,Illinois,,17,2016,,,,,,,,,58019,,27.202089,27.000000,0.111015,0.244610,0.282373,0.253434,0.108568,0.362002,
,,Illinois,,17,2017,,,,,,,,,55756,,27.330754,27.000000,0.107217,0.241822,0.278768,0.259649,0.112544,0.372193,
,,Illinois,,17,2018,,,,,,,,,54052,,27.507946,27.000000,0.100699,0.236365,0.282284,0.260046,0.120606,0.380652,
,,Illinois,,17,2019,,,,,,,,,52648,,27.644820,27.000000,0.096186,0.235583,0.275794,0.267323,0.125114,0.392437,
,,Illinois,,17,2020,,,,,,,,,50478,,27.785778,27.000000,0.091208,0.229347,0.277883,0.273902,0.127660,0.401561,
,,Illinois,,17,2021,,,,,,,,,49921,,28.026782,27.000000,0.078805,0.223433,0.278300,0.288396,0.131067,0.419463,
,,Illinois,,17,2022,,,,,,,,,49101,,28.080752,27.000000,0.079082,0.223234,0.278691,0.281277,0.137716,0.418994,
,,Illinois,,17,2023,,,,,,,,,49042,,28.082613,27.000000,0.078443,0.221708,0.279597,0.284430,0.135822,0.420252,
,,Illinois,,17,2024,,,,,,,,,49134,,28.138458,27.000000,0.076261,0.223715,0.276082,0.284080,0.139862,0.423943,
,,Indiana,,18,2007,,,,,,,,,35698,,24.229229,22.000000,0.232170,0.339991,0.260939,0.119446,0.047454,0.166900,
,,Indiana,,18,2008,,,,,,,,,34964,,24.314981,22.000000,0.228035,0.339120,0.262213,0.121096,0.049537,0.170633,
,,Indiana,,18,2009,,,,,,,,,34424,,24.235853,22.000000,0.234052,0.332559,0.268359,0.121253,0.043778,0.165030,
,,Indiana,,18,2010,,,,,,,,,33027,,24.448330,22.000000,0.221455,0.327914,0.273503,0.130348,0.046780,0.177128,
,,Indiana,,18,2011,,,,,,,,,32881,,24.638728,22.000000,0.203522,0.335665,0.274961,0.137648,0.048204,0.185852,
,,Indiana,,18,2012,,,,,,,,,32483,,24.680140,22.000000,0.194440,0.340824,0.278854,0.140504,0.045378,0.185882,
,,Indiana,,18,2013,,,,,,,,,32247,,24.872205,22.000000,0.179086,0.347257,0.278041,0.146308,0.049307,0.195615,
,,Indiana,,18,2014,,,,,,,,,32281,,25.176915,27.000000,0.164059,0.334965,0.288963,0.158607,0.053406,0.212013,
,,Indiana,,18,2015,,,,,,,,,31580,,25.292115,27.000000,0.157441,0.333914,0.291925,0.159183,0.057536,0.216719,
,,Indiana,,18,2016,,,,,,,,,30738,,25.532875,27.000000,0.145227,0.322923,0.303533,0.168619,0.059698,0.228317,
,,Indiana,,18,2017,,,,,,,,,29573,,25.513492,27.000000,0.147161,0.324654,0.300950,0.166875,0.060359,0.227234,
,,Indiana,,18,2018,,,,,,,,,29365,,25.513060,27.000000,0.140780,0.335706,0.295215,0.169419,0.058880,0.228299,
,,Indiana,,18,2019,,,,,,,,,28640,,25.553701,27.000000,0.137849,0.334008,0.302270,0.165328,0.060545,0.225873,
,,Indiana,,18,2020,,,,,,,,,28010,,25.758765,27.000000,0.125170,0.327919,0.308176,0.177365,0.061371,0.238736,
,,Indiana,,18,2021,,,,,,,,,28388,,25.979410,27.000000,0.114274,0.321932,0.313337,0.183106,0.067352,0.250458,
,,Indiana,,18,2022,,,,,,,,,28862,,26.086273,27.000000,0.110768,0.321045,0.309057,0.187582,0.071547,0.259130,
,,Indiana,,18,2023,,,,,,,,,28787,,26.090840,27.000000,0.108625,0.320110,0.314795,0.186647,0.069823,0.256470,
,,Indiana,,18,2024,,,,,,,,,29434,,26.285248,27.000000,0.103418,0.308928,0.319427,0.193620,0.074608,0.268227,
,,Iowa,,19,2007,,,,,,,,,15561,,24.653236,22.000000,0.188677,0.336225,0.308528,0.120879,0.045691,0.166570,
,,Iowa,,19,2008,,,,,,,,,15308,,24.632708,22.000000,0.197217,0.323948,0.311014,0.123857,0.043964,0.167821,
,,Iowa,,19,2009,,,,,,,,,15259,,24.814929,22.000000,0.185923,0.317976,0.320729,0.130808,0.044564,0.175372,
,,Iowa,,19,2010,,,,,,,,,14947,,24.987656,27.000000,0.170536,0.321135,0.325283,0.138891,0.044156,0.183047,
,,Iowa,,19,2011,,,,,,,,,14536,,25.216669,27.000000,0.155476,0.314942,0.333379,0.153550,0.042653,0.196203,
,,Iowa,,19,2012,,,,,,,,,14484,,25.320664,27.000000,0.147749,0.319249,0.328984,0.157001,0.047017,0.204018,
,,Iowa,,19,2013,,,,,,,,,14679,,25.557565,27.000000,0.132979,0.315893,0.336671,0.162613,0.051843,0.214456,
,,Iowa,,19,2014,,,,,,,,,14423,,25.734833,27.000000,0.123275,0.305346,0.348263,0.173820,0.049296,0.223116,
,,Iowa,,19,2015,,,,,,,,,14101,,25.929473,27.000000,0.116587,0.302319,0.345649,0.177434,0.058010,0.235444,
,,Iowa,,19,2016,,,,,,,,,13744,,25.973516,27.000000,0.110084,0.303405,0.352154,0.178041,0.056315,0.234357,
,,Iowa,,19,2017,,,,,,,,,13316,,26.161723,27.000000,0.109342,0.289126,0.352058,0.183989,0.065485,0.249474,
,,Iowa,,19,2018,,,,,,,,,12988,,26.124192,27.000000,0.104712,0.290653,0.363797,0.181167,0.059670,0.240838,
,,Iowa,,19,2019,,,,,,,,,12816,,26.288155,27.000000,0.095506,0.290730,0.363140,0.187032,0.063592,0.250624,
,,Iowa,,19,2020,,,,,,,,,12454,,26.296009,27.000000,0.094508,0.290670,0.361811,0.190140,0.062871,0.253011,
,,Iowa,,19,2021,,,,,,,,,12602,,26.485994,27.000000,0.091811,0.282177,0.356927,0.200444,0.068640,0.269084,
,,Iowa,,19,2022,,,,,,,,,12769,,26.480226,27.000000,0.092176,0.274571,0.368705,0.199467,0.065079,0.264547,
,,Iowa,,19,2023,,,,,,,,,12858,,26.463136,27.000000,0.089905,0.283326,0.362887,0.196998,0.066884,0.263882,
,,Iowa,,19,2024,,,,,,,,,13038,,26.493481,27.000000,0.092652,0.278033,0.360945,0.200414,0.067955,0.268369,
,,Kansas,,20,2007,,,,,,,,,15988,,24.323993,22.000000,0.218914,0.344946,0.269577,0.119652,0.046910,0.166562,
,,Kansas,,20,2008,,,,,,,,,15843,,24.236350,22.000000,0.226094,0.342044,0.270782,0.117402,0.043679,0.161081,
,,Kansas,,20,2009,,,,,,,,,15716,,24.365678,22.000000,0.221176,0.333482,0.276724,0.125032,0.043586,0.168618,
,,Kansas,,20,2010,,,,,,,,,15435,,24.533301,22.000000,0.205313,0.334888,0.288111,0.126012,0.045675,0.171688,
,,Kansas,,20,2011,,,,,,,,,14883,,24.765672,22.000000,0.191762,0.327017,0.297924,0.137808,0.045488,0.183296,
,,Kansas,,20,2012,,,,,,,,,14963,,24.946368,22.000000,0.183453,0.322195,0.299205,0.146094,0.049054,0.195148,
,,Kansas,,20,2013,,,,,,,,,14253,,25.123202,27.000000,0.170631,0.320915,0.302603,0.158072,0.047779,0.205851,
,,Kansas,,20,2014,,,,,,,,,14020,,25.294757,27.000000,0.158631,0.323252,0.299215,0.168688,0.050214,0.218902,
,,Kansas,,20,2015,,,,,,,,,13981,,25.469959,27.000000,0.148487,0.320721,0.305343,0.170732,0.054717,0.225449,
,,Kansas,,20,2016,,,,,,,,,13280,,25.666416,27.000000,0.138630,0.316792,0.303313,0.182982,0.058283,0.241265,
,,Kansas,,20,2017,,,,,,,,,12868,,25.836338,27.000000,0.132111,0.306730,0.316599,0.182779,0.061781,0.244560,
,,Kansas,,20,2018,,,,,,,,,12860,,25.797628,27.000000,0.129705,0.311431,0.315086,0.185770,0.058009,0.243779,
,,Kansas,,20,2019,,,,,,,,,12255,,25.908486,27.000000,0.125908,0.313015,0.308609,0.188984,0.063484,0.252468,
,,Kansas,,20,2020,,,,,,,,,12148,,25.911426,27.000000,0.122160,0.322193,0.301943,0.189167,0.064537,0.253704,
,,Kansas,,20,2021,,,,,,,,,12074,,26.072842,27.000000,0.114461,0.310999,0.315720,0.191072,0.067749,0.258821,
,,Kansas,,20,2022,,,,,,,,,12301,,26.119299,27.000000,0.113568,0.306560,0.318348,0.193399,0.068125,0.261523,
,,Kansas,,20,2023,,,,,,,,,12302,,26.192774,27.000000,0.107869,0.309868,0.314908,0.198829,0.068525,0.267355,
,,Kansas,,20,2024,,,,,,,,,12507,,26.154833,27.000000,0.108659,0.314544,0.314864,0.189574,0.072359,0.261933,
,,Kentucky,,21,2007,,,,,,,,,24486,,23.936739,22.000000,0.252307,0.346810,0.249244,0.104795,0.046843,0.151638,
,,Kentucky,,21,2008,,,,,,,,,24205,,23.870647,22.000000,0.258666,0.342491,0.247056,0.109895,0.041892,0.151787,
,,Kentucky,,21,2009,,,,,,,,,23938,,24.021744,22.000000,0.249937,0.340839,0.250313,0.113543,0.045367,0.158911,
,,Kentucky,,21,2010,,,,,,,,,23201,,24.177320,22.000000,0.239128,0.338865,0.253437,0.124995,0.043576,0.168570,
,,Kentucky,,21,2011,,,,,,,,,22669,,24.355397,22.000000,0.225550,0.340024,0.259650,0.128060,0.046716,0.174776,
,,Kentucky,,21,2012,,,,,,,,,22617,,24.488991,22.000000,0.210461,0.349295,0.257815,0.136048,0.046381,0.182429,
,,Kentucky,,21,2013,,,,,,,,,22388,,24.579194,22.000000,0.203681,0.350813,0.258308,0.139003,0.048195,0.187198,
,,Kentucky,,21,2014,,,,,,,,,21677,,24.781543,22.000000,0.186557,0.351202,0.267196,0.145315,0.049730,0.195045,
,,Kentucky,,21,2015,,,,,,,,,21520,,24.964707,22.000000,0.177835,0.345167,0.273978,0.148652,0.054368,0.203020,
,,Kentucky,,21,2016,,,,,,,,,21008,,25.073401,22.000000,0.173743,0.338157,0.280417,0.151799,0.055883,0.207683,
,,Kentucky,,21,2017,,,,,,,,,20320,,25.185753,22.000000,0.164911,0.339370,0.284350,0.153297,0.058071,0.211368,
,,Kentucky,,21,2018,,,,,,,,,20043,,25.190790,22.000000,0.160006,0.347154,0.281146,0.153171,0.058524,0.211695,
,,Kentucky,,21,2019,,,,,,,,,19588,,25.337554,27.000000,0.147437,0.346232,0.291301,0.155299,0.059730,0.215030,
,,Kentucky,,21,2020,,,,,,,,,19473,,25.380758,27.000000,0.145381,0.351975,0.281056,0.158681,0.062908,0.221589,
,,Kentucky,,21,2021,,,,,,,,,19385,,25.475548,27.000000,0.140727,0.341553,0.291875,0.166469,0.059376,0.225845,
,,Kentucky,,21,2022,,,,,,,,,19616,,25.544224,27.000000,0.132392,0.346350,0.293944,0.165936,0.061378,0.227314,
,,Kentucky,,21,2023,,,,,,,,,19849,,25.590206,27.000000,0.131241,0.342032,0.296388,0.168422,0.061917,0.230339,
,,Kentucky,,21,2024,,,,,,,,,20247,,25.708549,27.000000,0.127772,0.336544,0.300193,0.169111,0.066380,0.235492,
,,Louisiana,,22,2007,,,,,,,,,26342,,23.456571,22.000000,0.272796,0.372485,0.223825,0.089401,0.041493,0.130894,
,,Louisiana,,22,2008,,,,,,,,,25837,,23.525158,22.000000,0.274993,0.361884,0.227000,0.095599,0.040523,0.136123,
,,Louisiana,,22,2009,,,,,,,,,26083,,23.637944,22.000000,0.262086,0.364337,0.236438,0.096768,0.040371,0.137139,
,,Louisiana,,22,2010,,,,,,,,,24836,,23.815812,22.000000,0.253543,0.358149,0.241867,0.104324,0.042116,0.146441,
,,Louisiana,,22,2011,,,,,,,,,23867,,24.051242,22.000000,0.233879,0.357774,0.252231,0.115348,0.040768,0.156115,
,,Louisiana,,22,2012,,,,,,,,,24324,,24.259168,22.000000,0.219043,0.364455,0.245149,0.126459,0.044894,0.171353,
,,Louisiana,,22,2013,,,,,,,,,24063,,24.462827,22.000000,0.199601,0.370403,0.251091,0.131114,0.047791,0.178905,
,,Louisiana,,22,2014,,,,,,,,,23506,,24.736174,22.000000,0.184506,0.359780,0.263465,0.141964,0.050285,0.192249,
,,Louisiana,,22,2015,,,,,,,,,23261,,24.821891,22.000000,0.176132,0.364903,0.262242,0.144190,0.052534,0.196724,
,,Louisiana,,22,2016,,,,,,,,,22718,,25.098402,22.000000,0.166608,0.351043,0.270622,0.153667,0.058060,0.211726,
,,Louisiana,,22,2017,,,,,,,,,21993,,25.146547,22.000000,0.161688,0.355977,0.267176,0.155049,0.060110,0.215159,
,,Louisiana,,22,2018,,,,,,,,,21291,,25.144662,22.000000,0.157954,0.360857,0.270678,0.148936,0.061575,0.210511,
,,Louisiana,,22,2019,,,,,,,,,20891,,25.229477,22.000000,0.163037,0.348236,0.267101,0.158585,0.063042,0.221627,
,,Louisiana,,22,2020,,,,,,,,,20404,,25.351059,22.000000,0.155264,0.347726,0.272643,0.153744,0.070623,0.224368,
,,Louisiana,,22,2021,,,,,,,,,20531,,25.396328,22.000000,0.149579,0.350933,0.271443,0.158687,0.069359,0.228045,
,,Louisiana,,22,2022,,,,,,,,,20457,,25.436623,27.000000,0.147431,0.347705,0.278438,0.156768,0.069658,0.226426,
,,Louisiana,,22,2023,,,,,,,,,20078,,25.389431,22.000000,0.148919,0.354717,0.269648,0.156041,0.070674,0.226716,
,,Louisiana,,22,2024,,,,,,,,,19590,,25.578612,27.000000,0.141041,0.344206,0.280653,0.160133,0.073966,0.234099,
,,Maine,,23,2007,,,,,,,,,6242,,25.617270,27.000000,0.159564,0.319769,0.280359,0.158923,0.081384,0.240308,
,,Maine,,23,2008,,,,,,,,,6131,,25.661474,27.000000,0.154787,0.319034,0.284293,0.159843,0.082042,0.241885,
,,Maine,,23,2009,,,,,,,,,6048,,25.731399,27.000000,0.151290,0.320602,0.276455,0.172123,0.079530,0.251653,
,,Maine,,23,2010,,,,,,,,,5855,,25.867208,27.000000,0.134073,0.320751,0.295645,0.174893,0.074637,0.249530,
,,Maine,,23,2011,,,,,,,,,5619,,25.894732,27.000000,0.136679,0.310020,0.296672,0.184196,0.072433,0.256629,
,,Maine,,23,2012,,,,,,,,,5570,,26.132855,27.000000,0.125673,0.308797,0.291921,0.197846,0.075763,0.273609,
,,Maine,,23,2013,,,,,,,,,5541,,26.404440,27.000000,0.111893,0.300487,0.298322,0.208085,0.081213,0.289298,
,,Maine,,23,2014,,,,,,,,,5454,,26.647140,27.000000,0.103960,0.290979,0.296480,0.221672,0.086909,0.308581,
,,Maine,,23,2015,,,,,,,,,5302,,26.736137,27.000000,0.098831,0.284421,0.304413,0.226896,0.085439,0.312335,
,,Maine,,23,2016,,,,,,,,,5328,,26.978885,27.000000,0.091967,0.273461,0.313626,0.223724,0.097222,0.320946,
,,Maine,,23,2017,,,,,,,,,5096,,27.203199,27.000000,0.085754,0.258830,0.313187,0.242543,0.099686,0.342229,
,,Maine,,23,2018,,,,,,,,,5081,,27.575379,27.000000,0.072623,0.247392,0.310372,0.261366,0.108246,0.369612,
,,Maine,,23,2019,,,,,,,,,4679,,27.682090,27.000000,0.062193,0.250267,0.311819,0.268647,0.107074,0.375721,
,,Maine,,23,2020,,,,,,,,,4648,,27.793029,27.000000,0.074010,0.228055,0.303787,0.281411,0.112737,0.394148,
,,Maine,,23,2021,,,,,,,,,4858,,28.057946,27.000000,0.055167,0.231371,0.307122,0.281803,0.124537,0.406340,
,,Maine,,23,2022,,,,,,,,,4946,,28.349778,27.000000,0.053376,0.218358,0.301254,0.289527,0.137485,0.427012,
,,Maine,,23,2023,,,,,,,,,4885,,28.333777,27.000000,0.049539,0.225384,0.296827,0.293347,0.134903,0.428250,
,,Maine,,23,2024,,,,,,,,,4687,,28.406870,27.000000,0.058886,0.205889,0.303179,0.292511,0.139535,0.432046,
,,Maryland,,24,2007,,,,,,,,,32861,,26.203052,27.000000,0.175619,0.262743,0.256687,0.197681,0.107270,0.304951,
,,Maryland,,24,2008,,,,,,,,,32377,,26.239769,27.000000,0.167804,0.265343,0.264200,0.197517,0.105136,0.302653,
,,Maryland,,24,2009,,,,,,,,,31530,,26.297209,27.000000,0.164288,0.266445,0.263876,0.200476,0.104916,0.305392,
,,Maryland,,24,2010,,,,,,,,,29788,,26.600057,27.000000,0.149322,0.255539,0.272761,0.215221,0.107157,0.322378,
,,Maryland,,24,2011,,,,,,,,,29020,,26.806375,27.000000,0.133425,0.254066,0.282081,0.221640,0.108787,0.330427,
,,Maryland,,24,2012,,,,,,,,,29070,,27.030633,27.000000,0.123392,0.247609,0.283075,0.232852,0.113072,0.345924,
,,Maryland,,24,2013,,,,,,,,,29267,,27.207264,27.000000,0.107937,0.248744,0.287833,0.244952,0.110534,0.355486,
,,Maryland,,24,2014,,,,,,,,,29446,,27.494074,27.000000,0.097399,0.238538,0.289038,0.257352,0.117673,0.375025,
,,Maryland,,24,2015,,,,,,,,,28674,,27.599951,27.000000,0.094092,0.234638,0.290577,0.258527,0.122166,0.380693,
,,Maryland,,24,2016,,,,,,,,,28484,,27.775558,27.000000,0.090823,0.225074,0.290584,0.266149,0.127370,0.393519,
,,Maryland,,24,2017,,,,,,,,,27557,,27.925627,27.000000,0.082629,0.224807,0.290852,0.267809,0.133904,0.401713,
,,Maryland,,24,2018,,,,,,,,,27233,,28.065215,27.000000,0.085044,0.214299,0.284691,0.277164,0.138802,0.415966,
,,Maryland,,24,2019,,,,,,,,,26687,,28.022651,27.000000,0.084498,0.213849,0.288830,0.278075,0.134747,0.412823,
,,Maryland,,24,2020,,,,,,,,,26040,,28.227419,27.000000,0.082104,0.208833,0.276920,0.287980,0.144163,0.432143,
,,Maryland,,24,2021,,,,,,,,,25883,,28.425163,27.000000,0.073755,0.208438,0.270718,0.296527,0.150562,0.447089,
,,Maryland,,24,2022,,,,,,,,,25922,,28.557133,27.000000,0.069941,0.206774,0.270041,0.294036,0.159208,0.453244,
,,Maryland,,24,2023,,,,,,,,,25317,,28.564265,27.000000,0.074258,0.205001,0.265513,0.293676,0.161552,0.455228,
,,Maryland,,24,2024,,,,,,,,,25127,,28.652067,27.000000,0.071835,0.201496,0.268635,0.289330,0.168703,0.458033,
,,Massachusetts,,25,2007,,,,,,,,,35092,,27.651459,27.000000,0.123418,0.209877,0.263621,0.263080,0.140003,0.403083,
,,Massachusetts,,25,2008,,,,,,,,,34771,,27.770671,27.000000,0.115182,0.209945,0.268241,0.264387,0.142245,0.406632,
,,Massachusetts,,25,2009,,,,,,,,,34119,,27.775858,27.000000,0.114775,0.208828,0.266010,0.271608,0.138779,0.410387,
,,Massachusetts,,25,2010,,,,,,,,,33137,,28.019359,27.000000,0.103479,0.202885,0.268129,0.282856,0.142650,0.425506,
,,Massachusetts,,25,2011,,,,,,,,,33006,,28.219809,27.000000,0.090559,0.198479,0.272193,0.296552,0.142217,0.438769,
,,Massachusetts,,25,2012,,,,,,,,,33190,,28.368650,27.000000,0.084152,0.194697,0.273667,0.302199,0.145285,0.447484,
,,Massachusetts,,25,2013,,,,,,,,,32801,,28.720801,27.000000,0.073382,0.181092,0.270754,0.321057,0.153715,0.474772,
,,Massachusetts,,25,2014,,,,,,,,,32431,,28.892526,27.000000,0.064969,0.176128,0.271900,0.332367,0.154636,0.487003,
,,Massachusetts,,25,2015,,,,,,,,,31440,,28.984399,27.000000,0.060242,0.172074,0.275891,0.335560,0.156234,0.491794,
,,Massachusetts,,25,2016,,,,,,,,,30896,,29.208296,32.000000,0.054667,0.161186,0.273272,0.350175,0.160700,0.510875,
,,Massachusetts,,25,2017,,,,,,,,,30498,,29.315939,32.000000,0.053643,0.155912,0.270378,0.353859,0.166208,0.520067,
,,Massachusetts,,25,2018,,,,,,,,,30105,,29.465604,32.000000,0.048464,0.154958,0.261053,0.364458,0.171068,0.535526,
,,Massachusetts,,25,2019,,,,,,,,,29688,,29.644048,32.000000,0.046079,0.148477,0.253032,0.376583,0.175829,0.552412,
,,Massachusetts,,25,2020,,,,,,,,,28870,,29.819328,32.000000,0.042224,0.144094,0.246415,0.383235,0.184032,0.567267,
,,Massachusetts,,25,2021,,,,,,,,,29199,,29.964143,32.000000,0.040207,0.137607,0.238981,0.394808,0.188397,0.583205,
,,Massachusetts,,25,2022,,,,,,,,,29091,,30.024612,32.000000,0.039841,0.137225,0.241140,0.386649,0.195146,0.581795,
,,Massachusetts,,25,2023,,,,,,,,,28761,,30.040802,32.000000,0.040819,0.137513,0.233997,0.388582,0.199089,0.587671,
,,Massachusetts,,25,2024,,,,,,,,,28988,,30.090779,32.000000,0.038740,0.135539,0.239616,0.384400,0.201704,0.586105,
,,Michigan,,26,2007,,,,,,,,,49195,,24.988017,22.000000,0.210042,0.300844,0.271715,0.151377,0.066023,0.217400,
,,Michigan,,26,2008,,,,,,,,,48254,,25.001005,22.000000,0.206677,0.304037,0.276039,0.146765,0.066482,0.213247,
,,Michigan,,26,2009,,,,,,,,,47064,,24.974057,22.000000,0.207313,0.306051,0.272395,0.151836,0.062404,0.214240,
,,Michigan,,26,2010,,,,,,,,,46012,,25.106798,22.000000,0.196579,0.308246,0.275537,0.155568,0.064070,0.219638,
,,Michigan,,26,2011,,,,,,,,,45545,,25.258568,27.000000,0.177517,0.318652,0.279174,0.161862,0.062795,0.224657,
,,Michigan,,26,2012,,,,,,,,,45060,,25.439336,27.000000,0.167377,0.314913,0.281869,0.171616,0.064225,0.235841,
,,Michigan,,26,2013,,,,,,,,,44507,,25.648325,27.000000,0.149302,0.319096,0.285551,0.179320,0.066731,0.246051,
,,Michigan,,26,2014,,,,,,,,,44319,,25.940973,27.000000,0.131366,0.310341,0.300458,0.187233,0.070602,0.257835,
,,Michigan,,26,2015,,,,,,,,,43125,,26.100186,27.000000,0.123223,0.304371,0.306133,0.193971,0.072301,0.266272,
,,Michigan,,26,2016,,,,,,,,,41755,,26.328344,27.000000,0.115028,0.290528,0.314813,0.204095,0.075536,0.279631,
,,Michigan,,26,2017,,,,,,,,,41015,,26.478630,27.000000,0.110130,0.280897,0.321419,0.208826,0.078727,0.287553,
,,Michigan,,26,2018,,,,,,,,,40713,,26.627244,27.000000,0.104905,0.273967,0.323926,0.217031,0.080171,0.297202,
,,Michigan,,26,2019,,,,,,,,,40124,,26.733264,27.000000,0.099990,0.273851,0.319634,0.224055,0.082469,0.306525,
,,Michigan,,26,2020,,,,,,,,,38966,,26.962929,27.000000,0.093235,0.263101,0.319484,0.236591,0.087589,0.324180,
,,Michigan,,26,2021,,,,,,,,,38554,,27.147948,27.000000,0.086113,0.255745,0.319915,0.247393,0.090834,0.338227,
,,Michigan,,26,2022,,,,,,,,,38070,,27.289441,27.000000,0.081350,0.250512,0.323325,0.248174,0.096638,0.344812,
,,Michigan,,26,2023,,,,,,,,,37844,,27.467485,27.000000,0.077740,0.240461,0.322587,0.258350,0.100861,0.359211,
,,Michigan,,26,2024,,,,,,,,,38132,,27.535180,27.000000,0.074557,0.240716,0.321882,0.258392,0.104453,0.362845,
,,Minnesota,,27,2007,,,,,,,,,29293,,25.896648,27.000000,0.149694,0.277916,0.321783,0.176322,0.074284,0.250606,
,,Minnesota,,27,2008,,,,,,,,,28572,,26.045867,27.000000,0.140942,0.269985,0.333018,0.181961,0.074094,0.256055,
,,Minnesota,,27,2009,,,,,,,,,27564,,26.244159,27.000000,0.131512,0.265709,0.335873,0.189668,0.077238,0.266906,
,,Minnesota,,27,2010,,,,,,,,,26611,,26.406824,27.000000,0.127391,0.252753,0.339296,0.204803,0.075758,0.280561,
,,Minnesota,,27,2011,,,,,,,,,26985,,26.861812,27.000000,0.109691,0.237910,0.341301,0.224977,0.086122,0.311099,
,,Minnesota,,27,2012,,,,,,,,,27231,,26.979123,27.000000,0.103926,0.236826,0.336271,0.236752,0.086225,0.322977,
,,Minnesota,,27,2013,,,,,,,,,26380,,27.063362,27.000000,0.096702,0.235330,0.340447,0.242039,0.085481,0.327521,
,,Minnesota,,27,2014,,,,,,,,,26559,,27.253078,27.000000,0.089235,0.231108,0.334576,0.258858,0.086223,0.345081,
,,Minnesota,,27,2015,,,,,,,,,25588,,27.491246,27.000000,0.079569,0.222057,0.341762,0.263405,0.093208,0.356612,
,,Minnesota,,27,2016,,,,,,,,,25136,,27.632499,27.000000,0.075350,0.217218,0.342616,0.264123,0.100692,0.364815,
,,Minnesota,,27,2017,,,,,,,,,24682,,27.805972,27.000000,0.072239,0.208492,0.336885,0.278219,0.104165,0.382384,
,,Minnesota,,27,2018,,,,,,,,,23727,,27.899376,27.000000,0.065453,0.207654,0.339992,0.281578,0.105323,0.386901,
,,Minnesota,,27,2019,,,,,,,,,22745,,27.914333,27.000000,0.067224,0.207738,0.334139,0.285865,0.105034,0.390899,
,,Minnesota,,27,2020,,,,,,,,,22129,,28.000068,27.000000,0.063130,0.202901,0.338289,0.288942,0.106738,0.395680,
,,Minnesota,,27,2021,,,,,,,,,22231,,28.145090,27.000000,0.062345,0.195538,0.333228,0.294409,0.114480,0.408888,
,,Minnesota,,27,2022,,,,,,,,,22444,,28.220705,27.000000,0.058590,0.196801,0.332160,0.294021,0.118428,0.412449,
,,Minnesota,,27,2023,,,,,,,,,22391,,28.210620,27.000000,0.057746,0.201911,0.331071,0.288955,0.120316,0.409272,
,,Minnesota,,27,2024,,,,,,,,,22275,,28.305746,27.000000,0.055892,0.202694,0.323906,0.290774,0.126734,0.417508,
,,Mississippi,,28,2007,,,,,,,,,18412,,22.725342,22.000000,0.334510,0.357756,0.202205,0.074028,0.031501,0.105529,
,,Mississippi,,28,2008,,,,,,,,,17650,,22.903654,22.000000,0.318357,0.363909,0.205949,0.079547,0.032238,0.111785,
,,Mississippi,,28,2009,,,,,,,,,17101,,22.904742,22.000000,0.326765,0.352552,0.203848,0.084030,0.032805,0.116835,
,,Mississippi,,28,2010,,,,,,,,,15809,,23.040167,22.000000,0.308748,0.355304,0.220950,0.084952,0.030046,0.114998,
,,Mississippi,,28,2011,,,,,,,,,15651,,23.280557,22.000000,0.278129,0.373970,0.227206,0.090729,0.029966,0.120695,
,,Mississippi,,28,2012,,,,,,,,,15222,,23.504434,22.000000,0.262055,0.384969,0.218171,0.098147,0.036657,0.134805,
,,Mississippi,,28,2013,,,,,,,,,14848,,23.719525,22.000000,0.245353,0.383284,0.229997,0.103785,0.037581,0.141366,
,,Mississippi,,28,2014,,,,,,,,,14718,,23.879094,22.000000,0.219052,0.401345,0.237464,0.104974,0.037165,0.142139,
,,Mississippi,,28,2015,,,,,,,,,14221,,24.033296,22.000000,0.211940,0.395120,0.243443,0.105759,0.043738,0.149497,
,,Mississippi,,28,2016,,,,,,,,,13772,,24.150269,22.000000,0.202004,0.393915,0.250000,0.112692,0.041388,0.154081,
,,Mississippi,,28,2017,,,,,,,,,13535,,24.222386,22.000000,0.195493,0.395641,0.255486,0.110972,0.042409,0.153380,
,,Mississippi,,28,2018,,,,,,,,,13177,,24.419936,22.000000,0.181149,0.394855,0.263262,0.112924,0.047811,0.160735,
,,Mississippi,,28,2019,,,,,,,,,13115,,24.339573,22.000000,0.185665,0.394205,0.262905,0.113992,0.043233,0.157225,
,,Mississippi,,28,2020,,,,,,,,,13003,,24.368223,22.000000,0.179266,0.400215,0.266938,0.107744,0.045836,0.153580,
,,Mississippi,,28,2021,,,,,,,,,12758,,24.507329,22.000000,0.171265,0.393243,0.272848,0.118592,0.044051,0.162643,
,,Mississippi,,28,2022,,,,,,,,,12814,,24.518300,22.000000,0.180428,0.382004,0.271812,0.118230,0.047526,0.165756,
,,Mississippi,,28,2023,,,,,,,,,12973,,24.589494,22.000000,0.173283,0.382024,0.276189,0.122023,0.046481,0.168504,
,,Mississippi,,28,2024,,,,,,,,,12612,,24.822114,22.000000,0.160324,0.378766,0.279416,0.130669,0.050825,0.181494,
,,Missouri,,29,2007,,,,,,,,,32427,,24.259876,22.000000,0.230456,0.340241,0.261387,0.119222,0.048694,0.167916,
,,Missouri,,29,2008,,,,,,,,,31977,,24.298918,22.000000,0.231979,0.330706,0.268380,0.121118,0.047816,0.168934,
,,Missouri,,29,2009,,,,,,,,,31561,,24.412376,22.000000,0.220240,0.336586,0.267324,0.130382,0.045468,0.175850,
,,Missouri,,29,2010,,,,,,,,,30714,,24.696506,22.000000,0.206421,0.328157,0.274630,0.140359,0.050433,0.190792,
,,Missouri,,29,2011,,,,,,,,,30290,,24.929052,22.000000,0.189534,0.326213,0.281611,0.150512,0.052129,0.202641,
,,Missouri,,29,2012,,,,,,,,,29760,,25.076243,22.000000,0.177856,0.329133,0.283132,0.155880,0.053999,0.209879,
,,Missouri,,29,2013,,,,,,,,,28915,,25.237403,27.000000,0.166246,0.328273,0.286045,0.164932,0.054505,0.219436,
,,Missouri,,29,2014,,,,,,,,,28408,,25.388113,27.000000,0.155625,0.328077,0.288369,0.170903,0.057026,0.227929,
,,Missouri,,29,2015,,,,,,,,,27901,,25.526361,27.000000,0.145228,0.326978,0.292964,0.177377,0.057453,0.234830,
,,Missouri,,29,2016,,,,,,,,,27529,,25.721003,27.000000,0.137564,0.320607,0.296669,0.182244,0.062915,0.245160,
,,Missouri,,29,2017,,,,,,,,,26389,,25.852079,27.000000,0.135966,0.311001,0.302361,0.181288,0.069385,0.250673,
,,Missouri,,29,2018,,,,,,,,,26713,,25.908808,27.000000,0.131808,0.309213,0.305282,0.185415,0.068281,0.253697,
,,Missouri,,29,2019,,,,,,,,,25917,,26.000945,27.000000,0.125709,0.309141,0.307173,0.187406,0.070571,0.257977,
,,Missouri,,29,2020,,,,,,,,,25037,,26.097496,27.000000,0.120462,0.311419,0.300076,0.194951,0.073092,0.268043,
,,Missouri,,29,2021,,,,,,,,,24799,,26.269688,27.000000,0.114077,0.300456,0.309206,0.201298,0.074963,0.276261,
,,Missouri,,29,2022,,,,,,,,,25319,,26.333643,27.000000,0.110905,0.299498,0.309491,0.202378,0.077728,0.280106,
,,Missouri,,29,2023,,,,,,,,,25049,,26.360992,27.000000,0.110304,0.299014,0.308116,0.202164,0.080402,0.282566,
,,Missouri,,29,2024,,,,,,,,,25457,,26.365774,27.000000,0.109675,0.297325,0.310641,0.205523,0.076835,0.282358,
,,Montana,,30,2007,,,,,,,,,4964,,24.720488,22.000000,0.202055,0.340653,0.260475,0.141217,0.055600,0.196817,
,,Montana,,30,2008,,,,,,,,,5097,,24.619874,22.000000,0.211693,0.333922,0.269178,0.129292,0.055915,0.185207,
,,Montana,,30,2009,,,,,,,,,4912,,24.570134,22.000000,0.212337,0.340187,0.258958,0.135586,0.052932,0.188518,
,,Montana,,30,2010,,,,,,,,,4707,,24.896643,22.000000,0.201615,0.330571,0.258339,0.148077,0.061398,0.209475,
,,Montana,,30,2011,,,,,,,,,4625,,25.088865,22.000000,0.167351,0.343568,0.281730,0.155243,0.052108,0.207351,
,,Montana,,30,2012,,,,,,,,,4683,,25.271407,27.000000,0.165492,0.326927,0.288917,0.159513,0.059150,0.218663,
,,Montana,,30,2013,,,,,,,,,4654,,25.385153,27.000000,0.158573,0.328749,0.282338,0.169961,0.060378,0.230339,
,,Montana,,30,2014,,,,,,,,,4624,,25.773789,27.000000,0.149221,0.311419,0.278547,0.191609,0.069204,0.260813,
,,Montana,,30,2015,,,,,,,,,4685,,25.915795,27.000000,0.137033,0.311846,0.285806,0.195731,0.069584,0.265315,
,,Montana,,30,2016,,,,,,,,,4514,,26.052725,27.000000,0.134249,0.303057,0.293310,0.190740,0.078644,0.269384,
,,Montana,,30,2017,,,,,,,,,4425,,26.261695,27.000000,0.123616,0.299435,0.291299,0.203390,0.082260,0.285650,
,,Montana,,30,2018,,,,,,,,,4133,,26.512824,27.000000,0.106702,0.295427,0.300750,0.212195,0.084926,0.297121,
,,Montana,,30,2019,,,,,,,,,4005,,26.567041,27.000000,0.105868,0.293633,0.305119,0.203995,0.091386,0.295381,
,,Montana,,30,2020,,,,,,,,,3964,,26.916372,27.000000,0.091826,0.286579,0.297931,0.223764,0.099899,0.323663,
,,Montana,,30,2021,,,,,,,,,4263,,27.121980,27.000000,0.089139,0.265306,0.304715,0.242083,0.098757,0.340840,
,,Montana,,30,2022,,,,,,,,,4339,,27.233233,27.000000,0.080203,0.266882,0.315050,0.231851,0.106015,0.337866,
,,Montana,,30,2023,,,,,,,,,4374,,27.229652,27.000000,0.078418,0.268861,0.312986,0.234568,0.105167,0.339735,
,,Montana,,30,2024,,,,,,,,,4483,,27.376645,27.000000,0.075619,0.261209,0.323444,0.221503,0.118224,0.339728,
,,Nebraska,,31,2007,,,,,,,,,9867,,24.736951,22.000000,0.188608,0.335867,0.293301,0.134995,0.047228,0.182224,
,,Nebraska,,31,2008,,,,,,,,,9954,,24.752110,22.000000,0.191079,0.321680,0.313743,0.125779,0.047720,0.173498,
,,Nebraska,,31,2009,,,,,,,,,10036,,24.914707,22.000000,0.182941,0.319051,0.309785,0.138402,0.049821,0.188222,
,,Nebraska,,31,2010,,,,,,,,,9785,,25.035258,27.000000,0.169545,0.317322,0.328155,0.136842,0.048135,0.184977,
,,Nebraska,,31,2011,,,,,,,,,9480,,25.305169,27.000000,0.153903,0.311814,0.329219,0.158650,0.046414,0.205063,
,,Nebraska,,31,2012,,,,,,,,,9512,,25.530540,27.000000,0.148024,0.300357,0.330635,0.169786,0.051198,0.220984,
,,Nebraska,,31,2013,,,,,,,,,9486,,25.619914,27.000000,0.139996,0.302340,0.332701,0.171938,0.053026,0.224963,
,,Nebraska,,31,2014,,,,,,,,,9523,,25.917673,27.000000,0.127061,0.292240,0.333823,0.190171,0.056705,0.246876,
,,Nebraska,,31,2015,,,,,,,,,9257,,26.052825,27.000000,0.122934,0.286810,0.340067,0.185913,0.064276,0.250189,
,,Nebraska,,31,2016,,,,,,,,,8860,,26.189673,27.000000,0.115801,0.276975,0.349097,0.195372,0.062754,0.258126,
,,Nebraska,,31,2017,,,,,,,,,8657,,26.133476,27.000000,0.109622,0.294213,0.344461,0.188056,0.063648,0.251704,
,,Nebraska,,31,2018,,,,,,,,,8600,,26.352151,27.000000,0.105698,0.276628,0.349535,0.203488,0.064651,0.268140,
,,Nebraska,,31,2019,,,,,,,,,8583,,26.402889,27.000000,0.097169,0.281254,0.353606,0.202144,0.065828,0.267972,
,,Nebraska,,31,2020,,,,,,,,,8360,,26.440789,27.000000,0.102392,0.274402,0.350120,0.203708,0.069378,0.273086,
,,Nebraska,,31,2021,,,,,,,,,8388,,26.585241,27.000000,0.096447,0.271340,0.352170,0.204816,0.075227,0.280043,
,,Nebraska,,31,2022,,,,,,,,,8412,,26.627675,27.000000,0.094983,0.269615,0.348906,0.212197,0.074299,0.286495,
,,Nebraska,,31,2023,,,,,,,,,8502,,26.730828,27.000000,0.091978,0.267349,0.346860,0.214655,0.079158,0.293813,
,,Nebraska,,31,2024,,,,,,,,,8835,,26.661743,27.000000,0.097001,0.268251,0.350311,0.200226,0.084211,0.284437,
,,Nevada,,32,2007,,,,,,,,,15250,,24.730656,22.000000,0.225836,0.320066,0.242361,0.138951,0.072787,0.211738,
,,Nevada,,32,2008,,,,,,,,,14579,,24.725701,22.000000,0.230811,0.315385,0.243570,0.134440,0.075794,0.210234,
,,Nevada,,32,2009,,,,,,,,,14004,,24.936982,22.000000,0.218366,0.310626,0.248215,0.146458,0.076335,0.222793,
,,Nevada,,32,2010,,,,,,,,,13872,,25.293793,22.000000,0.199971,0.300750,0.261318,0.157079,0.080882,0.237961,
,,Nevada,,32,2011,,,,,,,,,13603,,25.537492,27.000000,0.182386,0.301551,0.262589,0.170477,0.082996,0.253473,
,,Nevada,,32,2012,,,,,,,,,13014,,25.510373,27.000000,0.178346,0.312894,0.258260,0.168203,0.082296,0.250499,
,,Nevada,,32,2013,,,,,,,,,13050,,25.819847,27.000000,0.162682,0.310192,0.259080,0.180153,0.087893,0.268046,
,,Nevada,,32,2014,,,,,,,,,13277,,25.928523,27.000000,0.153574,0.308654,0.264442,0.185283,0.088047,0.273330,
,,Nevada,,32,2015,,,,,,,,,13390,,26.001942,27.000000,0.146527,0.310306,0.268036,0.185661,0.089470,0.275131,
,,Nevada,,32,2016,,,,,,,,,13330,,26.305026,27.000000,0.130308,0.302401,0.275619,0.197599,0.094074,0.291673,
,,Nevada,,32,2017,,,,,,,,,13250,,26.434415,27.000000,0.121887,0.303245,0.277811,0.198642,0.098415,0.297057,
,,Nevada,,32,2018,,,,,,,,,12984,,26.492837,27.000000,0.115296,0.310844,0.277495,0.192776,0.103589,0.296365,
,,Nevada,,32,2019,,,,,,,,,12807,,26.650191,27.000000,0.109237,0.293199,0.292652,0.204419,0.100492,0.304911,
,,Nevada,,32,2020,,,,,,,,,12592,,26.886793,27.000000,0.103478,0.284228,0.287881,0.217519,0.106893,0.324412,
,,Nevada,,32,2021,,,,,,,,,12398,,27.180876,27.000000,0.092757,0.272060,0.296419,0.222536,0.116228,0.338764,
,,Nevada,,32,2022,,,,,,,,,12475,,27.250741,27.000000,0.090100,0.272144,0.292425,0.226373,0.118958,0.345331,
,,Nevada,,32,2023,,,,,,,,,11993,,27.387726,27.000000,0.090053,0.265405,0.285000,0.233553,0.125990,0.359543,
,,Nevada,,32,2024,,,,,,,,,12084,,27.600132,27.000000,0.081347,0.257779,0.287984,0.242221,0.130669,0.372890,
,,New Hampshire,,33,2007,,,,,,,,,6165,,26.659448,27.000000,0.130900,0.260665,0.300730,0.204055,0.103650,0.307705,
,,New Hampshire,,33,2008,,,,,,,,,5886,,26.489297,27.000000,0.133537,0.275909,0.286782,0.208631,0.095141,0.303772,
,,New Hampshire,,33,2009,,,,,,,,,5773,,26.662394,27.000000,0.116750,0.269704,0.306253,0.213927,0.093366,0.307293,
,,New Hampshire,,33,2010,,,,,,,,,5670,,26.784039,27.000000,0.113228,0.267901,0.296473,0.230688,0.091711,0.322399,
,,New Hampshire,,33,2011,,,,,,,,,5719,,26.905665,27.000000,0.099143,0.260360,0.325407,0.226263,0.088827,0.315090,
,,New Hampshire,,33,2012,,,,,,,,,5358,,27.032008,27.000000,0.101904,0.253266,0.312057,0.234416,0.098358,0.332773,
,,New Hampshire,,33,2013,,,,,,,,,5301,,27.284286,27.000000,0.093945,0.242973,0.312017,0.249953,0.101113,0.351066,
,,New Hampshire,,33,2014,,,,,,,,,5322,,27.417324,27.000000,0.078730,0.244457,0.316422,0.265502,0.094889,0.360391,
,,New Hampshire,,33,2015,,,,,,,,,5261,,27.667364,27.000000,0.077742,0.218970,0.324463,0.278844,0.099981,0.378825,
,,New Hampshire,,33,2016,,,,,,,,,5238,,27.809374,27.000000,0.067392,0.222986,0.319206,0.285032,0.105384,0.390416,
,,New Hampshire,,33,2017,,,,,,,,,5119,,27.997363,27.000000,0.060949,0.205900,0.339910,0.285603,0.107638,0.393241,
,,New Hampshire,,33,2018,,,,,,,,,5074,,28.284095,27.000000,0.056563,0.196098,0.323808,0.307647,0.115885,0.423532,
,,New Hampshire,,33,2019,,,,,,,,,4858,,28.306093,27.000000,0.049403,0.192878,0.337999,0.314121,0.105599,0.419720,
,,New Hampshire,,33,2020,,,,,,,,,4973,,28.561834,27.000000,0.049869,0.188820,0.315504,0.317313,0.128494,0.445807,
,,New Hampshire,,33,2021,,,,,,,,,5317,,29.017679,27.000000,0.038932,0.156667,0.327628,0.341358,0.135415,0.476773,
,,New Hampshire,,33,2022,,,,,,,,,5125,,29.279805,32.000000,0.031415,0.152000,0.316098,0.355902,0.144585,0.500488,
,,New Hampshire,,33,2023,,,,,,,,,5088,,29.349450,32.000000,0.031643,0.147799,0.311124,0.363994,0.145440,0.509434,
,,New Hampshire,,33,2024,,,,,,,,,4959,,29.517443,32.000000,0.033474,0.143376,0.303489,0.359145,0.160516,0.519661,
,,New Jersey,,34,2007,,,,,,,,,47367,,27.280068,27.000000,0.129563,0.223172,0.275466,0.246268,0.125530,0.371799,
,,New Jersey,,34,2008,,,,,,,,,46391,,27.349701,27.000000,0.125714,0.222090,0.278222,0.247376,0.126598,0.373973,
,,New Jersey,,34,2009,,,,,,,,,45106,,27.418126,27.000000,0.119629,0.222764,0.279763,0.252627,0.125216,0.377843,
,,New Jersey,,34,2010,,,,,,,,,43601,,27.526811,27.000000,0.112796,0.223642,0.278824,0.257334,0.127405,0.384739,
,,New Jersey,,34,2011,,,,,,,,,42927,,27.614101,27.000000,0.105714,0.221283,0.284134,0.263960,0.124910,0.388869,
,,New Jersey,,34,2012,,,,,,,,,42153,,27.808258,27.000000,0.095960,0.219605,0.283017,0.271487,0.129931,0.401419,
,,New Jersey,,34,2013,,,,,,,,,41048,,28.066337,27.000000,0.086435,0.211947,0.279989,0.286737,0.134891,0.421628,
,,New Jersey,,34,2014,,,,,,,,,41466,,28.273742,27.000000,0.075845,0.206917,0.281001,0.300270,0.135967,0.436237,
,,New Jersey,,34,2015,,,,,,,,,41726,,28.494608,27.000000,0.068423,0.199780,0.281791,0.306236,0.143771,0.450007,
,,New Jersey,,34,2016,,,,,,,,,41198,,28.624606,27.000000,0.063377,0.195568,0.283412,0.310331,0.147313,0.457644,
,,New Jersey,,34,2017,,,,,,,,,40897,,28.804631,27.000000,0.059687,0.187936,0.281023,0.319265,0.152089,0.471355,
,,New Jersey,,34,2018,,,,,,,,,40465,,28.875312,27.000000,0.062152,0.185741,0.270851,0.323292,0.157964,0.481255,
,,New Jersey,,34,2019,,,,,,,,,38877,,28.924441,27.000000,0.059753,0.181778,0.270597,0.332073,0.155799,0.487872,
,,New Jersey,,34,2020,,,,,,,,,38617,,29.078424,32.000000,0.055960,0.178704,0.262993,0.340886,0.161457,0.502344,
,,New Jersey,,34,2021,,,,,,,,,39615,,29.346371,32.000000,0.050410,0.173268,0.250890,0.350574,0.174858,0.525432,
,,New Jersey,,34,2022,,,,,,,,,40369,,29.443471,32.000000,0.049320,0.171146,0.246080,0.352201,0.181253,0.533454,
,,New Jersey,,34,2023,,,,,,,,,40432,,29.464657,32.000000,0.047363,0.171597,0.247922,0.350589,0.182529,0.533117,
,,New Jersey,,34,2024,,,,,,,,,40798,,29.560432,32.000000,0.045664,0.172214,0.243737,0.348571,0.189813,0.538384,
,,New Mexico,,35,2007,,,,,,,,,11585,,23.216659,22.000000,0.323090,0.346569,0.186103,0.091325,0.052913,0.144238,
,,New Mexico,,35,2008,,,,,,,,,11363,,23.305949,22.000000,0.313738,0.347971,0.190619,0.097069,0.050603,0.147672,
,,New Mexico,,35,2009,,,,,,,,,11032,,23.346356,22.000000,0.314268,0.341733,0.199420,0.094271,0.050308,0.144579,
,,New Mexico,,35,2010,,,,,,,,,10810,,23.739778,22.000000,0.288159,0.341906,0.203885,0.107123,0.058927,0.166050,
,,New Mexico,,35,2011,,,,,,,,,11045,,24.154685,22.000000,0.259122,0.332368,0.227433,0.121684,0.059393,0.181077,
,,New Mexico,,35,2012,,,,,,,,,10043,,24.011998,22.000000,0.262870,0.348302,0.209897,0.122374,0.056557,0.178931,
,,New Mexico,,35,2013,,,,,,,,,9817,,23.998421,22.000000,0.246817,0.363859,0.217378,0.123663,0.048284,0.171947,
,,New Mexico,,35,2014,,,,,,,,,9208,,24.273784,22.000000,0.226216,0.366855,0.222307,0.132168,0.052454,0.184622,
,,New Mexico,,35,2015,,,,,,,,,9143,,24.510390,22.000000,0.207481,0.368807,0.231762,0.135404,0.056546,0.191950,
,,New Mexico,,35,2016,,,,,,,,,8784,,24.783641,22.000000,0.196494,0.352573,0.248179,0.139344,0.063411,0.202755,
,,New Mexico,,35,2017,,,,,,,,,8284,,24.864136,22.000000,0.195799,0.350314,0.239860,0.148358,0.065669,0.214027,
,,New Mexico,,35,2018,,,,,,,,,8154,,25.166605,22.000000,0.180770,0.341305,0.254108,0.150846,0.072970,0.223817,
,,New Mexico,,35,2019,,,,,,,,,8159,,25.179250,22.000000,0.175634,0.342076,0.256527,0.155534,0.070229,0.225763,
,,New Mexico,,35,2020,,,,,,,,,8093,,25.355431,22.000000,0.158161,0.353268,0.258371,0.155567,0.074632,0.230199,
,,New Mexico,,35,2021,,,,,,,,,8049,,25.811157,27.000000,0.144614,0.336936,0.258417,0.167847,0.092185,0.260032,
,,New Mexico,,35,2022,,,,,,,,,8139,,25.708502,27.000000,0.145104,0.337511,0.264529,0.170906,0.081951,0.252857,
,,New Mexico,,35,2023,,,,,,,,,7872,,25.695312,27.000000,0.141641,0.345274,0.265498,0.162729,0.084858,0.247586,
,,New Mexico,,35,2024,,,,,,,,,8215,,25.778880,27.000000,0.138405,0.347413,0.257578,0.170298,0.086306,0.256604,
,,New York,,36,2007,,,,,,,,,108349,,26.854387,27.000000,0.138931,0.262882,0.257990,0.214206,0.125991,0.340197,
,,New York,,36,2008,,,,,,,,,108891,,26.949638,27.000000,0.136393,0.262721,0.254374,0.216143,0.130369,0.346512,
,,New York,,36,2009,,,,,,,,,107513,,27.092389,27.000000,0.129156,0.257699,0.258136,0.224196,0.130812,0.355008,
,,New York,,36,2010,,,,,,,,,105035,,27.139215,27.000000,0.124616,0.258885,0.257286,0.230285,0.128928,0.359214,
,,New York,,36,2011,,,,,,,,,102472,,27.271752,27.000000,0.116822,0.254430,0.263926,0.235723,0.129099,0.364822,
,,New York,,36,2012,,,,,,,,,102098,,27.445797,27.000000,0.106682,0.254657,0.261856,0.243874,0.132931,0.376805,
,,New York,,36,2013,,,,,,,,,99298,,27.672007,27.000000,0.096286,0.249552,0.263037,0.253681,0.137445,0.391126,
,,New York,,36,2014,,,,,,,,,99033,,27.908763,27.000000,0.085719,0.237264,0.271849,0.264962,0.140206,0.405168,
,,New York,,36,2015,,,,,,,,,97619,,28.080164,27.000000,0.078837,0.234432,0.271177,0.268575,0.146980,0.415554,
,,New York,,36,2016,,,,,,,,,95266,,28.221480,27.000000,0.073164,0.227342,0.277276,0.271618,0.150599,0.422218,
,,New York,,36,2017,,,,,,,,,92077,,28.376913,27.000000,0.070430,0.222205,0.271740,0.279342,0.156282,0.435625,
,,New York,,36,2018,,,,,,,,,90858,,28.558536,27.000000,0.065641,0.215776,0.267274,0.291213,0.160096,0.451309,
,,New York,,36,2019,,,,,,,,,87659,,28.606110,27.000000,0.065321,0.215049,0.265061,0.290615,0.163954,0.454568,
,,New York,,36,2020,,,,,,,,,82355,,28.721031,27.000000,0.060773,0.213308,0.258879,0.300977,0.166062,0.467039,
,,New York,,36,2021,,,,,,,,,81930,,28.948969,27.000000,0.057744,0.204187,0.252777,0.309398,0.175894,0.485292,
,,New York,,36,2022,,,,,,,,,80969,,29.033803,27.000000,0.054935,0.207771,0.250046,0.302647,0.184602,0.487248,
,,New York,,36,2023,,,,,,,,,81233,,29.074459,27.000000,0.054990,0.204732,0.249357,0.304605,0.186316,0.490921,
,,New York,,36,2024,,,,,,,,,81564,,29.161364,27.000000,0.051493,0.204048,0.246530,0.308788,0.189140,0.497928,
,,North Carolina,,37,2007,,,,,,,,,53109,,24.699364,22.000000,0.231806,0.314768,0.239583,0.145173,0.068670,0.213843,
,,North Carolina,,37,2008,,,,,,,,,53506,,24.723461,22.000000,0.232161,0.311778,0.240795,0.147853,0.067413,0.215266,
,,North Carolina,,37,2009,,,,,,,,,52161,,24.832030,22.000000,0.220605,0.319185,0.241387,0.150496,0.068327,0.218822,
,,North Carolina,,37,2010,,,,,,,,,51120,,25.112578,22.000000,0.199433,0.318134,0.252563,0.157864,0.072007,0.229871,
,,North Carolina,,37,2011,,,,,,,,,50651,,25.313627,22.000000,0.184103,0.316262,0.261969,0.166690,0.070976,0.237666,
,,North Carolina,,37,2012,,,,,,,,,48844,,25.441784,27.000000,0.175354,0.317992,0.258865,0.175068,0.072721,0.247789,
,,North Carolina,,37,2013,,,,,,,,,48577,,25.683719,27.000000,0.158347,0.317434,0.266052,0.182350,0.075818,0.258167,
,,North Carolina,,37,2014,,,,,,,,,48714,,25.879306,27.000000,0.145584,0.314140,0.272817,0.188385,0.079074,0.267459,
,,North Carolina,,37,2015,,,,,,,,,48550,,26.058867,27.000000,0.134665,0.311020,0.276684,0.196334,0.081298,0.277631,
,,North Carolina,,37,2016,,,,,,,,,47641,,26.237107,27.000000,0.128797,0.298650,0.287693,0.199975,0.084885,0.284860,
,,North Carolina,,37,2017,,,,,,,,,47557,,26.306180,27.000000,0.123914,0.300923,0.287318,0.200181,0.087663,0.287844,
,,North Carolina,,37,2018,,,,,,,,,46949,,26.492162,27.000000,0.116105,0.295257,0.287887,0.209142,0.091610,0.300752,
,,North Carolina,,37,2019,,,,,,,,,45970,,26.467566,27.000000,0.115467,0.298695,0.285665,0.210442,0.089732,0.300174,
,,North Carolina,,37,2020,,,,,,,,,45383,,26.631018,27.000000,0.109645,0.293083,0.287707,0.215720,0.093846,0.309565,
,,North Carolina,,37,2021,,,,,,,,,47021,,26.877799,27.000000,0.099998,0.282852,0.288594,0.231790,0.096765,0.328555,
,,North Carolina,,37,2022,,,,,,,,,47508,,26.957091,27.000000,0.094679,0.281974,0.291530,0.234171,0.097647,0.331818,
,,North Carolina,,37,2023,,,,,,,,,47917,,27.048782,27.000000,0.094935,0.270656,0.298078,0.234656,0.101676,0.336332,
,,North Carolina,,37,2024,,,,,,,,,48415,,27.155923,27.000000,0.092141,0.268946,0.294847,0.237654,0.106413,0.344067,
,,North Dakota,,38,2007,,,,,,,,,3553,,24.739938,22.000000,0.163242,0.354348,0.327329,0.112862,0.042218,0.155080,
,,North Dakota,,38,2008,,,,,,,,,3623,,24.781121,22.000000,0.154292,0.355783,0.336738,0.114822,0.038366,0.153188,
,,North Dakota,,38,2009,,,,,,,,,3538,,24.866874,22.000000,0.156020,0.345676,0.337479,0.122951,0.037875,0.160825,
,,North Dakota,,38,2010,,,,,,,,,3624,,25.047737,27.000000,0.151766,0.327539,0.350993,0.129691,0.040011,0.169702,
,,North Dakota,,38,2011,,,,,,,,,3764,,25.154623,27.000000,0.144527,0.334485,0.338735,0.139745,0.042508,0.182253,
,,North Dakota,,38,2012,,,,,,,,,3973,,25.421218,27.000000,0.124591,0.327964,0.351623,0.155802,0.040020,0.195822,
,,North Dakota,,38,2013,,,,,,,,,4194,,25.600620,27.000000,0.114211,0.329280,0.349309,0.162852,0.044349,0.207201,
,,North Dakota,,38,2014,,,,,,,,,4412,,25.750453,27.000000,0.108341,0.321850,0.356301,0.165458,0.048051,0.213509,
,,North Dakota,,38,2015,,,,,,,,,4256,,25.830592,27.000000,0.103853,0.318139,0.356203,0.177632,0.044173,0.221805,
,,North Dakota,,38,2016,,,,,,,,,4032,,26.068824,27.000000,0.097222,0.300347,0.378720,0.166667,0.057044,0.223710,
,,North Dakota,,38,2017,,,,,,,,,3684,,26.230999,27.000000,0.083605,0.293160,0.391422,0.179967,0.051846,0.231813,
,,North Dakota,,38,2018,,,,,,,,,3739,,26.346082,27.000000,0.082910,0.288847,0.385665,0.181064,0.061514,0.242578,
,,North Dakota,,38,2019,,,,,,,,,3514,,26.437251,27.000000,0.083950,0.284861,0.378201,0.189812,0.063176,0.252988,
,,North Dakota,,38,2020,,,,,,,,,3487,,26.501864,27.000000,0.078004,0.291081,0.361342,0.209923,0.059650,0.269573,
,,North Dakota,,38,2021,,,,,,,,,3458,,26.563910,27.000000,0.077501,0.276460,0.388375,0.193464,0.064199,0.257663,
,,North Dakota,,38,2022,,,,,,,,,3242,,26.645743,27.000000,0.078964,0.285009,0.361814,0.201110,0.073103,0.274213,
,,North Dakota,,38,2023,,,,,,,,,3396,,26.681832,27.000000,0.077444,0.268257,0.381037,0.209364,0.063899,0.273263,
,,North Dakota,,38,2024,,,,,,,,,3489,,26.493551,27.000000,0.080825,0.290628,0.363141,0.203497,0.061909,0.265406,
,,Ohio,,39,2007,,,,,,,,,59702,,24.708887,22.000000,0.224817,0.311866,0.261063,0.139794,0.062460,0.202255,
,,Ohio,,39,2008,,,,,,,,,58614,,24.661574,22.000000,0.226516,0.311257,0.263316,0.140188,0.058723,0.198912,
,,Ohio,,39,2009,,,,,,,,,57314,,24.716474,22.000000,0.221098,0.310779,0.268050,0.143019,0.057054,0.200073,
,,Ohio,,39,2010,,,,,,,,,54863,,24.926426,22.000000,0.207572,0.310464,0.270091,0.152216,0.059658,0.211873,
,,Ohio,,39,2011,,,,,,,,,54209,,25.126861,22.000000,0.188050,0.316184,0.275582,0.160453,0.059732,0.220185,
,,Ohio,,39,2012,,,,,,,,,54372,,25.258037,27.000000,0.176598,0.318050,0.278323,0.167163,0.059865,0.227029,
,,Ohio,,39,2013,,,,,,,,,54012,,25.458315,27.000000,0.161575,0.320688,0.281456,0.172888,0.063393,0.236281,
,,Ohio,,39,2014,,,,,,,,,53031,,25.680979,27.000000,0.150403,0.310875,0.288001,0.186608,0.064113,0.250721,
,,Ohio,,39,2015,,,,,,,,,52197,,25.792057,27.000000,0.142211,0.311072,0.291358,0.188114,0.067245,0.255360,
,,Ohio,,39,2016,,,,,,,,,51319,,25.933329,27.000000,0.135466,0.304546,0.298564,0.192365,0.069058,0.261424,
,,Ohio,,39,2017,,,,,,,,,50674,,26.085034,27.000000,0.130718,0.298851,0.297411,0.200774,0.072246,0.273020,
,,Ohio,,39,2018,,,,,,,,,49415,,26.248538,27.000000,0.120490,0.296003,0.303794,0.204068,0.075645,0.279713,
,,Ohio,,39,2019,,,,,,,,,48614,,26.275898,27.000000,0.119698,0.296725,0.301703,0.205640,0.076233,0.281874,
,,Ohio,,39,2020,,,,,,,,,47162,,26.409811,27.000000,0.115517,0.289428,0.301896,0.214834,0.078326,0.293160,
,,Ohio,,39,2021,,,,,,,,,47434,,26.554845,27.000000,0.104693,0.289054,0.305330,0.220812,0.080111,0.300923,
,,Ohio,,39,2022,,,,,,,,,47239,,26.650469,27.000000,0.101674,0.286966,0.304346,0.222824,0.084189,0.307013,
,,Ohio,,39,2023,,,,,,,,,47106,,26.746253,27.000000,0.099817,0.280983,0.308411,0.222095,0.088694,0.310788,
,,Ohio,,39,2024,,,,,,,,,46590,,26.833988,27.000000,0.098369,0.275939,0.308135,0.226207,0.091350,0.317557,
,,Oklahoma,,40,2007,,,,,,,,,21400,,23.313411,22.000000,0.278598,0.375701,0.226542,0.081776,0.037383,0.119159,
,,Oklahoma,,40,2008,,,,,,,,,21779,,23.328895,22.000000,0.276413,0.371046,0.233114,0.086184,0.033243,0.119427,
,,Oklahoma,,40,2009,,,,,,,,,21979,,23.505892,22.000000,0.274307,0.356886,0.238728,0.093362,0.036717,0.130079,
,,Oklahoma,,40,2010,,,,,,,,,21159,,23.833381,22.000000,0.250012,0.356633,0.247838,0.106810,0.038707,0.145517,
,,Oklahoma,,40,2011,,,,,,,,,20525,,24.020901,22.000000,0.236492,0.354641,0.256857,0.110987,0.041023,0.152010,
,,Oklahoma,,40,2012,,,,,,,,,20117,,24.018467,22.000000,0.234081,0.357111,0.254511,0.116170,0.038127,0.154297,
,,Oklahoma,,40,2013,,,,,,,,,20453,,24.292378,22.000000,0.212976,0.361805,0.252824,0.131570,0.040825,0.172395,
,,Oklahoma,,40,2014,,,,,,,,,19975,,24.591489,22.000000,0.195795,0.350438,0.270438,0.139274,0.044055,0.183329,
,,Oklahoma,,40,2015,,,,,,,,,19184,,24.672826,22.000000,0.188230,0.353315,0.273822,0.138188,0.046445,0.184633,
,,Oklahoma,,40,2016,,,,,,,,,18772,,24.755567,22.000000,0.187886,0.351321,0.264969,0.147667,0.048157,0.195824,
,,Oklahoma,,40,2017,,,,,,,,,17817,,24.823792,22.000000,0.177471,0.354100,0.275636,0.145198,0.047595,0.192793,
,,Oklahoma,,40,2018,,,,,,,,,17643,,24.989089,22.000000,0.166185,0.354135,0.278637,0.151108,0.049935,0.201043,
,,Oklahoma,,40,2019,,,,,,,,,17277,,24.917578,22.000000,0.169127,0.367020,0.265555,0.142386,0.055912,0.198298,
,,Oklahoma,,40,2020,,,,,,,,,17127,,25.023939,22.000000,0.159806,0.361651,0.277690,0.148245,0.052607,0.200852,
,,Oklahoma,,40,2021,,,,,,,,,17335,,25.130401,22.000000,0.155408,0.359677,0.280127,0.147678,0.057110,0.204788,
,,Oklahoma,,40,2022,,,,,,,,,17574,,25.398572,27.000000,0.136338,0.356720,0.288267,0.158530,0.060146,0.218675,
,,Oklahoma,,40,2023,,,,,,,,,17518,,25.344731,27.000000,0.138429,0.356947,0.289360,0.157838,0.057427,0.215264,
,,Oklahoma,,40,2024,,,,,,,,,17595,,25.405371,27.000000,0.134925,0.357829,0.293663,0.148735,0.064848,0.213583,
,,Oregon,,41,2007,,,,,,,,,20095,,25.481513,27.000000,0.180841,0.312615,0.254889,0.170092,0.081563,0.251655,
,,Oregon,,41,2008,,,,,,,,,20181,,25.414400,27.000000,0.187949,0.307021,0.253704,0.172241,0.079084,0.251326,
,,Oregon,,41,2009,,,,,,,,,19190,,25.681266,27.000000,0.178999,0.292392,0.265138,0.179364,0.084106,0.263471,
,,Oregon,,41,2010,,,,,,,,,18491,,26.036585,27.000000,0.161051,0.286842,0.267319,0.193121,0.091666,0.284787,
,,Oregon,,41,2011,,,,,,,,,17961,,26.186348,27.000000,0.147486,0.285285,0.278604,0.197372,0.091253,0.288625,
,,Oregon,,41,2012,,,,,,,,,18110,,26.445086,27.000000,0.136168,0.284649,0.270514,0.209166,0.099503,0.308669,
,,Oregon,,41,2013,,,,,,,,,18146,,26.768461,27.000000,0.124766,0.271906,0.272732,0.225008,0.105588,0.330596,
,,Oregon,,41,2014,,,,,,,,,17854,,26.850958,27.000000,0.115996,0.273944,0.274112,0.231153,0.104794,0.335947,
,,Oregon,,41,2015,,,,,,,,,17973,,27.092889,27.000000,0.110443,0.263395,0.274801,0.237801,0.113559,0.351360,
,,Oregon,,41,2016,,,,,,,,,17721,,27.366006,27.000000,0.098132,0.253992,0.283618,0.243553,0.120704,0.364257,
,,Oregon,,41,2017,,,,,,,,,16848,,27.539945,27.000000,0.093898,0.248457,0.284663,0.243056,0.129926,0.372982,
,,Oregon,,41,2018,,,,,,,,,16447,,27.646410,27.000000,0.084879,0.250319,0.279443,0.257737,0.127622,0.385359,
,,Oregon,,41,2019,,,,,,,,,16144,,27.768335,27.000000,0.076251,0.248513,0.285741,0.260035,0.129460,0.389495,
,,Oregon,,41,2020,,,,,,,,,15770,,28.096164,27.000000,0.067914,0.237476,0.281674,0.269943,0.142993,0.412936,
,,Oregon,,41,2021,,,,,,,,,16228,,28.269226,27.000000,0.062300,0.235704,0.276313,0.275573,0.150111,0.425684,
,,Oregon,,41,2022,,,,,,,,,15897,,28.197993,27.000000,0.069384,0.235327,0.274454,0.268604,0.152230,0.420834,
,,Oregon,,41,2023,,,,,,,,,15629,,28.307633,27.000000,0.067055,0.228166,0.281144,0.264124,0.159511,0.423636,
,,Oregon,,41,2024,,,,,,,,,15488,,28.380811,27.000000,0.064502,0.226111,0.279507,0.267949,0.161932,0.429881,
,,Pennsylvania,,42,2007,,,,,,,,,60236,,25.587298,27.000000,0.187944,0.281061,0.274703,0.173501,0.082791,0.256292,
,,Pennsylvania,,42,2008,,,,,,,,,60524,,25.524841,27.000000,0.188719,0.283987,0.276337,0.172328,0.078630,0.250958,
,,Pennsylvania,,42,2009,,,,,,,,,60241,,25.707492,27.000000,0.178350,0.278432,0.280772,0.185156,0.077290,0.262446,
,,Pennsylvania,,42,2010,,,,,,,,,58845,,25.789557,27.000000,0.171128,0.278936,0.282301,0.191690,0.075945,0.267635,
,,Pennsylvania,,42,2011,,,,,,,,,58533,,26.000863,27.000000,0.155724,0.280782,0.285019,0.199580,0.078896,0.278475,
,,Pennsylvania,,42,2012,,,,,,,,,58270,,26.159413,27.000000,0.146164,0.278754,0.287112,0.208272,0.079698,0.287970,
,,Pennsylvania,,42,2013,,,,,,,,,56357,,26.427365,27.000000,0.128981,0.274926,0.293823,0.220186,0.082084,0.302269,
,,Pennsylvania,,42,2014,,,,,,,,,56172,,26.664949,27.000000,0.117585,0.267304,0.297355,0.232358,0.085398,0.317756,
,,Pennsylvania,,42,2015,,,,,,,,,54535,,26.791281,27.000000,0.112570,0.262932,0.299569,0.235537,0.089392,0.324929,
,,Pennsylvania,,42,2016,,,,,,,,,53358,,27.030933,27.000000,0.101053,0.254189,0.304884,0.247910,0.091964,0.339874,
,,Pennsylvania,,42,2017,,,,,,,,,52481,,27.167003,27.000000,0.096016,0.251805,0.303596,0.251043,0.097540,0.348583,
,,Pennsylvania,,42,2018,,,,,,,,,51472,,27.310528,27.000000,0.092847,0.243025,0.302417,0.262687,0.099025,0.361711,
,,Pennsylvania,,42,2019,,,,,,,,,51091,,27.405541,27.000000,0.089272,0.242058,0.301051,0.263510,0.104108,0.367619,
,,Pennsylvania,,42,2020,,,,,,,,,49787,,27.577992,27.000000,0.085504,0.238215,0.292084,0.273324,0.110872,0.384197,
,,Pennsylvania,,42,2021,,,,,,,,,49891,,27.783568,27.000000,0.081618,0.226093,0.294241,0.282075,0.115973,0.398048,
,,Pennsylvania,,42,2022,,,,,,,,,49496,,27.939813,27.000000,0.076168,0.223715,0.292286,0.285114,0.122717,0.407831,
,,Pennsylvania,,42,2023,,,,,,,,,48637,,27.961891,27.000000,0.073278,0.226350,0.291650,0.284495,0.124226,0.408722,
,,Pennsylvania,,42,2024,,,,,,,,,48670,,28.105958,27.000000,0.072920,0.222088,0.283193,0.289316,0.132484,0.421800,
,,Rhode Island,,44,2007,,,,,,,,,5120,,25.974512,27.000000,0.190820,0.261328,0.253711,0.189258,0.104883,0.294141,
,,Rhode Island,,44,2008,,,,,,,,,4966,,26.035844,27.000000,0.185864,0.252114,0.262183,0.203182,0.096657,0.299839,
,,Rhode Island,,44,2009,,,,,,,,,4621,,26.030621,27.000000,0.180048,0.265960,0.258386,0.195629,0.099978,0.295607,
,,Rhode Island,,44,2010,,,,,,,,,4741,,26.430922,27.000000,0.151445,0.261548,0.271040,0.217465,0.098502,0.315967,
,,Rhode Island,,44,2011,,,,,,,,,4605,,26.621390,27.000000,0.151140,0.246906,0.271444,0.228882,0.101629,0.330510,
,,Rhode Island,,44,2012,,,,,,,,,4694,,26.618556,27.000000,0.133788,0.273115,0.263741,0.231146,0.098210,0.329357,
,,Rhode Island,,44,2013,,,,,,,,,4425,,27.127684,27.000000,0.119774,0.243616,0.275706,0.255367,0.105537,0.360904,
,,Rhode Island,,44,2014,,,,,,,,,4416,,27.122849,27.000000,0.113225,0.245697,0.282382,0.255661,0.103034,0.358696,
,,Rhode Island,,44,2015,,,,,,,,,4515,,27.466334,27.000000,0.101218,0.234109,0.277076,0.274197,0.113400,0.387597,
,,Rhode Island,,44,2016,,,,,,,,,4209,,27.506771,27.000000,0.095510,0.233785,0.289142,0.270135,0.111428,0.381563,
,,Rhode Island,,44,2017,,,,,,,,,4235,,27.740024,27.000000,0.080519,0.233530,0.293979,0.271547,0.120425,0.391972,
,,Rhode Island,,44,2018,,,,,,,,,4083,,27.986407,27.000000,0.083272,0.215528,0.287044,0.283615,0.130541,0.414156,
,,Rhode Island,,44,2019,,,,,,,,,4002,,27.970515,27.000000,0.076462,0.216392,0.302349,0.276612,0.128186,0.404798,
,,Rhode Island,,44,2020,,,,,,,,,4112,,28.304718,27.000000,0.069309,0.207198,0.281615,0.308852,0.133025,0.441877,
,,Rhode Island,,44,2021,,,,,,,,,4298,,28.601675,27.000000,0.059563,0.203118,0.271754,0.321778,0.143788,0.465565,
,,Rhode Island,,44,2022,,,,,,,,,4294,,28.892175,27.000000,0.062878,0.182115,0.268747,0.325803,0.160456,0.486260,
,,Rhode Island,,44,2023,,,,,,,,,4034,,28.749008,27.000000,0.059990,0.196083,0.264750,0.323004,0.156173,0.479177,
,,Rhode Island,,44,2024,,,,,,,,,4161,,29.125451,32.000000,0.057919,0.175919,0.257871,0.338861,0.169430,0.508291,
,,South Carolina,,45,2007,,,,,,,,,25398,,24.071167,22.000000,0.261556,0.333255,0.229309,0.119655,0.056225,0.175880,
,,South Carolina,,45,2008,,,,,,,,,25666,,24.075820,22.000000,0.263773,0.324710,0.237824,0.120198,0.053495,0.173693,
,,South Carolina,,45,2009,,,,,,,,,24963,,24.284261,22.000000,0.249609,0.323479,0.245443,0.125065,0.056403,0.181469,
,,South Carolina,,45,2010,,,,,,,,,23906,,24.423053,22.000000,0.236970,0.328077,0.244959,0.134234,0.055760,0.189994,
,,South Carolina,,45,2011,,,,,,,,,23459,,24.714289,22.000000,0.211049,0.333774,0.252057,0.145573,0.057547,0.203120,
,,South Carolina,,45,2012,,,,,,,,,23042,,24.846650,22.000000,0.199809,0.338339,0.250716,0.152504,0.058632,0.211136,
,,South Carolina,,45,2013,,,,,,,,,22641,,25.168544,22.000000,0.175434,0.339075,0.260280,0.162714,0.062497,0.225211,
,,South Carolina,,45,2014,,,,,,,,,22707,,25.409653,27.000000,0.161668,0.330911,0.271502,0.170652,0.065266,0.235918,
,,South Carolina,,45,2015,,,,,,,,,22460,,25.561821,27.000000,0.154408,0.327605,0.273687,0.175334,0.068967,0.244301,
,,South Carolina,,45,2016,,,,,,,,,21792,,25.802290,27.000000,0.145099,0.312775,0.286711,0.181167,0.074247,0.255415,
,,South Carolina,,45,2017,,,,,,,,,21322,,25.856791,27.000000,0.136479,0.318544,0.288575,0.183097,0.073305,0.256402,
,,South Carolina,,45,2018,,,,,,,,,21623,,25.927207,27.000000,0.139296,0.308375,0.292883,0.182306,0.077140,0.259446,
,,South Carolina,,45,2019,,,,,,,,,21454,,25.955673,27.000000,0.137643,0.309313,0.290156,0.186073,0.076816,0.262888,
,,South Carolina,,45,2020,,,,,,,,,21079,,26.127805,27.000000,0.126334,0.308127,0.291475,0.195265,0.078799,0.274064,
,,South Carolina,,45,2021,,,,,,,,,22228,,26.445092,27.000000,0.115395,0.298227,0.290759,0.206901,0.088717,0.295618,
,,South Carolina,,45,2022,,,,,,,,,22768,,26.560502,27.000000,0.109276,0.291637,0.297962,0.211437,0.089687,0.301124,
,,South Carolina,,45,2023,,,,,,,,,22847,,26.630892,27.000000,0.112225,0.279730,0.302315,0.214733,0.090997,0.305729,
,,South Carolina,,45,2024,,,,,,,,,23326,,26.621174,27.000000,0.113950,0.281060,0.299023,0.212938,0.093029,0.305968,
,,South Dakota,,46,2007,,,,,,,,,4476,,24.196269,22.000000,0.210456,0.348079,0.303172,0.102324,0.035970,0.138293,
,,South Dakota,,46,2008,,,,,,,,,4440,,24.231419,22.000000,0.208108,0.351351,0.294144,0.109234,0.037162,0.146396,
,,South Dakota,,46,2009,,,,,,,,,4326,,24.267568,22.000000,0.211049,0.347896,0.288951,0.117429,0.034674,0.152104,
,,South Dakota,,46,2010,,,,,,,,,4344,,24.563191,22.000000,0.186004,0.342311,0.314227,0.117864,0.039595,0.157459,
,,South Dakota,,46,2011,,,,,,,,,4296,,24.724977,22.000000,0.191806,0.312616,0.324721,0.134544,0.036313,0.170857,
,,South Dakota,,46,2012,,,,,,,,,4353,,24.760395,22.000000,0.176660,0.326212,0.327360,0.136458,0.033310,0.169768,
,,South Dakota,,46,2013,,,,,,,,,4260,,25.022418,27.000000,0.157746,0.329108,0.332864,0.139437,0.040845,0.180282,
,,South Dakota,,46,2014,,,,,,,,,4232,,25.278001,27.000000,0.146503,0.314036,0.343336,0.154537,0.041588,0.196125,
,,South Dakota,,46,2015,,,,,,,,,4042,,25.305789,27.000000,0.145473,0.316922,0.342405,0.152400,0.042801,0.195200,
,,South Dakota,,46,2016,,,,,,,,,4063,,25.433670,27.000000,0.140044,0.309870,0.350234,0.148905,0.050948,0.199852,
,,South Dakota,,46,2017,,,,,,,,,3908,,25.723260,27.000000,0.125896,0.311924,0.334954,0.174770,0.052456,0.227226,
,,South Dakota,,46,2018,,,,,,,,,3830,,25.811227,27.000000,0.126110,0.293734,0.349608,0.175718,0.054830,0.230548,
,,South Dakota,,46,2019,,,,,,,,,3676,,25.758977,27.000000,0.121600,0.311208,0.341404,0.169478,0.056311,0.225789,
,,South Dakota,,46,2020,,,,,,,,,3585,,25.825662,27.000000,0.125523,0.288982,0.360391,0.172385,0.052720,0.225105,
,,South Dakota,,46,2021,,,,,,,,,3700,,25.978784,27.000000,0.112432,0.298378,0.347568,0.186216,0.055405,0.241622,
,,South Dakota,,46,2022,,,,,,,,,3768,,26.101778,27.000000,0.111996,0.288747,0.355361,0.180998,0.062898,0.243896,
,,South Dakota,,46,2023,,,,,,,,,4014,,26.296836,27.000000,0.105879,0.281764,0.360737,0.178874,0.072745,0.251619,
,,South Dakota,,46,2024,,,,,,,,,4068,,26.577802,27.000000,0.097099,0.274828,0.346362,0.206244,0.075467,0.281711,
,,Tennessee,,47,2007,,,,,,,,,35966,,24.067314,22.000000,0.255019,0.337207,0.237697,0.117834,0.052244,0.170077,
,,Tennessee,,47,2008,,,,,,,,,35052,,24.072849,22.000000,0.255677,0.335245,0.238332,0.119851,0.050896,0.170746,
,,Tennessee,,47,2009,,,,,,,,,33533,,24.110518,22.000000,0.252885,0.338055,0.237199,0.119554,0.052307,0.171861,
,,Tennessee,,47,2010,,,,,,,,,32513,,24.364685,22.000000,0.233476,0.335835,0.248916,0.129394,0.052379,0.181773,
,,Tennessee,,47,2011,,,,,,,,,32473,,24.556678,22.000000,0.216642,0.338497,0.253872,0.138977,0.052012,0.190989,
,,Tennessee,,47,2012,,,,,,,,,32583,,24.676258,22.000000,0.203173,0.346254,0.255317,0.141393,0.053862,0.195255,
,,Tennessee,,47,2013,,,,,,,,,31851,,24.881118,22.000000,0.186242,0.347587,0.262472,0.147750,0.055948,0.203698,
,,Tennessee,,47,2014,,,,,,,,,32220,,25.067862,22.000000,0.178119,0.342520,0.265456,0.153818,0.060087,0.213904,
,,Tennessee,,47,2015,,,,,,,,,31256,,25.225717,22.000000,0.167488,0.339039,0.272716,0.158434,0.062324,0.220758,
,,Tennessee,,47,2016,,,,,,,,,29045,,25.461990,27.000000,0.157549,0.328318,0.277638,0.171871,0.064624,0.236495,
,,Tennessee,,47,2017,,,,,,,,,30448,,25.563600,27.000000,0.150552,0.324980,0.287408,0.170586,0.066474,0.237060,
,,Tennessee,,47,2018,,,,,,,,,30324,,25.671729,27.000000,0.146023,0.323044,0.287396,0.172075,0.071462,0.243536,
,,Tennessee,,47,2019,,,,,,,,,30246,,25.807148,27.000000,0.136150,0.326721,0.285294,0.178536,0.073299,0.251835,
,,Tennessee,,47,2020,,,,,,,,,29783,,25.835090,27.000000,0.138401,0.317933,0.288185,0.183393,0.072088,0.255481,
,,Tennessee,,47,2021,,,,,,,,,31510,,26.148762,27.000000,0.125135,0.310441,0.289495,0.194256,0.080673,0.274929,
,,Tennessee,,47,2022,,,,,,,,,32273,,26.278762,27.000000,0.120472,0.300158,0.296347,0.202026,0.080996,0.283023,
,,Tennessee,,47,2023,,,,,,,,,32848,,26.306670,27.000000,0.118942,0.300566,0.299075,0.196268,0.085150,0.281417,
,,Tennessee,,47,2024,,,,,,,,,33353,,26.363551,27.000000,0.115162,0.301112,0.297754,0.200462,0.085510,0.285971,
,,Texas,,48,2007,,,,,,,,,155886,,24.088231,22.000000,0.271666,0.316308,0.226698,0.126708,0.058620,0.185328,
,,Texas,,48,2008,,,,,,,,,157770,,24.134243,22.000000,0.271313,0.311136,0.230386,0.128041,0.059124,0.187165,
,,Texas,,48,2009,,,,,,,,,156656,,24.242567,22.000000,0.266265,0.308064,0.233678,0.131020,0.060974,0.191994,
,,Texas,,48,2010,,,,,,,,,149825,,24.462269,22.000000,0.253536,0.304876,0.238258,0.139529,0.063801,0.203331,
,,Texas,,48,2011,,,,,,,,,145467,,24.712921,22.000000,0.235538,0.302302,0.248049,0.149312,0.064798,0.214110,
,,Texas,,48,2012,,,,,,,,,147171,,24.913427,22.000000,0.221803,0.303959,0.249023,0.157572,0.067642,0.225214,
,,Texas,,48,2013,,,,,,,,,146175,,25.074705,22.000000,0.206793,0.309246,0.252287,0.162784,0.068890,0.231674,
,,Texas,,48,2014,,,,,,,,,151023,,25.386100,27.000000,0.187415,0.305887,0.258285,0.175973,0.072439,0.248412,
,,Texas,,48,2015,,,,,,,,,152275,,25.614004,27.000000,0.174868,0.302197,0.263694,0.180378,0.078864,0.259242,
,,Texas,,48,2016,,,,,,,,,148866,,25.837307,27.000000,0.164033,0.297032,0.265675,0.190285,0.082974,0.273259,
,,Texas,,48,2017,,,,,,,,,139029,,25.885179,27.000000,0.159147,0.297118,0.270303,0.190881,0.082551,0.273432,
,,Texas,,48,2018,,,,,,,,,137797,,26.050117,27.000000,0.150185,0.294252,0.274237,0.194692,0.086635,0.281327,
,,Texas,,48,2019,,,,,,,,,137982,,26.115406,27.000000,0.145222,0.297561,0.271659,0.196388,0.089171,0.285559,
,,Texas,,48,2020,,,,,,,,,138104,,26.248791,27.000000,0.137577,0.296972,0.272555,0.200740,0.092155,0.292895,
,,Texas,,48,2021,,,,,,,,,140379,,26.469062,27.000000,0.126365,0.290407,0.278019,0.209561,0.095648,0.305209,
,,Texas,,48,2022,,,,,,,,,147561,,26.504815,27.000000,0.123339,0.291235,0.280067,0.207568,0.097790,0.305358,
,,Texas,,48,2023,,,,,,,,,149863,,26.598817,27.000000,0.118922,0.286375,0.285688,0.210472,0.098543,0.309016,
,,Texas,,48,2024,,,,,,,,,152803,,26.722548,27.000000,0.113021,0.284654,0.285001,0.215833,0.101490,0.317324,
,,Utah,,49,2007,,,,,,,,,18487,,24.037594,22.000000,0.168443,0.432682,0.279926,0.086710,0.032239,0.118948,
,,Utah,,49,2008,,,,,,,,,18479,,24.095947,22.000000,0.167596,0.421127,0.292711,0.087288,0.031279,0.118567,
,,Utah,,49,2009,,,,,,,,,17550,,24.364387,22.000000,0.155783,0.412877,0.293048,0.104501,0.033789,0.138291,
,,Utah,,49,2010,,,,,,,,,16867,,24.586145,22.000000,0.149878,0.399182,0.300468,0.111282,0.039189,0.150471,
,,Utah,,49,2011,,,,,,,,,16494,,24.865406,22.000000,0.129562,0.396205,0.312962,0.119255,0.042015,0.161271,
,,Utah,,49,2012,,,,,,,,,16575,,24.928808,22.000000,0.127964,0.392278,0.313363,0.124404,0.041991,0.166395,
,,Utah,,49,2013,,,,,,,,,16482,,25.100109,22.000000,0.116430,0.394127,0.313918,0.129535,0.045990,0.175525,
,,Utah,,49,2014,,,,,,,,,16370,,25.223244,22.000000,0.112951,0.388454,0.316249,0.132376,0.049969,0.182346,
,,Utah,,49,2015,,,,,,,,,15900,,25.416195,27.000000,0.108994,0.372453,0.328491,0.133459,0.056604,0.190063,
,,Utah,,49,2016,,,,,,,,,16035,,25.530808,27.000000,0.098909,0.377923,0.327409,0.135641,0.060118,0.195759,
,,Utah,,49,2017,,,,,,,,,15973,,25.580448,27.000000,0.097477,0.378263,0.322043,0.142428,0.059788,0.202216,
,,Utah,,49,2018,,,,,,,,,15852,,25.711235,27.000000,0.086551,0.379132,0.330179,0.140361,0.063777,0.204138,
,,Utah,,49,2019,,,,,,,,,15581,,25.775720,27.000000,0.081702,0.370965,0.343559,0.143187,0.060587,0.203774,
,,Utah,,49,2020,,,,,,,,,15457,,25.970984,27.000000,0.076535,0.357702,0.350521,0.149641,0.065601,0.215242,
,,Utah,,49,2021,,,,,,,,,16023,,26.161112,27.000000,0.070773,0.347875,0.353804,0.160082,0.067466,0.227548,
,,Utah,,49,2022,,,,,,,,,16112,,26.302880,27.000000,0.065914,0.339561,0.358925,0.164784,0.070817,0.235601,
,,Utah,,49,2023,,,,,,,,,16281,,26.458049,27.000000,0.064861,0.323506,0.365948,0.172655,0.073030,0.245685,
,,Utah,,49,2024,,,,,,,,,16900,,26.520385,27.000000,0.060828,0.327515,0.361893,0.171183,0.078580,0.249763,
,,Vermont,,50,2007,,,,,,,,,2877,,26.253389,27.000000,0.150504,0.293014,0.261383,0.191171,0.103928,0.295099,
,,Vermont,,50,2008,,,,,,,,,2837,,26.369404,27.000000,0.142404,0.286923,0.270004,0.199507,0.101163,0.300670,
,,Vermont,,50,2009,,,,,,,,,2828,,26.571252,27.000000,0.120226,0.287836,0.293140,0.200495,0.098303,0.298798,
,,Vermont,,50,2010,,,,,,,,,2773,,26.735846,27.000000,0.128020,0.268301,0.269383,0.236928,0.097367,0.334295,
,,Vermont,,50,2011,,,,,,,,,2751,,26.759360,27.000000,0.120683,0.279535,0.267903,0.231916,0.099964,0.331879,
,,Vermont,,50,2012,,,,,,,,,2786,,26.722900,27.000000,0.113783,0.287509,0.274587,0.225054,0.099067,0.324121,
,,Vermont,,50,2013,,,,,,,,,2660,,27.243233,27.000000,0.104511,0.256015,0.273684,0.255639,0.110150,0.365789,
,,Vermont,,50,2014,,,,,,,,,2668,,27.253373,27.000000,0.095202,0.262369,0.279235,0.260870,0.102324,0.363193,
,,Vermont,,50,2015,,,,,,,,,2536,,27.724961,27.000000,0.086356,0.232256,0.284306,0.276814,0.120268,0.397082,
,,Vermont,,50,2016,,,,,,,,,2392,,27.783236,27.000000,0.081104,0.235368,0.293060,0.259197,0.131271,0.390468,
,,Vermont,,50,2017,,,,,,,,,2420,,28.266322,27.000000,0.075620,0.199174,0.297934,0.286777,0.140496,0.427273,
,,Vermont,,50,2018,,,,,,,,,2211,,28.284487,27.000000,0.070104,0.208051,0.289009,0.294889,0.137947,0.432836,
,,Vermont,,50,2019,,,,,,,,,2149,,28.492322,27.000000,0.059563,0.204281,0.285714,0.312704,0.137738,0.450442,
,,Vermont,,50,2020,,,,,,,,,2108,,28.812619,27.000000,0.061195,0.197818,0.265655,0.305977,0.169355,0.475332,
,,Vermont,,50,2021,,,,,,,,,2199,,29.023647,27.000000,0.052296,0.173715,0.279218,0.334243,0.160528,0.494770,
,,Vermont,,50,2022,,,,,,,,,2174,,29.311638,32.000000,0.042318,0.182153,0.257130,0.339006,0.179393,0.518399,
,,Vermont,,50,2023,,,,,,,,,2136,,29.267790,32.000000,0.049625,0.166667,0.272472,0.339419,0.171816,0.511236,
,,Vermont,,50,2024,,,,,,,,,2140,,29.192523,27.000000,0.050467,0.180374,0.271963,0.311215,0.185981,0.497196,
,,Virginia,,51,2007,,,,,,,,,46592,,25.957589,27.000000,0.165093,0.291724,0.263393,0.184452,0.095338,0.279791,
,,Virginia,,51,2008,,,,,,,,,45007,,26.003822,27.000000,0.162353,0.291399,0.266070,0.185860,0.094319,0.280179,
,,Virginia,,51,2009,,,,,,,,,44891,,26.129001,27.000000,0.154708,0.286472,0.272259,0.192377,0.094184,0.286561,
,,Virginia,,51,2010,,,,,,,,,43297,,26.307539,27.000000,0.143936,0.282491,0.278495,0.200314,0.094764,0.295078,
,,Virginia,,51,2011,,,,,,,,,43655,,26.576463,27.000000,0.128004,0.277563,0.284000,0.212164,0.098271,0.310434,
,,Virginia,,51,2012,,,,,,,,,43597,,26.750614,27.000000,0.118816,0.272565,0.285845,0.223731,0.099044,0.322775,
,,Virginia,,51,2013,,,,,,,,,42634,,26.956666,27.000000,0.107074,0.270019,0.287752,0.234531,0.100624,0.335155,
,,Virginia,,51,2014,,,,,,,,,42645,,27.161930,27.000000,0.097878,0.264392,0.289717,0.241388,0.106624,0.348013,
,,Virginia,,51,2015,,,,,,,,,41301,,27.223493,27.000000,0.094840,0.263044,0.291712,0.242076,0.108327,0.350403,
,,Virginia,,51,2016,,,,,,,,,40635,,27.426147,27.000000,0.087880,0.255273,0.292014,0.250252,0.114581,0.364833,
,,Virginia,,51,2017,,,,,,,,,39387,,27.449133,27.000000,0.087085,0.254576,0.291873,0.250362,0.116104,0.366466,
,,Virginia,,51,2018,,,,,,,,,38902,,27.597591,27.000000,0.085548,0.244666,0.293738,0.255283,0.120765,0.376048,
,,Virginia,,51,2019,,,,,,,,,38057,,27.680795,27.000000,0.081930,0.244291,0.291195,0.258507,0.124077,0.382584,
,,Virginia,,51,2020,,,,,,,,,37233,,27.760683,27.000000,0.080815,0.241882,0.286735,0.264040,0.126528,0.390568,
,,Virginia,,51,2021,,,,,,,,,37659,,27.969171,27.000000,0.073980,0.232454,0.287793,0.274463,0.131310,0.405773,
,,Virginia,,51,2022,,,,,,,,,37396,,28.022329,27.000000,0.072655,0.232244,0.289095,0.269280,0.136726,0.406006,
,,Virginia,,51,2023,,,,,,,,,36807,,28.047070,27.000000,0.073002,0.232510,0.283859,0.273997,0.136632,0.410628,
,,Virginia,,51,2024,,,,,,,,,37650,,28.173918,27.000000,0.070305,0.226720,0.287703,0.270704,0.144568,0.415272,
,,Washington,,53,2007,,,,,,,,,36809,,25.913133,27.000000,0.167839,0.295091,0.262409,0.176397,0.098264,0.274661,
,,Washington,,53,2008,,,,,,,,,37829,,25.900751,27.000000,0.163050,0.298871,0.268313,0.174998,0.094769,0.269767,
,,Washington,,53,2009,,,,,,,,,37347,,26.090141,27.000000,0.155059,0.290197,0.273837,0.185450,0.095456,0.280906,
,,Washington,,53,2010,,,,,,,,,36167,,26.464097,27.000000,0.139934,0.276357,0.278569,0.201593,0.103547,0.305140,
,,Washington,,53,2011,,,,,,,,,36081,,26.542405,27.000000,0.130401,0.277681,0.285303,0.206868,0.099748,0.306616,
,,Washington,,53,2012,,,,,,,,,35834,,26.697550,27.000000,0.121058,0.272618,0.287297,0.220489,0.098538,0.319027,
,,Washington,,53,2013,,,,,,,,,34850,,26.978594,27.000000,0.106399,0.270789,0.286485,0.230933,0.105395,0.336327,
,,Washington,,53,2014,,,,,,,,,35084,,27.102098,27.000000,0.099761,0.262940,0.292755,0.239568,0.104977,0.344545,
,,Washington,,53,2015,,,,,,,,,34801,,27.364616,27.000000,0.092928,0.252378,0.291428,0.250682,0.112583,0.363265,
,,Washington,,53,2016,,,,,,,,,35998,,27.603214,27.000000,0.085755,0.241180,0.293655,0.260653,0.118757,0.379410,
,,Washington,,53,2017,,,,,,,,,34611,,27.748967,27.000000,0.078270,0.241455,0.294386,0.260235,0.125654,0.385889,
,,Washington,,53,2018,,,,,,,,,33688,,27.964869,27.000000,0.071628,0.233496,0.292805,0.270541,0.131531,0.402072,
,,Washington,,53,2019,,,,,,,,,32531,,28.006517,27.000000,0.073253,0.230580,0.289416,0.271556,0.135194,0.406750,
,,Washington,,53,2020,,,,,,,,,32040,,28.183021,27.000000,0.066511,0.224501,0.287453,0.283801,0.137734,0.421536,
,,Washington,,53,2021,,,,,,,,,31702,,28.443899,27.000000,0.061163,0.213583,0.281591,0.296732,0.146931,0.443663,
,,Washington,,53,2022,,,,,,,,,31626,,28.528711,27.000000,0.057200,0.219756,0.275375,0.295327,0.152343,0.447670,
,,Washington,,53,2023,,,,,,,,,31580,,28.609500,27.000000,0.060291,0.208993,0.272958,0.303388,0.154370,0.457758,
,,Washington,,53,2024,,,,,,,,,32814,,28.641281,27.000000,0.057689,0.213324,0.268574,0.304047,0.156366,0.460413,
,,West Virginia,,54,2007,,,,,,,,,9171,,23.951314,22.000000,0.247956,0.360266,0.239123,0.104024,0.048632,0.152655,
,,West Virginia,,54,2008,,,,,,,,,9021,,23.796198,22.000000,0.257067,0.356834,0.241658,0.100321,0.044119,0.144441,
,,West Virginia,,54,2009,,,,,,,,,9056,,23.707873,22.000000,0.264134,0.355234,0.238074,0.103246,0.039311,0.142557,
,,West Virginia,,54,2010,,,,,,,,,8746,,23.938315,22.000000,0.250172,0.352275,0.241939,0.114109,0.041505,0.155614,
,,West Virginia,,54,2011,,,,,,,,,8719,,23.998796,22.000000,0.238101,0.363688,0.240968,0.116183,0.041060,0.157243,
,,West Virginia,,54,2012,,,,,,,,,8721,,24.096205,22.000000,0.232657,0.359362,0.243665,0.124412,0.039904,0.164316,
,,West Virginia,,54,2013,,,,,,,,,8639,,24.232839,22.000000,0.215071,0.372960,0.245283,0.122352,0.044334,0.166686,
,,West Virginia,,54,2014,,,,,,,,,8026,,24.450972,22.000000,0.203215,0.364939,0.253800,0.131199,0.046848,0.178046,
,,West Virginia,,54,2015,,,,,,,,,7700,,24.832338,22.000000,0.180000,0.358831,0.268831,0.136753,0.055584,0.192338,
,,West Virginia,,54,2016,,,,,,,,,7370,,24.825170,22.000000,0.179376,0.356038,0.272592,0.139484,0.052510,0.191995,
,,West Virginia,,54,2017,,,,,,,,,7061,,25.009064,22.000000,0.161167,0.366237,0.275032,0.142473,0.055091,0.197564,
,,West Virginia,,54,2018,,,,,,,,,6897,,25.017616,22.000000,0.160215,0.366101,0.277512,0.139191,0.056981,0.196172,
,,West Virginia,,54,2019,,,,,,,,,6762,,24.971088,22.000000,0.160012,0.374593,0.271074,0.137533,0.056788,0.194321,
,,West Virginia,,54,2020,,,,,,,,,6525,,25.131571,22.000000,0.148046,0.370268,0.276782,0.148659,0.056245,0.204904,
,,West Virginia,,54,2021,,,,,,,,,6588,,25.145568,22.000000,0.138434,0.381906,0.280206,0.143594,0.055859,0.199454,
,,West Virginia,,54,2022,,,,,,,,,6493,,25.369321,27.000000,0.133682,0.360388,0.293393,0.155552,0.056984,0.212537,
,,West Virginia,,54,2023,,,,,,,,,6549,,25.389525,27.000000,0.127500,0.365094,0.300046,0.149030,0.058330,0.207360,
,,West Virginia,,54,2024,,,,,,,,,6661,,25.653055,27.000000,0.120853,0.349647,0.301456,0.163189,0.064855,0.228044,
,,Wisconsin,,55,2007,,,,,,,,,28348,,25.261888,27.000000,0.183293,0.297305,0.299810,0.156413,0.063179,0.219592,
,,Wisconsin,,55,2008,,,,,,,,,28359,,25.332328,27.000000,0.176522,0.295074,0.306851,0.159702,0.061850,0.221552,
,,Wisconsin,,55,2009,,,,,,,,,27498,,25.394829,27.000000,0.174885,0.288385,0.313586,0.163939,0.059204,0.223144,
,,Wisconsin,,55,2010,,,,,,,,,26592,,25.647732,27.000000,0.159183,0.287229,0.313591,0.178136,0.061861,0.239997,
,,Wisconsin,,55,2011,,,,,,,,,26108,,25.842194,27.000000,0.143979,0.283055,0.324728,0.186878,0.061361,0.248238,
,,Wisconsin,,55,2012,,,,,,,,,25582,,26.033774,27.000000,0.138300,0.279024,0.318583,0.197248,0.066844,0.264092,
,,Wisconsin,,55,2013,,,,,,,,,25111,,26.208992,27.000000,0.126518,0.278006,0.319701,0.208076,0.067699,0.275776,
,,Wisconsin,,55,2014,,,,,,,,,24848,,26.420819,27.000000,0.115341,0.272215,0.323970,0.218046,0.070428,0.288474,
,,Wisconsin,,55,2015,,,,,,,,,24319,,26.586599,27.000000,0.106419,0.267281,0.327645,0.226325,0.072330,0.298655,
,,Wisconsin,,55,2016,,,,,,,,,23784,,26.808863,27.000000,0.100572,0.252565,0.336907,0.231248,0.078708,0.309956,
,,Wisconsin,,55,2017,,,,,,,,,22901,,26.850116,27.000000,0.094625,0.257543,0.337715,0.229946,0.080171,0.310117,
,,Wisconsin,,55,2018,,,,,,,,,22444,,27.088554,27.000000,0.090804,0.248396,0.327125,0.246881,0.086794,0.333675,
,,Wisconsin,,55,2019,,,,,,,,,22117,,27.081385,27.000000,0.088529,0.244020,0.339693,0.244563,0.083194,0.327757,
,,Wisconsin,,55,2020,,,,,,,,,21590,,27.226517,27.000000,0.084159,0.238768,0.338305,0.251181,0.087587,0.338768,
,,Wisconsin,,55,2021,,,,,,,,,21892,,27.407226,27.000000,0.074091,0.235428,0.339393,0.262927,0.088160,0.351087,
,,Wisconsin,,55,2022,,,,,,,,,21611,,27.522882,27.000000,0.074592,0.227569,0.336958,0.267086,0.093795,0.360881,
,,Wisconsin,,55,2023,,,,,,,,,22081,,27.471220,27.000000,0.074046,0.232960,0.339885,0.256827,0.096282,0.353109,
,,Wisconsin,,55,2024,,,,,,,,,22008,,27.538577,27.000000,0.073928,0.233779,0.330289,0.261178,0.100827,0.362005,
,,Wyoming,,56,2007,,,,,,,,,3166,,23.783165,22.000000,0.237524,0.388819,0.233733,0.101074,0.038850,0.139924,
,,Wyoming,,56,2008,,,,,,,,,3104,,23.787210,22.000000,0.238402,0.385954,0.240013,0.091495,0.044137,0.135631,
,,Wyoming,,56,2009,,,,,,,,,3057,,24.226366,22.000000,0.222113,0.362447,0.256788,0.107949,0.050703,0.158652,
,,Wyoming,,56,2010,,,,,,,,,3019,,24.418019,22.000000,0.202054,0.368996,0.263995,0.114939,0.050017,0.164955,
,,Wyoming,,56,2011,,,,,,,,,2815,,24.554707,22.000000,0.188632,0.362345,0.276732,0.130373,0.041918,0.172291,
,,Wyoming,,56,2012,,,,,,,,,2922,,24.770705,22.000000,0.186174,0.354209,0.276181,0.127995,0.055441,0.183436,
,,Wyoming,,56,2013,,,,,,,,,2891,,24.858181,22.000000,0.163265,0.369422,0.280872,0.138015,0.048426,0.186441,
,,Wyoming,,56,2014,,,,,,,,,2872,,24.998607,22.000000,0.161212,0.361769,0.282033,0.141365,0.053621,0.194986,
,,Wyoming,,56,2015,,,,,,,,,2802,,25.309243,22.000000,0.155246,0.348323,0.275517,0.159886,0.061028,0.220914,
,,Wyoming,,56,2016,,,,,,,,,2600,,25.385000,27.000000,0.153462,0.336923,0.289231,0.156538,0.063846,0.220385,
,,Wyoming,,56,2017,,,,,,,,,2490,,25.592369,27.000000,0.146586,0.319679,0.299598,0.172691,0.061446,0.234137,
,,Wyoming,,56,2018,,,,,,,,,2405,,25.864657,27.000000,0.134304,0.325572,0.289397,0.174220,0.076507,0.250728,
,,Wyoming,,56,2019,,,,,,,,,2383,,25.985942,27.000000,0.114981,0.349140,0.276123,0.174990,0.084767,0.259757,
,,Wyoming,,56,2020,,,,,,,,,2230,,25.654260,27.000000,0.128251,0.351570,0.290583,0.158744,0.070852,0.229596,
,,Wyoming,,56,2021,,,,,,,,,2258,,26.171833,27.000000,0.112932,0.324624,0.299823,0.178034,0.084588,0.262622,
,,Wyoming,,56,2022,,,,,,,,,2284,,26.095009,27.000000,0.114711,0.322242,0.300350,0.185639,0.077058,0.262697,
,,Wyoming,,56,2023,,,,,,,,,2218,,26.194319,27.000000,0.095582,0.332281,0.318756,0.174932,0.078449,0.253381,
,,Wyoming,,56,2024,,,,,,,,,2319,,26.150065,27.000000,0.108236,0.332471,0.295386,0.182837,0.081069,0.263907,
