Notes,State,State Code,Year,Year Code,Age of Mother 10,Age of Mother 10 Code,Births,pull_year
,Alabama,01,2007,2007,Under 15 years,15-,135,2007
,Alabama,01,2007,2007,15 - 17 years,15-17,2558,2007
,Alabama,01,2007,2007,18 - 19 years,18-19,4506,2007
,Alabama,01,2007,2007,20-24 years,20-24,9562,2007
,Alabama,01,2007,2007,25-29 years,25-29,6391,2007
,Alabama,01,2007,2007,30-34 years,30-34,2892,2007
,Alabama,01,2007,2007,35-39 years,35-39,1057,2007
,Alabama,01,2007,2007,40-44 years,40-44,181,2007
,Alabama,01,2007,2007,45-49 years,45-49,11,2007
,Alaska,02,2007,2007,15 - 17 years,15-17,249,2007
,Alaska,02,2007,2007,18 - 19 years,18-19,678,2007
,Alaska,02,2007,2007,20-24 years,20-24,1597,2007
,Alaska,02,2007,2007,25-29 years,25-29,1054,2007
,Alaska,02,2007,2007,30-34 years,30-34,504,2007
,Alaska,02,2007,2007,35-39 years,35-39,230,2007
,Alaska,02,2007,2007,40-44 years,40-44,44,2007
,Arizona,04,2007,2007,Under 15 years,15-,179,2007
,Arizona,04,2007,2007,15 - 17 years,15-17,3832,2007
,Arizona,04,2007,2007,18 - 19 years,18-19,6195,2007
,Arizona,04,2007,2007,20-24 years,20-24,12315,2007
,Arizona,04,2007,2007,25-29 years,25-29,8363,2007
,Arizona,04,2007,2007,30-34 years,30-34,4642,2007
,Arizona,04,2007,2007,35-39 years,35-39,1829,2007
,Arizona,04,2007,2007,40-44 years,40-44,360,2007
,Arizona,04,2007,2007,45-49 years,45-49,29,2007
,Arkansas,05,2007,2007,Under 15 years,15-,102,2007
,Arkansas,05,2007,2007,15 - 17 years,15-17,1611,2007
,Arkansas,05,2007,2007,18 - 19 years,18-19,3043,2007
,Arkansas,05,2007,2007,20-24 years,20-24,6233,2007
,Arkansas,05,2007,2007,25-29 years,25-29,3515,2007
,Arkansas,05,2007,2007,30-34 years,30-34,1344,2007
,Arkansas,05,2007,2007,35-39 years,35-39,439,2007
,Arkansas,05,2007,2007,40-44 years,40-44,78,2007
,California,06,2007,2007,Under 15 years,15-,651,2007
,California,06,2007,2007,15 - 17 years,15-17,16003,2007
,California,06,2007,2007,18 - 19 years,18-19,27755,2007
,California,06,2007,2007,20-24 years,20-24,63732,2007
,California,06,2007,2007,25-29 years,25-29,52030,2007
,California,06,2007,2007,30-34 years,30-34,39191,2007
,California,06,2007,2007,35-39 years,35-39,18390,2007
,California,06,2007,2007,40-44 years,40-44,4066,2007
,California,06,2007,2007,45-49 years,45-49,336,2007
,California,06,2007,2007,50 years and over,50+,26,2007
,Colorado,08,2007,2007,Under 15 years,15-,98,2007
,Colorado,08,2007,2007,15 - 17 years,15-17,2003,2007
,Colorado,08,2007,2007,18 - 19 years,18-19,3389,2007
,Colorado,08,2007,2007,20-24 years,20-24,8061,2007
,Colorado,08,2007,2007,25-29 years,25-29,7445,2007
,Colorado,08,2007,2007,30-34 years,30-34,5480,2007
,Colorado,08,2007,2007,35-39 years,35-39,2521,2007
,Colorado,08,2007,2007,40-44 years,40-44,442,2007
,Colorado,08,2007,2007,45-49 years,45-49,26,2007
,Connecticut,09,2007,2007,Under 15 years,15-,32,2007
,Connecticut,09,2007,2007,15 - 17 years,15-17,828,2007
,Connecticut,09,2007,2007,18 - 19 years,18-19,1585,2007
,Connecticut,09,2007,2007,20-24 years,20-24,3968,2007
,Connecticut,09,2007,2007,25-29 years,25-29,4719,2007
,Connecticut,09,2007,2007,30-34 years,30-34,4034,2007
,Connecticut,09,2007,2007,35-39 years,35-39,1904,2007
,Connecticut,09,2007,2007,40-44 years,40-44,414,2007
,Connecticut,09,2007,2007,45-49 years,45-49,33,2007
,Delaware,10,2007,2007,Under 15 years,15-,17,2007
,Delaware,10,2007,2007,15 - 17 years,15-17,351,2007
,Delaware,10,2007,2007,18 - 19 years,18-19,641,2007
,Delaware,10,2007,2007,20-24 years,20-24,1509,2007
,Delaware,10,2007,2007,25-29 years,25-29,1240,2007
,Delaware,10,2007,2007,30-34 years,30-34,826,2007
,Delaware,10,2007,2007,35-39 years,35-39,298,2007
,Delaware,10,2007,2007,40-44 years,40-44,71,2007
,District of Columbia,11,2007,2007,Under 15 years,15-,21,2007
,District of Columbia,11,2007,2007,15 - 17 years,15-17,362,2007
,District of Columbia,11,2007,2007,18 - 19 years,18-19,501,2007
,District of Columbia,11,2007,2007,20-24 years,20-24,877,2007
,District of Columbia,11,2007,2007,25-29 years,25-29,703,2007
,District of Columbia,11,2007,2007,30-34 years,30-34,920,2007
,District of Columbia,11,2007,2007,35-39 years,35-39,566,2007
,District of Columbia,11,2007,2007,40-44 years,40-44,112,2007
,Florida,12,2007,2007,Under 15 years,15-,371,2007
,Florida,12,2007,2007,15 - 17 years,15-17,7301,2007
,Florida,12,2007,2007,18 - 19 years,18-19,13408,2007
,Florida,12,2007,2007,20-24 years,20-24,31050,2007
,Florida,12,2007,2007,25-29 years,25-29,24344,2007
,Florida,12,2007,2007,30-34 years,30-34,15084,2007
,Florida,12,2007,2007,35-39 years,35-39,6699,2007
,Florida,12,2007,2007,40-44 years,40-44,1351,2007
,Florida,12,2007,2007,45-49 years,45-49,97,2007
,Georgia,13,2007,2007,Under 15 years,15-,270,2007
,Georgia,13,2007,2007,15 - 17 years,15-17,4943,2007
,Georgia,13,2007,2007,18 - 19 years,18-19,8789,2007
,Georgia,13,2007,2007,20-24 years,20-24,18087,2007
,Georgia,13,2007,2007,25-29 years,25-29,13578,2007
,Georgia,13,2007,2007,30-34 years,30-34,8213,2007
,Georgia,13,2007,2007,35-39 years,35-39,3379,2007
,Georgia,13,2007,2007,40-44 years,40-44,668,2007
,Georgia,13,2007,2007,45-49 years,45-49,44,2007
,Hawaii,15,2007,2007,Under 15 years,15-,18,2007
,Hawaii,15,2007,2007,15 - 17 years,15-17,423,2007
,Hawaii,15,2007,2007,18 - 19 years,18-19,890,2007
,Hawaii,15,2007,2007,20-24 years,20-24,2454,2007
,Hawaii,15,2007,2007,25-29 years,25-29,1867,2007
,Hawaii,15,2007,2007,30-34 years,30-34,1321,2007
,Hawaii,15,2007,2007,35-39 years,35-39,665,2007
,Hawaii,15,2007,2007,40-44 years,40-44,142,2007
,Hawaii,15,2007,2007,45-49 years,45-49,17,2007
,Idaho,16,2007,2007,Under 15 years,15-,17,2007
,Idaho,16,2007,2007,15 - 17 years,15-17,576,2007
,Idaho,16,2007,2007,18 - 19 years,18-19,1304,2007
,Idaho,16,2007,2007,20-24 years,20-24,3779,2007
,Idaho,16,2007,2007,25-29 years,25-29,2117,2007
,Idaho,16,2007,2007,30-34 years,30-34,842,2007
,Idaho,16,2007,2007,35-39 years,35-39,347,2007
,Idaho,16,2007,2007,40-44 years,40-44,59,2007
,Illinois,17,2007,2007,Under 15 years,15-,252,2007
,Illinois,17,2007,2007,15 - 17 years,15-17,5373,2007
,Illinois,17,2007,2007,18 - 19 years,18-19,9060,2007
,Illinois,17,2007,2007,20-24 years,20-24,19417,2007
,Illinois,17,2007,2007,25-29 years,25-29,19018,2007
,Illinois,17,2007,2007,30-34 years,30-34,12417,2007
,Illinois,17,2007,2007,35-39 years,35-39,4940,2007
,Illinois,17,2007,2007,40-44 years,40-44,935,2007
,Illinois,17,2007,2007,45-49 years,45-49,68,2007
,Indiana,18,2007,2007,Under 15 years,15-,109,2007
,Indiana,18,2007,2007,15 - 17 years,15-17,2739,2007
,Indiana,18,2007,2007,18 - 19 years,18-19,5440,2007
,Indiana,18,2007,2007,20-24 years,20-24,12137,2007
,Indiana,18,2007,2007,25-29 years,25-29,9315,2007
,Indiana,18,2007,2007,30-34 years,30-34,4264,2007
,Indiana,18,2007,2007,35-39 years,35-39,1446,2007
,Indiana,18,2007,2007,40-44 years,40-44,236,2007
,Indiana,18,2007,2007,45-49 years,45-49,12,2007
,Iowa,19,2007,2007,Under 15 years,15-,41,2007
,Iowa,19,2007,2007,15 - 17 years,15-17,905,2007
,Iowa,19,2007,2007,18 - 19 years,18-19,1990,2007
,Iowa,19,2007,2007,20-24 years,20-24,5232,2007
,Iowa,19,2007,2007,25-29 years,25-29,4801,2007
,Iowa,19,2007,2007,30-34 years,30-34,1881,2007
,Iowa,19,2007,2007,35-39 years,35-39,605,2007
,Iowa,19,2007,2007,40-44 years,40-44,106,2007
,Kansas,20,2007,2007,Under 15 years,15-,47,2007
,Kansas,20,2007,2007,15 - 17 years,15-17,1157,2007
,Kansas,20,2007,2007,18 - 19 years,18-19,2296,2007
,Kansas,20,2007,2007,20-24 years,20-24,5515,2007
,Kansas,20,2007,2007,25-29 years,25-29,4310,2007
,Kansas,20,2007,2007,30-34 years,30-34,1913,2007
,Kansas,20,2007,2007,35-39 years,35-39,634,2007
,Kansas,20,2007,2007,40-44 years,40-44,116,2007
,Kentucky,21,2007,2007,Under 15 years,15-,92,2007
,Kentucky,21,2007,2007,15 - 17 years,15-17,1970,2007
,Kentucky,21,2007,2007,18 - 19 years,18-19,4116,2007
,Kentucky,21,2007,2007,20-24 years,20-24,8492,2007
,Kentucky,21,2007,2007,25-29 years,25-29,6103,2007
,Kentucky,21,2007,2007,30-34 years,30-34,2566,2007
,Kentucky,21,2007,2007,35-39 years,35-39,959,2007
,Kentucky,21,2007,2007,40-44 years,40-44,175,2007
,Kentucky,21,2007,2007,45-49 years,45-49,13,2007
,Louisiana,22,2007,2007,Under 15 years,15-,165,2007
,Louisiana,22,2007,2007,15 - 17 years,15-17,2413,2007
,Louisiana,22,2007,2007,18 - 19 years,18-19,4608,2007
,Louisiana,22,2007,2007,20-24 years,20-24,9812,2007
,Louisiana,22,2007,2007,25-29 years,25-29,5896,2007
,Louisiana,22,2007,2007,30-34 years,30-34,2355,2007
,Louisiana,22,2007,2007,35-39 years,35-39,919,2007
,Louisiana,22,2007,2007,40-44 years,40-44,174,2007
,Maine,23,2007,2007,15 - 17 years,15-17,238,2007
,Maine,23,2007,2007,18 - 19 years,18-19,758,2007
,Maine,23,2007,2007,20-24 years,20-24,1996,2007
,Maine,23,2007,2007,25-29 years,25-29,1750,2007
,Maine,23,2007,2007,30-34 years,30-34,992,2007
,Maine,23,2007,2007,35-39 years,35-39,434,2007
,Maine,23,2007,2007,40-44 years,40-44,74,2007
,Maryland,24,2007,2007,Under 15 years,15-,90,2007
,Maryland,24,2007,2007,15 - 17 years,15-17,1988,2007
,Maryland,24,2007,2007,18 - 19 years,18-19,3693,2007
,Maryland,24,2007,2007,20-24 years,20-24,8634,2007
,Maryland,24,2007,2007,25-29 years,25-29,8435,2007
,Maryland,24,2007,2007,30-34 years,30-34,6496,2007
,Maryland,24,2007,2007,35-39 years,35-39,2846,2007
,Maryland,24,2007,2007,40-44 years,40-44,622,2007
,Maryland,24,2007,2007,45-49 years,45-49,57,2007
,Massachusetts,25,2007,2007,Under 15 years,15-,49,2007
,Massachusetts,25,2007,2007,15 - 17 years,15-17,1452,2007
,Massachusetts,25,2007,2007,18 - 19 years,18-19,2830,2007
,Massachusetts,25,2007,2007,20-24 years,20-24,7365,2007
,Massachusetts,25,2007,2007,25-29 years,25-29,9251,2007
,Massachusetts,25,2007,2007,30-34 years,30-34,9232,2007
,Massachusetts,25,2007,2007,35-39 years,35-39,3972,2007
,Massachusetts,25,2007,2007,40-44 years,40-44,870,2007
,Massachusetts,25,2007,2007,45-49 years,45-49,71,2007
,Michigan,26,2007,2007,Under 15 years,15-,182,2007
,Michigan,26,2007,2007,15 - 17 years,15-17,3540,2007
,Michigan,26,2007,2007,18 - 19 years,18-19,6611,2007
,Michigan,26,2007,2007,20-24 years,20-24,14800,2007
,Michigan,26,2007,2007,25-29 years,25-29,13367,2007
,Michigan,26,2007,2007,30-34 years,30-34,7447,2007
,Michigan,26,2007,2007,35-39 years,35-39,2726,2007
,Michigan,26,2007,2007,40-44 years,40-44,483,2007
,Michigan,26,2007,2007,45-49 years,45-49,39,2007
,Minnesota,27,2007,2007,Under 15 years,15-,64,2007
,Minnesota,27,2007,2007,15 - 17 years,15-17,1400,2007
,Minnesota,27,2007,2007,18 - 19 years,18-19,2921,2007
,Minnesota,27,2007,2007,20-24 years,20-24,8141,2007
,Minnesota,27,2007,2007,25-29 years,25-29,9426,2007
,Minnesota,27,2007,2007,30-34 years,30-34,5165,2007
,Minnesota,27,2007,2007,35-39 years,35-39,1826,2007
,Minnesota,27,2007,2007,40-44 years,40-44,328,2007
,Minnesota,27,2007,2007,45-49 years,45-49,22,2007
,Mississippi,28,2007,2007,Under 15 years,15-,153,2007
,Mississippi,28,2007,2007,15 - 17 years,15-17,2304,2007
,Mississippi,28,2007,2007,18 - 19 years,18-19,3702,2007
,Mississippi,28,2007,2007,20-24 years,20-24,6587,2007
,Mississippi,28,2007,2007,25-29 years,25-29,3723,2007
,Mississippi,28,2007,2007,30-34 years,30-34,1363,2007
,Mississippi,28,2007,2007,35-39 years,35-39,497,2007
,Mississippi,28,2007,2007,40-44 years,40-44,83,2007
,Missouri,29,2007,2007,Under 15 years,15-,103,2007
,Missouri,29,2007,2007,15 - 17 years,15-17,2408,2007
,Missouri,29,2007,2007,18 - 19 years,18-19,4962,2007
,Missouri,29,2007,2007,20-24 years,20-24,11033,2007
,Missouri,29,2007,2007,25-29 years,25-29,8476,2007
,Missouri,29,2007,2007,30-34 years,30-34,3866,2007
,Missouri,29,2007,2007,35-39 years,35-39,1355,2007
,Missouri,29,2007,2007,40-44 years,40-44,209,2007
,Missouri,29,2007,2007,45-49 years,45-49,15,2007
,Montana,30,2007,2007,15 - 17 years,15-17,324,2007
,Montana,30,2007,2007,18 - 19 years,18-19,679,2007
,Montana,30,2007,2007,20-24 years,20-24,1691,2007
,Montana,30,2007,2007,25-29 years,25-29,1293,2007
,Montana,30,2007,2007,30-34 years,30-34,701,2007
,Montana,30,2007,2007,35-39 years,35-39,234,2007
,Montana,30,2007,2007,40-44 years,40-44,42,2007
,Nebraska,31,2007,2007,Under 15 years,15-,23,2007
,Nebraska,31,2007,2007,15 - 17 years,15-17,617,2007
,Nebraska,31,2007,2007,18 - 19 years,18-19,1221,2007
,Nebraska,31,2007,2007,20-24 years,20-24,3314,2007
,Nebraska,31,2007,2007,25-29 years,25-29,2894,2007
,Nebraska,31,2007,2007,30-34 years,30-34,1332,2007
,Nebraska,31,2007,2007,35-39 years,35-39,389,2007
,Nebraska,31,2007,2007,40-44 years,40-44,77,2007
,Nevada,32,2007,2007,Under 15 years,15-,73,2007
,Nevada,32,2007,2007,15 - 17 years,15-17,1292,2007
,Nevada,32,2007,2007,18 - 19 years,18-19,2079,2007
,Nevada,32,2007,2007,20-24 years,20-24,4881,2007
,Nevada,32,2007,2007,25-29 years,25-29,3696,2007
,Nevada,32,2007,2007,30-34 years,30-34,2119,2007
,Nevada,32,2007,2007,35-39 years,35-39,923,2007
,Nevada,32,2007,2007,40-44 years,40-44,187,2007
,New Hampshire,33,2007,2007,15 - 17 years,15-17,202,2007
,New Hampshire,33,2007,2007,18 - 19 years,18-19,605,2007
,New Hampshire,33,2007,2007,20-24 years,20-24,1607,2007
,New Hampshire,33,2007,2007,25-29 years,25-29,1854,2007
,New Hampshire,33,2007,2007,30-34 years,30-34,1258,2007
,New Hampshire,33,2007,2007,35-39 years,35-39,528,2007
,New Hampshire,33,2007,2007,40-44 years,40-44,98,2007
,New Hampshire,33,2007,2007,45-49 years,45-49,13,2007
,New Jersey,34,2007,2007,Under 15 years,15-,115,2007
,New Jersey,34,2007,2007,15 - 17 years,15-17,2042,2007
,New Jersey,34,2007,2007,18 - 19 years,18-19,3980,2007
,New Jersey,34,2007,2007,20-24 years,20-24,10571,2007
,New Jersey,34,2007,2007,25-29 years,25-29,13048,2007
,New Jersey,34,2007,2007,30-34 years,30-34,11665,2007
,New Jersey,34,2007,2007,35-39 years,35-39,4846,2007
,New Jersey,34,2007,2007,40-44 years,40-44,982,2007
,New Jersey,34,2007,2007,45-49 years,45-49,107,2007
,New Jersey,34,2007,2007,50 years and over,50+,11,2007
,New Mexico,35,2007,2007,Under 15 years,15-,71,2007
,New Mexico,35,2007,2007,15 - 17 years,15-17,1418,2007
,New Mexico,35,2007,2007,18 - 19 years,18-19,2254,2007
,New Mexico,35,2007,2007,20-24 years,20-24,4015,2007
,New Mexico,35,2007,2007,25-29 years,25-29,2156,2007
,New Mexico,35,2007,2007,30-34 years,30-34,1058,2007
,New Mexico,35,2007,2007,35-39 years,35-39,512,2007
,New Mexico,35,2007,2007,40-44 years,40-44,101,2007
,New York,36,2007,2007,Under 15 years,15-,188,2007
,New York,36,2007,2007,15 - 17 years,15-17,4865,2007
,New York,36,2007,2007,18 - 19 years,18-19,10000,2007
,New York,36,2007,2007,20-24 years,20-24,28483,2007
,New York,36,2007,2007,25-29 years,25-29,27953,2007
,New York,36,2007,2007,30-34 years,30-34,23209,2007
,New York,36,2007,2007,35-39 years,35-39,10925,2007
,New York,36,2007,2007,40-44 years,40-44,2458,2007
,New York,36,2007,2007,45-49 years,45-49,244,2007
,New York,36,2007,2007,50 years and over,50+,24,2007
,North Carolina,37,2007,2007,Under 15 years,15-,233,2007
,North Carolina,37,2007,2007,15 - 17 years,15-17,4319,2007
,North Carolina,37,2007,2007,18 - 19 years,18-19,7759,2007
,North Carolina,37,2007,2007,20-24 years,20-24,16717,2007
,North Carolina,37,2007,2007,25-29 years,25-29,12724,2007
,North Carolina,37,2007,2007,30-34 years,30-34,7710,2007
,North Carolina,37,2007,2007,35-39 years,35-39,3109,2007
,North Carolina,37,2007,2007,40-44 years,40-44,502,2007
,North Carolina,37,2007,2007,45-49 years,45-49,36,2007
,North Dakota,38,2007,2007,15 - 17 years,15-17,176,2007
,North Dakota,38,2007,2007,18 - 19 years,18-19,404,2007
,North Dakota,38,2007,2007,20-24 years,20-24,1259,2007
,North Dakota,38,2007,2007,25-29 years,25-29,1163,2007
,North Dakota,38,2007,2007,30-34 years,30-34,401,2007
,North Dakota,38,2007,2007,35-39 years,35-39,124,2007
,North Dakota,38,2007,2007,40-44 years,40-44,26,2007
,Ohio,39,2007,2007,Under 15 years,15-,221,2007
,Ohio,39,2007,2007,15 - 17 years,15-17,4379,2007
,Ohio,39,2007,2007,18 - 19 years,18-19,8822,2007
,Ohio,39,2007,2007,20-24 years,20-24,18619,2007
,Ohio,39,2007,2007,25-29 years,25-29,15586,2007
,Ohio,39,2007,2007,30-34 years,30-34,8346,2007
,Ohio,39,2007,2007,35-39 years,35-39,3112,2007
,Ohio,39,2007,2007,40-44 years,40-44,570,2007
,Ohio,39,2007,2007,45-49 years,45-49,47,2007
,Oklahoma,40,2007,2007,Under 15 years,15-,93,2007
,Oklahoma,40,2007,2007,15 - 17 years,15-17,2043,2007
,Oklahoma,40,2007,2007,18 - 19 years,18-19,3826,2007
,Oklahoma,40,2007,2007,20-24 years,20-24,8040,2007
,Oklahoma,40,2007,2007,25-29 years,25-29,4848,2007
,Oklahoma,40,2007,2007,30-34 years,30-34,1750,2007
,Oklahoma,40,2007,2007,35-39 years,35-39,659,2007
,Oklahoma,40,2007,2007,40-44 years,40-44,130,2007
,Oklahoma,40,2007,2007,45-49 years,45-49,11,2007
,Oregon,41,2007,2007,Under 15 years,15-,50,2007
,Oregon,41,2007,2007,15 - 17 years,15-17,1140,2007
,Oregon,41,2007,2007,18 - 19 years,18-19,2444,2007
,Oregon,41,2007,2007,20-24 years,20-24,6282,2007
,Oregon,41,2007,2007,25-29 years,25-29,5122,2007
,Oregon,41,2007,2007,30-34 years,30-34,3418,2007
,Oregon,41,2007,2007,35-39 years,35-39,1385,2007
,Oregon,41,2007,2007,40-44 years,40-44,232,2007
,Oregon,41,2007,2007,45-49 years,45-49,22,2007
,Pennsylvania,42,2007,2007,Under 15 years,15-,186,2007
,Pennsylvania,42,2007,2007,15 - 17 years,15-17,3868,2007
,Pennsylvania,42,2007,2007,18 - 19 years,18-19,7267,2007
,Pennsylvania,42,2007,2007,20-24 years,20-24,16930,2007
,Pennsylvania,42,2007,2007,25-29 years,25-29,16547,2007
,Pennsylvania,42,2007,2007,30-34 years,30-34,10451,2007
,Pennsylvania,42,2007,2007,35-39 years,35-39,4196,2007
,Pennsylvania,42,2007,2007,40-44 years,40-44,749,2007
,Pennsylvania,42,2007,2007,45-49 years,45-49,42,2007
,Rhode Island,44,2007,2007,Under 15 years,15-,13,2007
,Rhode Island,44,2007,2007,15 - 17 years,15-17,345,2007
,Rhode Island,44,2007,2007,18 - 19 years,18-19,619,2007
,Rhode Island,44,2007,2007,20-24 years,20-24,1338,2007
,Rhode Island,44,2007,2007,25-29 years,25-29,1299,2007
,Rhode Island,44,2007,2007,30-34 years,30-34,969,2007
,Rhode Island,44,2007,2007,35-39 years,35-39,447,2007
,Rhode Island,44,2007,2007,40-44 years,40-44,90,2007
,South Carolina,45,2007,2007,Under 15 years,15-,123,2007
,South Carolina,45,2007,2007,15 - 17 years,15-17,2253,2007
,South Carolina,45,2007,2007,18 - 19 years,18-19,4267,2007
,South Carolina,45,2007,2007,20-24 years,20-24,8464,2007
,South Carolina,45,2007,2007,25-29 years,25-29,5824,2007
,South Carolina,45,2007,2007,30-34 years,30-34,3039,2007
,South Carolina,45,2007,2007,35-39 years,35-39,1206,2007
,South Carolina,45,2007,2007,40-44 years,40-44,222,2007
,South Dakota,46,2007,2007,15 - 17 years,15-17,301,2007
,South Dakota,46,2007,2007,18 - 19 years,18-19,641,2007
,South Dakota,46,2007,2007,20-24 years,20-24,1558,2007
,South Dakota,46,2007,2007,25-29 years,25-29,1357,2007
,South Dakota,46,2007,2007,30-34 years,30-34,458,2007
,South Dakota,46,2007,2007,35-39 years,35-39,141,2007
,South Dakota,46,2007,2007,40-44 years,40-44,20,2007
,Tennessee,47,2007,2007,Under 15 years,15-,160,2007
,Tennessee,47,2007,2007,15 - 17 years,15-17,3028,2007
,Tennessee,47,2007,2007,18 - 19 years,18-19,5984,2007
,Tennessee,47,2007,2007,20-24 years,20-24,12128,2007
,Tennessee,47,2007,2007,25-29 years,25-29,8549,2007
,Tennessee,47,2007,2007,30-34 years,30-34,4238,2007
,Tennessee,47,2007,2007,35-39 years,35-39,1602,2007
,Tennessee,47,2007,2007,40-44 years,40-44,267,2007
,Tennessee,47,2007,2007,45-49 years,45-49,10,2007
,Texas,48,2007,2007,Under 15 years,15-,870,2007
,Texas,48,2007,2007,15 - 17 years,15-17,16583,2007
,Texas,48,2007,2007,18 - 19 years,18-19,24896,2007
,Texas,48,2007,2007,20-24 years,20-24,49308,2007
,Texas,48,2007,2007,25-29 years,25-29,35339,2007
,Texas,48,2007,2007,30-34 years,30-34,19752,2007
,Texas,48,2007,2007,35-39 years,35-39,7660,2007
,Texas,48,2007,2007,40-44 years,40-44,1389,2007
,Texas,48,2007,2007,45-49 years,45-49,89,2007
,Utah,49,2007,2007,Under 15 years,15-,26,2007
,Utah,49,2007,2007,15 - 17 years,15-17,1026,2007
,Utah,49,2007,2007,18 - 19 years,18-19,2062,2007
,Utah,49,2007,2007,20-24 years,20-24,7999,2007
,Utah,49,2007,2007,25-29 years,25-29,5175,2007
,Utah,49,2007,2007,30-34 years,30-34,1603,2007
,Utah,49,2007,2007,35-39 years,35-39,515,2007
,Utah,49,2007,2007,40-44 years,40-44,81,2007
,Vermont,50,2007,2007,15 - 17 years,15-17,101,2007
,Vermont,50,2007,2007,18 - 19 years,18-19,332,2007
,Vermont,50,2007,2007,20-24 years,20-24,843,2007
,Vermont,50,2007,2007,25-29 years,25-29,752,2007
,Vermont,50,2007,2007,30-34 years,30-34,550,2007
,Vermont,50,2007,2007,35-39 years,35-39,247,2007
,Vermont,50,2007,2007,40-44 years,40-44,52,2007
,Virginia,51,2007,2007,Under 15 years,15-,118,2007
,Virginia,51,2007,2007,15 - 17 years,15-17,2378,2007
,Virginia,51,2007,2007,18 - 19 years,18-19,5196,2007
,Virginia,51,2007,2007,20-24 years,20-24,13592,2007
,Virginia,51,2007,2007,25-29 years,25-29,12272,2007
,Virginia,51,2007,2007,30-34 years,30-34,8594,2007
,Virginia,51,2007,2007,35-39 years,35-39,3722,2007
,Virginia,51,2007,2007,40-44 years,40-44,668,2007
,Virginia,51,2007,2007,45-49 years,45-49,52,2007
,Washington,53,2007,2007,Under 15 years,15-,88,2007
,Washington,53,2007,2007,15 - 17 years,15-17,2015,2007
,Washington,53,2007,2007,18 - 19 years,18-19,4075,2007
,Washington,53,2007,2007,20-24 years,20-24,10862,2007
,Washington,53,2007,2007,25-29 years,25-29,9659,2007
,Washington,53,2007,2007,30-34 years,30-34,6493,2007
,Washington,53,2007,2007,35-39 years,35-39,2950,2007
,Washington,53,2007,2007,40-44 years,40-44,611,2007
,Washington,53,2007,2007,45-49 years,45-49,56,2007
,West Virginia,54,2007,2007,Under 15 years,15-,29,2007
,West Virginia,54,2007,2007,15 - 17 years,15-17,672,2007
,West Virginia,54,2007,2007,18 - 19 years,18-19,1573,2007
,West Virginia,54,2007,2007,20-24 years,20-24,3304,2007
,West Virginia,54,2007,2007,25-29 years,25-29,2193,2007
,West Virginia,54,2007,2007,30-34 years,30-34,954,2007
,West Virginia,54,2007,2007,35-39 years,35-39,352,2007
,West Virginia,54,2007,2007,40-44 years,40-44,94,2007
,Wisconsin,55,2007,2007,Under 15 years,15-,78,2007
,Wisconsin,55,2007,2007,15 - 17 years,15-17,1712,2007
,Wisconsin,55,2007,2007,18 - 19 years,18-19,3406,2007
,Wisconsin,55,2007,2007,20-24 years,20-24,8428,2007
,Wisconsin,55,2007,2007,25-29 years,25-29,8499,2007
,Wisconsin,55,2007,2007,30-34 years,30-34,4434,2007
,Wisconsin,55,2007,2007,35-39 years,35-39,1488,2007
,Wisconsin,55,2007,2007,40-44 years,40-44,289,2007
,Wisconsin,55,2007,2007,45-49 years,45-49,14,2007
,Wyoming,56,2007,2007,15 - 17 years,15-17,225,2007
,Wyoming,56,2007,2007,18 - 19 years,18-19,527,2007
,Wyoming,56,2007,2007,20-24 years,20-24,1231,2007
,Wyoming,56,2007,2007,25-29 years,25-29,740,2007
,Wyoming,56,2007,2007,30-34 years,30-34,320,2007
,Wyoming,56,2007,2007,35-39 years,35-39,104,2007
,Wyoming,56,2007,2007,40-44 years,40-44,19,2007
---,,,,,,,,2007
"Dataset: Natality, 2007-2024",,,,,,,,2007
Query Parameters:,,,,,,,,2007
Live Birth Order: 1st child born alive to mother,,,,,,,,2007
Year: 2007,,,,,,,,2007
Group By: State; Year; Age of Mother 10,,,,,,,,2007
Show Totals: Disabled,,,,,,,,2007
Show Zero Values: False,,,,,,,,2007
Show Suppressed: False,,,,,,,,2007
"Calculate Rates Per: 1,000",,,,,,,,2007
Population Option: No populations shown because rates were not selected.,,,,,,,,2007
---,,,,,,,,2007
Help: See http://wonder.cdc.gov/wonder/help/natality.html for more information.,,,,,,,,2007
---,,,,,,,,2007
"Query Date: Mar 28, 2026 5:16:36 AM",,,,,,,,2007
---,,,,,,,,2007
"Suggested Citation: Centers for Disease Control and Prevention, National Center for Health Statistics. National Vital Statistics",,,,,,,,2007
"System, Natality on CDC WONDER Online Database. Data are from the Natality Records 2007-2024, as compiled from data provided by",,,,,,,,2007
the 57 vital statistics jurisdictions through the Vital Statistics Cooperative Program. Accessed at,,,,,,,,2007
"http://wonder.cdc.gov/natality-current.html on Mar 28, 2026 5:16:36 AM",,,,,,,,2007
---,,,,,,,,2007
Messages:,,,,,,,,2007
1. Totals are not available for these results due to suppression constraints. More Information:,,,,,,,,2007
http://wonder.cdc.gov/wonder/help/faq.html#Privacy.,,,,,,,,2007
2. Rows with zero Births are hidden. Use Quick Options above to show zero rows.,,,,,,,,2007
3. Rows with suppressed Births are hidden. Use Quick Options above to show suppressed rows.,,,,,,,,2007
---,,,,,,,,2007
Caveats:,,,,,,,,2007
1. 'Suppressed' appears when the data do not meet the criteria for confidentiality constraints. More information:,,,,,,,,2007
http://wonder.cdc.gov/wonder/help/natality.html#Assurance of Confidentiality.,,,,,,,,2007
2. Each birth record represents one liveborn infant.,,,,,,,,2007
,Alabama,01,2008,2008,Under 15 years,15-,155,2008
,Alabama,01,2008,2008,15 - 17 years,15-17,2338,2008
,Alabama,01,2008,2008,18 - 19 years,18-19,4579,2008
,Alabama,01,2008,2008,20-24 years,20-24,9516,2008
,Alabama,01,2008,2008,25-29 years,25-29,6382,2008
,Alabama,01,2008,2008,30-34 years,30-34,2760,2008
,Alabama,01,2008,2008,35-39 years,35-39,1017,2008
,Alabama,01,2008,2008,40-44 years,40-44,178,2008
,Alaska,02,2008,2008,15 - 17 years,15-17,254,2008
,Alaska,02,2008,2008,18 - 19 years,18-19,630,2008
,Alaska,02,2008,2008,20-24 years,20-24,1588,2008
,Alaska,02,2008,2008,25-29 years,25-29,1019,2008
,Alaska,02,2008,2008,30-34 years,30-34,561,2008
,Alaska,02,2008,2008,35-39 years,35-39,217,2008
,Alaska,02,2008,2008,40-44 years,40-44,37,2008
,Arizona,04,2008,2008,Under 15 years,15-,161,2008
,Arizona,04,2008,2008,15 - 17 years,15-17,3695,2008
,Arizona,04,2008,2008,18 - 19 years,18-19,5669,2008
,Arizona,04,2008,2008,20-24 years,20-24,11569,2008
,Arizona,04,2008,2008,25-29 years,25-29,8247,2008
,Arizona,04,2008,2008,30-34 years,30-34,4633,2008
,Arizona,04,2008,2008,35-39 years,35-39,1923,2008
,Arizona,04,2008,2008,40-44 years,40-44,345,2008
,Arizona,04,2008,2008,45-49 years,45-49,21,2008
,Arkansas,05,2008,2008,Under 15 years,15-,72,2008
,Arkansas,05,2008,2008,15 - 17 years,15-17,1608,2008
,Arkansas,05,2008,2008,18 - 19 years,18-19,3093,2008
,Arkansas,05,2008,2008,20-24 years,20-24,5960,2008
,Arkansas,05,2008,2008,25-29 years,25-29,3554,2008
,Arkansas,05,2008,2008,30-34 years,30-34,1425,2008
,Arkansas,05,2008,2008,35-39 years,35-39,450,2008
,Arkansas,05,2008,2008,40-44 years,40-44,82,2008
,California,06,2008,2008,Under 15 years,15-,617,2008
,California,06,2008,2008,15 - 17 years,15-17,15567,2008
,California,06,2008,2008,18 - 19 years,18-19,26925,2008
,California,06,2008,2008,20-24 years,20-24,61151,2008
,California,06,2008,2008,25-29 years,25-29,51431,2008
,California,06,2008,2008,30-34 years,30-34,38694,2008
,California,06,2008,2008,35-39 years,35-39,18176,2008
,California,06,2008,2008,40-44 years,40-44,4186,2008
,California,06,2008,2008,45-49 years,45-49,384,2008
,California,06,2008,2008,50 years and over,50+,38,2008
,Colorado,08,2008,2008,Under 15 years,15-,82,2008
,Colorado,08,2008,2008,15 - 17 years,15-17,1988,2008
,Colorado,08,2008,2008,18 - 19 years,18-19,3378,2008
,Colorado,08,2008,2008,20-24 years,20-24,7823,2008
,Colorado,08,2008,2008,25-29 years,25-29,7313,2008
,Colorado,08,2008,2008,30-34 years,30-34,5461,2008
,Colorado,08,2008,2008,35-39 years,35-39,2310,2008
,Colorado,08,2008,2008,40-44 years,40-44,428,2008
,Colorado,08,2008,2008,45-49 years,45-49,28,2008
,Connecticut,09,2008,2008,Under 15 years,15-,26,2008
,Connecticut,09,2008,2008,15 - 17 years,15-17,792,2008
,Connecticut,09,2008,2008,18 - 19 years,18-19,1558,2008
,Connecticut,09,2008,2008,20-24 years,20-24,3954,2008
,Connecticut,09,2008,2008,25-29 years,25-29,4714,2008
,Connecticut,09,2008,2008,30-34 years,30-34,4112,2008
,Connecticut,09,2008,2008,35-39 years,35-39,1808,2008
,Connecticut,09,2008,2008,40-44 years,40-44,405,2008
,Connecticut,09,2008,2008,45-49 years,45-49,25,2008
,Delaware,10,2008,2008,Under 15 years,15-,23,2008
,Delaware,10,2008,2008,15 - 17 years,15-17,333,2008
,Delaware,10,2008,2008,18 - 19 years,18-19,669,2008
,Delaware,10,2008,2008,20-24 years,20-24,1504,2008
,Delaware,10,2008,2008,25-29 years,25-29,1284,2008
,Delaware,10,2008,2008,30-34 years,30-34,779,2008
,Delaware,10,2008,2008,35-39 years,35-39,300,2008
,Delaware,10,2008,2008,40-44 years,40-44,63,2008
,District of Columbia,11,2008,2008,Under 15 years,15-,31,2008
,District of Columbia,11,2008,2008,15 - 17 years,15-17,358,2008
,District of Columbia,11,2008,2008,18 - 19 years,18-19,520,2008
,District of Columbia,11,2008,2008,20-24 years,20-24,854,2008
,District of Columbia,11,2008,2008,25-29 years,25-29,759,2008
,District of Columbia,11,2008,2008,30-34 years,30-34,1018,2008
,District of Columbia,11,2008,2008,35-39 years,35-39,550,2008
,District of Columbia,11,2008,2008,40-44 years,40-44,109,2008
,District of Columbia,11,2008,2008,45-49 years,45-49,19,2008
,Florida,12,2008,2008,Under 15 years,15-,349,2008
,Florida,12,2008,2008,15 - 17 years,15-17,6512,2008
,Florida,12,2008,2008,18 - 19 years,18-19,12851,2008
,Florida,12,2008,2008,20-24 years,20-24,29963,2008
,Florida,12,2008,2008,25-29 years,25-29,24034,2008
,Florida,12,2008,2008,30-34 years,30-34,15094,2008
,Florida,12,2008,2008,35-39 years,35-39,6580,2008
,Florida,12,2008,2008,40-44 years,40-44,1377,2008
,Florida,12,2008,2008,45-49 years,45-49,106,2008
,Georgia,13,2008,2008,Under 15 years,15-,226,2008
,Georgia,13,2008,2008,15 - 17 years,15-17,4531,2008
,Georgia,13,2008,2008,18 - 19 years,18-19,8048,2008
,Georgia,13,2008,2008,20-24 years,20-24,16830,2008
,Georgia,13,2008,2008,25-29 years,25-29,12824,2008
,Georgia,13,2008,2008,30-34 years,30-34,7857,2008
,Georgia,13,2008,2008,35-39 years,35-39,3278,2008
,Georgia,13,2008,2008,40-44 years,40-44,633,2008
,Georgia,13,2008,2008,45-49 years,45-49,60,2008
,Hawaii,15,2008,2008,Under 15 years,15-,15,2008
,Hawaii,15,2008,2008,15 - 17 years,15-17,396,2008
,Hawaii,15,2008,2008,18 - 19 years,18-19,953,2008
,Hawaii,15,2008,2008,20-24 years,20-24,2421,2008
,Hawaii,15,2008,2008,25-29 years,25-29,1833,2008
,Hawaii,15,2008,2008,30-34 years,30-34,1437,2008
,Hawaii,15,2008,2008,35-39 years,35-39,706,2008
,Hawaii,15,2008,2008,40-44 years,40-44,152,2008
,Hawaii,15,2008,2008,45-49 years,45-49,12,2008
,Idaho,16,2008,2008,Under 15 years,15-,18,2008
,Idaho,16,2008,2008,15 - 17 years,15-17,587,2008
,Idaho,16,2008,2008,18 - 19 years,18-19,1262,2008
,Idaho,16,2008,2008,20-24 years,20-24,3669,2008
,Idaho,16,2008,2008,25-29 years,25-29,2219,2008
,Idaho,16,2008,2008,30-34 years,30-34,917,2008
,Idaho,16,2008,2008,35-39 years,35-39,349,2008
,Idaho,16,2008,2008,40-44 years,40-44,53,2008
,Illinois,17,2008,2008,Under 15 years,15-,247,2008
,Illinois,17,2008,2008,15 - 17 years,15-17,5112,2008
,Illinois,17,2008,2008,18 - 19 years,18-19,8971,2008
,Illinois,17,2008,2008,20-24 years,20-24,18770,2008
,Illinois,17,2008,2008,25-29 years,25-29,18651,2008
,Illinois,17,2008,2008,30-34 years,30-34,12920,2008
,Illinois,17,2008,2008,35-39 years,35-39,4686,2008
,Illinois,17,2008,2008,40-44 years,40-44,989,2008
,Illinois,17,2008,2008,45-49 years,45-49,93,2008
,Indiana,18,2008,2008,Under 15 years,15-,113,2008
,Indiana,18,2008,2008,15 - 17 years,15-17,2532,2008
,Indiana,18,2008,2008,18 - 19 years,18-19,5328,2008
,Indiana,18,2008,2008,20-24 years,20-24,11857,2008
,Indiana,18,2008,2008,25-29 years,25-29,9168,2008
,Indiana,18,2008,2008,30-34 years,30-34,4234,2008
,Indiana,18,2008,2008,35-39 years,35-39,1448,2008
,Indiana,18,2008,2008,40-44 years,40-44,263,2008
,Indiana,18,2008,2008,45-49 years,45-49,21,2008
,Iowa,19,2008,2008,Under 15 years,15-,36,2008
,Iowa,19,2008,2008,15 - 17 years,15-17,950,2008
,Iowa,19,2008,2008,18 - 19 years,18-19,2033,2008
,Iowa,19,2008,2008,20-24 years,20-24,4959,2008
,Iowa,19,2008,2008,25-29 years,25-29,4761,2008
,Iowa,19,2008,2008,30-34 years,30-34,1896,2008
,Iowa,19,2008,2008,35-39 years,35-39,564,2008
,Iowa,19,2008,2008,40-44 years,40-44,109,2008
,Kansas,20,2008,2008,Under 15 years,15-,40,2008
,Kansas,20,2008,2008,15 - 17 years,15-17,1147,2008
,Kansas,20,2008,2008,18 - 19 years,18-19,2395,2008
,Kansas,20,2008,2008,20-24 years,20-24,5419,2008
,Kansas,20,2008,2008,25-29 years,25-29,4290,2008
,Kansas,20,2008,2008,30-34 years,30-34,1860,2008
,Kansas,20,2008,2008,35-39 years,35-39,589,2008
,Kansas,20,2008,2008,40-44 years,40-44,89,2008
,Kansas,20,2008,2008,45-49 years,45-49,14,2008
,Kentucky,21,2008,2008,Under 15 years,15-,90,2008
,Kentucky,21,2008,2008,15 - 17 years,15-17,1943,2008
,Kentucky,21,2008,2008,18 - 19 years,18-19,4228,2008
,Kentucky,21,2008,2008,20-24 years,20-24,8290,2008
,Kentucky,21,2008,2008,25-29 years,25-29,5980,2008
,Kentucky,21,2008,2008,30-34 years,30-34,2660,2008
,Kentucky,21,2008,2008,35-39 years,35-39,865,2008
,Kentucky,21,2008,2008,40-44 years,40-44,149,2008
,Louisiana,22,2008,2008,Under 15 years,15-,136,2008
,Louisiana,22,2008,2008,15 - 17 years,15-17,2320,2008
,Louisiana,22,2008,2008,18 - 19 years,18-19,4649,2008
,Louisiana,22,2008,2008,20-24 years,20-24,9350,2008
,Louisiana,22,2008,2008,25-29 years,25-29,5865,2008
,Louisiana,22,2008,2008,30-34 years,30-34,2470,2008
,Louisiana,22,2008,2008,35-39 years,35-39,871,2008
,Louisiana,22,2008,2008,40-44 years,40-44,161,2008
,Louisiana,22,2008,2008,45-49 years,45-49,15,2008
,Maine,23,2008,2008,15 - 17 years,15-17,256,2008
,Maine,23,2008,2008,18 - 19 years,18-19,693,2008
,Maine,23,2008,2008,20-24 years,20-24,1956,2008
,Maine,23,2008,2008,25-29 years,25-29,1743,2008
,Maine,23,2008,2008,30-34 years,30-34,980,2008
,Maine,23,2008,2008,35-39 years,35-39,433,2008
,Maine,23,2008,2008,40-44 years,40-44,70,2008
,Maryland,24,2008,2008,Under 15 years,15-,98,2008
,Maryland,24,2008,2008,15 - 17 years,15-17,1843,2008
,Maryland,24,2008,2008,18 - 19 years,18-19,3492,2008
,Maryland,24,2008,2008,20-24 years,20-24,8591,2008
,Maryland,24,2008,2008,25-29 years,25-29,8554,2008
,Maryland,24,2008,2008,30-34 years,30-34,6395,2008
,Maryland,24,2008,2008,35-39 years,35-39,2739,2008
,Maryland,24,2008,2008,40-44 years,40-44,619,2008
,Maryland,24,2008,2008,45-49 years,45-49,46,2008
,Massachusetts,25,2008,2008,Under 15 years,15-,39,2008
,Massachusetts,25,2008,2008,15 - 17 years,15-17,1268,2008
,Massachusetts,25,2008,2008,18 - 19 years,18-19,2698,2008
,Massachusetts,25,2008,2008,20-24 years,20-24,7300,2008
,Massachusetts,25,2008,2008,25-29 years,25-29,9327,2008
,Massachusetts,25,2008,2008,30-34 years,30-34,9193,2008
,Massachusetts,25,2008,2008,35-39 years,35-39,3969,2008
,Massachusetts,25,2008,2008,40-44 years,40-44,902,2008
,Massachusetts,25,2008,2008,45-49 years,45-49,75,2008
,Michigan,26,2008,2008,Under 15 years,15-,142,2008
,Michigan,26,2008,2008,15 - 17 years,15-17,3294,2008
,Michigan,26,2008,2008,18 - 19 years,18-19,6537,2008
,Michigan,26,2008,2008,20-24 years,20-24,14671,2008
,Michigan,26,2008,2008,25-29 years,25-29,13320,2008
,Michigan,26,2008,2008,30-34 years,30-34,7082,2008
,Michigan,26,2008,2008,35-39 years,35-39,2640,2008
,Michigan,26,2008,2008,40-44 years,40-44,526,2008
,Michigan,26,2008,2008,45-49 years,45-49,42,2008
,Minnesota,27,2008,2008,Under 15 years,15-,66,2008
,Minnesota,27,2008,2008,15 - 17 years,15-17,1260,2008
,Minnesota,27,2008,2008,18 - 19 years,18-19,2701,2008
,Minnesota,27,2008,2008,20-24 years,20-24,7714,2008
,Minnesota,27,2008,2008,25-29 years,25-29,9515,2008
,Minnesota,27,2008,2008,30-34 years,30-34,5199,2008
,Minnesota,27,2008,2008,35-39 years,35-39,1776,2008
,Minnesota,27,2008,2008,40-44 years,40-44,318,2008
,Minnesota,27,2008,2008,45-49 years,45-49,23,2008
,Mississippi,28,2008,2008,Under 15 years,15-,132,2008
,Mississippi,28,2008,2008,15 - 17 years,15-17,1992,2008
,Mississippi,28,2008,2008,18 - 19 years,18-19,3495,2008
,Mississippi,28,2008,2008,20-24 years,20-24,6423,2008
,Mississippi,28,2008,2008,25-29 years,25-29,3635,2008
,Mississippi,28,2008,2008,30-34 years,30-34,1404,2008
,Mississippi,28,2008,2008,35-39 years,35-39,481,2008
,Mississippi,28,2008,2008,40-44 years,40-44,88,2008
,Missouri,29,2008,2008,Under 15 years,15-,91,2008
,Missouri,29,2008,2008,15 - 17 years,15-17,2396,2008
,Missouri,29,2008,2008,18 - 19 years,18-19,4931,2008
,Missouri,29,2008,2008,20-24 years,20-24,10575,2008
,Missouri,29,2008,2008,25-29 years,25-29,8582,2008
,Missouri,29,2008,2008,30-34 years,30-34,3873,2008
,Missouri,29,2008,2008,35-39 years,35-39,1282,2008
,Missouri,29,2008,2008,40-44 years,40-44,234,2008
,Missouri,29,2008,2008,45-49 years,45-49,13,2008
,Montana,30,2008,2008,15 - 17 years,15-17,332,2008
,Montana,30,2008,2008,18 - 19 years,18-19,747,2008
,Montana,30,2008,2008,20-24 years,20-24,1702,2008
,Montana,30,2008,2008,25-29 years,25-29,1372,2008
,Montana,30,2008,2008,30-34 years,30-34,659,2008
,Montana,30,2008,2008,35-39 years,35-39,238,2008
,Montana,30,2008,2008,40-44 years,40-44,47,2008
,Nebraska,31,2008,2008,Under 15 years,15-,23,2008
,Nebraska,31,2008,2008,15 - 17 years,15-17,604,2008
,Nebraska,31,2008,2008,18 - 19 years,18-19,1275,2008
,Nebraska,31,2008,2008,20-24 years,20-24,3202,2008
,Nebraska,31,2008,2008,25-29 years,25-29,3123,2008
,Nebraska,31,2008,2008,30-34 years,30-34,1252,2008
,Nebraska,31,2008,2008,35-39 years,35-39,394,2008
,Nebraska,31,2008,2008,40-44 years,40-44,81,2008
,Nevada,32,2008,2008,Under 15 years,15-,66,2008
,Nevada,32,2008,2008,15 - 17 years,15-17,1275,2008
,Nevada,32,2008,2008,18 - 19 years,18-19,2024,2008
,Nevada,32,2008,2008,20-24 years,20-24,4598,2008
,Nevada,32,2008,2008,25-29 years,25-29,3551,2008
,Nevada,32,2008,2008,30-34 years,30-34,1960,2008
,Nevada,32,2008,2008,35-39 years,35-39,908,2008
,Nevada,32,2008,2008,40-44 years,40-44,180,2008
,Nevada,32,2008,2008,45-49 years,45-49,17,2008
,New Hampshire,33,2008,2008,15 - 17 years,15-17,198,2008
,New Hampshire,33,2008,2008,18 - 19 years,18-19,588,2008
,New Hampshire,33,2008,2008,20-24 years,20-24,1624,2008
,New Hampshire,33,2008,2008,25-29 years,25-29,1688,2008
,New Hampshire,33,2008,2008,30-34 years,30-34,1228,2008
,New Hampshire,33,2008,2008,35-39 years,35-39,450,2008
,New Hampshire,33,2008,2008,40-44 years,40-44,110,2008
,New Jersey,34,2008,2008,Under 15 years,15-,65,2008
,New Jersey,34,2008,2008,15 - 17 years,15-17,1923,2008
,New Jersey,34,2008,2008,18 - 19 years,18-19,3844,2008
,New Jersey,34,2008,2008,20-24 years,20-24,10303,2008
,New Jersey,34,2008,2008,25-29 years,25-29,12907,2008
,New Jersey,34,2008,2008,30-34 years,30-34,11476,2008
,New Jersey,34,2008,2008,35-39 years,35-39,4692,2008
,New Jersey,34,2008,2008,40-44 years,40-44,1102,2008
,New Jersey,34,2008,2008,45-49 years,45-49,79,2008
,New Mexico,35,2008,2008,Under 15 years,15-,59,2008
,New Mexico,35,2008,2008,15 - 17 years,15-17,1405,2008
,New Mexico,35,2008,2008,18 - 19 years,18-19,2101,2008
,New Mexico,35,2008,2008,20-24 years,20-24,3954,2008
,New Mexico,35,2008,2008,25-29 years,25-29,2166,2008
,New Mexico,35,2008,2008,30-34 years,30-34,1103,2008
,New Mexico,35,2008,2008,35-39 years,35-39,453,2008
,New Mexico,35,2008,2008,40-44 years,40-44,122,2008
,New York,36,2008,2008,Under 15 years,15-,240,2008
,New York,36,2008,2008,15 - 17 years,15-17,4682,2008
,New York,36,2008,2008,18 - 19 years,18-19,9930,2008
,New York,36,2008,2008,20-24 years,20-24,28608,2008
,New York,36,2008,2008,25-29 years,25-29,27699,2008
,New York,36,2008,2008,30-34 years,30-34,23536,2008
,New York,36,2008,2008,35-39 years,35-39,11131,2008
,New York,36,2008,2008,40-44 years,40-44,2760,2008
,New York,36,2008,2008,45-49 years,45-49,274,2008
,New York,36,2008,2008,50 years and over,50+,31,2008
,North Carolina,37,2008,2008,Under 15 years,15-,232,2008
,North Carolina,37,2008,2008,15 - 17 years,15-17,4265,2008
,North Carolina,37,2008,2008,18 - 19 years,18-19,7925,2008
,North Carolina,37,2008,2008,20-24 years,20-24,16682,2008
,North Carolina,37,2008,2008,25-29 years,25-29,12884,2008
,North Carolina,37,2008,2008,30-34 years,30-34,7911,2008
,North Carolina,37,2008,2008,35-39 years,35-39,2986,2008
,North Carolina,37,2008,2008,40-44 years,40-44,588,2008
,North Carolina,37,2008,2008,45-49 years,45-49,33,2008
,North Dakota,38,2008,2008,15 - 17 years,15-17,159,2008
,North Dakota,38,2008,2008,18 - 19 years,18-19,400,2008
,North Dakota,38,2008,2008,20-24 years,20-24,1289,2008
,North Dakota,38,2008,2008,25-29 years,25-29,1220,2008
,North Dakota,38,2008,2008,30-34 years,30-34,416,2008
,North Dakota,38,2008,2008,35-39 years,35-39,122,2008
,North Dakota,38,2008,2008,40-44 years,40-44,17,2008
,Ohio,39,2008,2008,Under 15 years,15-,195,2008
,Ohio,39,2008,2008,15 - 17 years,15-17,4269,2008
,Ohio,39,2008,2008,18 - 19 years,18-19,8813,2008
,Ohio,39,2008,2008,20-24 years,20-24,18244,2008
,Ohio,39,2008,2008,25-29 years,25-29,15434,2008
,Ohio,39,2008,2008,30-34 years,30-34,8217,2008
,Ohio,39,2008,2008,35-39 years,35-39,2865,2008
,Ohio,39,2008,2008,40-44 years,40-44,543,2008
,Ohio,39,2008,2008,45-49 years,45-49,34,2008
,Oklahoma,40,2008,2008,Under 15 years,15-,89,2008
,Oklahoma,40,2008,2008,15 - 17 years,15-17,2051,2008
,Oklahoma,40,2008,2008,18 - 19 years,18-19,3880,2008
,Oklahoma,40,2008,2008,20-24 years,20-24,8081,2008
,Oklahoma,40,2008,2008,25-29 years,25-29,5077,2008
,Oklahoma,40,2008,2008,30-34 years,30-34,1877,2008
,Oklahoma,40,2008,2008,35-39 years,35-39,619,2008
,Oklahoma,40,2008,2008,40-44 years,40-44,105,2008
,Oregon,41,2008,2008,Under 15 years,15-,38,2008
,Oregon,41,2008,2008,15 - 17 years,15-17,1251,2008
,Oregon,41,2008,2008,18 - 19 years,18-19,2504,2008
,Oregon,41,2008,2008,20-24 years,20-24,6196,2008
,Oregon,41,2008,2008,25-29 years,25-29,5120,2008
,Oregon,41,2008,2008,30-34 years,30-34,3476,2008
,Oregon,41,2008,2008,35-39 years,35-39,1360,2008
,Oregon,41,2008,2008,40-44 years,40-44,236,2008
,Pennsylvania,42,2008,2008,Under 15 years,15-,154,2008
,Pennsylvania,42,2008,2008,15 - 17 years,15-17,3881,2008
,Pennsylvania,42,2008,2008,18 - 19 years,18-19,7387,2008
,Pennsylvania,42,2008,2008,20-24 years,20-24,17188,2008
,Pennsylvania,42,2008,2008,25-29 years,25-29,16725,2008
,Pennsylvania,42,2008,2008,30-34 years,30-34,10430,2008
,Pennsylvania,42,2008,2008,35-39 years,35-39,3941,2008
,Pennsylvania,42,2008,2008,40-44 years,40-44,756,2008
,Pennsylvania,42,2008,2008,45-49 years,45-49,62,2008
,Rhode Island,44,2008,2008,Under 15 years,15-,20,2008
,Rhode Island,44,2008,2008,15 - 17 years,15-17,331,2008
,Rhode Island,44,2008,2008,18 - 19 years,18-19,572,2008
,Rhode Island,44,2008,2008,20-24 years,20-24,1252,2008
,Rhode Island,44,2008,2008,25-29 years,25-29,1302,2008
,Rhode Island,44,2008,2008,30-34 years,30-34,1009,2008
,Rhode Island,44,2008,2008,35-39 years,35-39,402,2008
,Rhode Island,44,2008,2008,40-44 years,40-44,78,2008
,South Carolina,45,2008,2008,Under 15 years,15-,106,2008
,South Carolina,45,2008,2008,15 - 17 years,15-17,2296,2008
,South Carolina,45,2008,2008,18 - 19 years,18-19,4368,2008
,South Carolina,45,2008,2008,20-24 years,20-24,8334,2008
,South Carolina,45,2008,2008,25-29 years,25-29,6104,2008
,South Carolina,45,2008,2008,30-34 years,30-34,3085,2008
,South Carolina,45,2008,2008,35-39 years,35-39,1142,2008
,South Carolina,45,2008,2008,40-44 years,40-44,217,2008
,South Carolina,45,2008,2008,45-49 years,45-49,14,2008
,South Dakota,46,2008,2008,Under 15 years,15-,13,2008
,South Dakota,46,2008,2008,15 - 17 years,15-17,314,2008
,South Dakota,46,2008,2008,18 - 19 years,18-19,597,2008
,South Dakota,46,2008,2008,20-24 years,20-24,1560,2008
,South Dakota,46,2008,2008,25-29 years,25-29,1306,2008
,South Dakota,46,2008,2008,30-34 years,30-34,485,2008
,South Dakota,46,2008,2008,35-39 years,35-39,139,2008
,South Dakota,46,2008,2008,40-44 years,40-44,26,2008
,Tennessee,47,2008,2008,Under 15 years,15-,144,2008
,Tennessee,47,2008,2008,15 - 17 years,15-17,2967,2008
,Tennessee,47,2008,2008,18 - 19 years,18-19,5851,2008
,Tennessee,47,2008,2008,20-24 years,20-24,11751,2008
,Tennessee,47,2008,2008,25-29 years,25-29,8354,2008
,Tennessee,47,2008,2008,30-34 years,30-34,4201,2008
,Tennessee,47,2008,2008,35-39 years,35-39,1487,2008
,Tennessee,47,2008,2008,40-44 years,40-44,284,2008
,Tennessee,47,2008,2008,45-49 years,45-49,13,2008
,Texas,48,2008,2008,Under 15 years,15-,834,2008
,Texas,48,2008,2008,15 - 17 years,15-17,16692,2008
,Texas,48,2008,2008,18 - 19 years,18-19,25279,2008
,Texas,48,2008,2008,20-24 years,20-24,49088,2008
,Texas,48,2008,2008,25-29 years,25-29,36348,2008
,Texas,48,2008,2008,30-34 years,30-34,20201,2008
,Texas,48,2008,2008,35-39 years,35-39,7759,2008
,Texas,48,2008,2008,40-44 years,40-44,1468,2008
,Texas,48,2008,2008,45-49 years,45-49,101,2008
,Utah,49,2008,2008,Under 15 years,15-,31,2008
,Utah,49,2008,2008,15 - 17 years,15-17,1022,2008
,Utah,49,2008,2008,18 - 19 years,18-19,2044,2008
,Utah,49,2008,2008,20-24 years,20-24,7782,2008
,Utah,49,2008,2008,25-29 years,25-29,5409,2008
,Utah,49,2008,2008,30-34 years,30-34,1613,2008
,Utah,49,2008,2008,35-39 years,35-39,494,2008
,Utah,49,2008,2008,40-44 years,40-44,84,2008
,Vermont,50,2008,2008,15 - 17 years,15-17,86,2008
,Vermont,50,2008,2008,18 - 19 years,18-19,318,2008
,Vermont,50,2008,2008,20-24 years,20-24,814,2008
,Vermont,50,2008,2008,25-29 years,25-29,766,2008
,Vermont,50,2008,2008,30-34 years,30-34,566,2008
,Vermont,50,2008,2008,35-39 years,35-39,241,2008
,Vermont,50,2008,2008,40-44 years,40-44,46,2008
,Virginia,51,2008,2008,Under 15 years,15-,104,2008
,Virginia,51,2008,2008,15 - 17 years,15-17,2149,2008
,Virginia,51,2008,2008,18 - 19 years,18-19,5054,2008
,Virginia,51,2008,2008,20-24 years,20-24,13115,2008
,Virginia,51,2008,2008,25-29 years,25-29,11975,2008
,Virginia,51,2008,2008,30-34 years,30-34,8365,2008
,Virginia,51,2008,2008,35-39 years,35-39,3421,2008
,Virginia,51,2008,2008,40-44 years,40-44,765,2008
,Virginia,51,2008,2008,45-49 years,45-49,59,2008
,Washington,53,2008,2008,Under 15 years,15-,79,2008
,Washington,53,2008,2008,15 - 17 years,15-17,1932,2008
,Washington,53,2008,2008,18 - 19 years,18-19,4157,2008
,Washington,53,2008,2008,20-24 years,20-24,11306,2008
,Washington,53,2008,2008,25-29 years,25-29,10150,2008
,Washington,53,2008,2008,30-34 years,30-34,6620,2008
,Washington,53,2008,2008,35-39 years,35-39,2922,2008
,Washington,53,2008,2008,40-44 years,40-44,604,2008
,Washington,53,2008,2008,45-49 years,45-49,59,2008
,West Virginia,54,2008,2008,Under 15 years,15-,25,2008
,West Virginia,54,2008,2008,15 - 17 years,15-17,731,2008
,West Virginia,54,2008,2008,18 - 19 years,18-19,1563,2008
,West Virginia,54,2008,2008,20-24 years,20-24,3219,2008
,West Virginia,54,2008,2008,25-29 years,25-29,2180,2008
,West Virginia,54,2008,2008,30-34 years,30-34,905,2008
,West Virginia,54,2008,2008,35-39 years,35-39,330,2008
,West Virginia,54,2008,2008,40-44 years,40-44,68,2008
,Wisconsin,55,2008,2008,Under 15 years,15-,75,2008
,Wisconsin,55,2008,2008,15 - 17 years,15-17,1632,2008
,Wisconsin,55,2008,2008,18 - 19 years,18-19,3299,2008
,Wisconsin,55,2008,2008,20-24 years,20-24,8368,2008
,Wisconsin,55,2008,2008,25-29 years,25-29,8702,2008
,Wisconsin,55,2008,2008,30-34 years,30-34,4529,2008
,Wisconsin,55,2008,2008,35-39 years,35-39,1502,2008
,Wisconsin,55,2008,2008,40-44 years,40-44,238,2008
,Wisconsin,55,2008,2008,45-49 years,45-49,14,2008
,Wyoming,56,2008,2008,15 - 17 years,15-17,225,2008
,Wyoming,56,2008,2008,18 - 19 years,18-19,515,2008
,Wyoming,56,2008,2008,20-24 years,20-24,1198,2008
,Wyoming,56,2008,2008,25-29 years,25-29,745,2008
,Wyoming,56,2008,2008,30-34 years,30-34,284,2008
,Wyoming,56,2008,2008,35-39 years,35-39,121,2008
,Wyoming,56,2008,2008,40-44 years,40-44,16,2008
---,,,,,,,,2008
"Dataset: Natality, 2007-2024",,,,,,,,2008
Query Parameters:,,,,,,,,2008
Live Birth Order: 1st child born alive to mother,,,,,,,,2008
Year: 2008,,,,,,,,2008
Group By: State; Year; Age of Mother 10,,,,,,,,2008
Show Totals: Disabled,,,,,,,,2008
Show Zero Values: False,,,,,,,,2008
Show Suppressed: False,,,,,,,,2008
"Calculate Rates Per: 1,000",,,,,,,,2008
Population Option: No populations shown because rates were not selected.,,,,,,,,2008
---,,,,,,,,2008
Help: See http://wonder.cdc.gov/wonder/help/natality.html for more information.,,,,,,,,2008
---,,,,,,,,2008
"Query Date: Mar 28, 2026 5:16:45 AM",,,,,,,,2008
---,,,,,,,,2008
"Suggested Citation: Centers for Disease Control and Prevention, National Center for Health Statistics. National Vital Statistics",,,,,,,,2008
"System, Natality on CDC WONDER Online Database. Data are from the Natality Records 2007-2024, as compiled from data provided by",,,,,,,,2008
the 57 vital statistics jurisdictions through the Vital Statistics Cooperative Program. Accessed at,,,,,,,,2008
"http://wonder.cdc.gov/natality-current.html on Mar 28, 2026 5:16:45 AM",,,,,,,,2008
---,,,,,,,,2008
Messages:,,,,,,,,2008
1. Totals are not available for these results due to suppression constraints. More Information:,,,,,,,,2008
http://wonder.cdc.gov/wonder/help/faq.html#Privacy.,,,,,,,,2008
2. Rows with zero Births are hidden. Use Quick Options above to show zero rows.,,,,,,,,2008
3. Rows with suppressed Births are hidden. Use Quick Options above to show suppressed rows.,,,,,,,,2008
---,,,,,,,,2008
Caveats:,,,,,,,,2008
1. 'Suppressed' appears when the data do not meet the criteria for confidentiality constraints. More information:,,,,,,,,2008
http://wonder.cdc.gov/wonder/help/natality.html#Assurance of Confidentiality.,,,,,,,,2008
2. Each birth record represents one liveborn infant.,,,,,,,,2008
,Alabama,01,2009,2009,Under 15 years,15-,158,2009
,Alabama,01,2009,2009,15 - 17 years,15-17,2291,2009
,Alabama,01,2009,2009,18 - 19 years,18-19,4419,2009
,Alabama,01,2009,2009,20-24 years,20-24,9323,2009
,Alabama,01,2009,2009,25-29 years,25-29,6321,2009
,Alabama,01,2009,2009,30-34 years,30-34,2808,2009
,Alabama,01,2009,2009,35-39 years,35-39,895,2009
,Alabama,01,2009,2009,40-44 years,40-44,171,2009
,Alabama,01,2009,2009,45-49 years,45-49,11,2009
,Alaska,02,2009,2009,15 - 17 years,15-17,256,2009
,Alaska,02,2009,2009,18 - 19 years,18-19,636,2009
,Alaska,02,2009,2009,20-24 years,20-24,1503,2009
,Alaska,02,2009,2009,25-29 years,25-29,1033,2009
,Alaska,02,2009,2009,30-34 years,30-34,561,2009
,Alaska,02,2009,2009,35-39 years,35-39,228,2009
,Alaska,02,2009,2009,40-44 years,40-44,41,2009
,Arizona,04,2009,2009,Under 15 years,15-,132,2009
,Arizona,04,2009,2009,15 - 17 years,15-17,3171,2009
,Arizona,04,2009,2009,18 - 19 years,18-19,5422,2009
,Arizona,04,2009,2009,20-24 years,20-24,10683,2009
,Arizona,04,2009,2009,25-29 years,25-29,8114,2009
,Arizona,04,2009,2009,30-34 years,30-34,4450,2009
,Arizona,04,2009,2009,35-39 years,35-39,1700,2009
,Arizona,04,2009,2009,40-44 years,40-44,333,2009
,Arizona,04,2009,2009,45-49 years,45-49,33,2009
,Arkansas,05,2009,2009,Under 15 years,15-,78,2009
,Arkansas,05,2009,2009,15 - 17 years,15-17,1502,2009
,Arkansas,05,2009,2009,18 - 19 years,18-19,3072,2009
,Arkansas,05,2009,2009,20-24 years,20-24,5812,2009
,Arkansas,05,2009,2009,25-29 years,25-29,3611,2009
,Arkansas,05,2009,2009,30-34 years,30-34,1380,2009
,Arkansas,05,2009,2009,35-39 years,35-39,399,2009
,Arkansas,05,2009,2009,40-44 years,40-44,77,2009
,California,06,2009,2009,Under 15 years,15-,544,2009
,California,06,2009,2009,15 - 17 years,15-17,14073,2009
,California,06,2009,2009,18 - 19 years,18-19,25294,2009
,California,06,2009,2009,20-24 years,20-24,57225,2009
,California,06,2009,2009,25-29 years,25-29,49835,2009
,California,06,2009,2009,30-34 years,30-34,38391,2009
,California,06,2009,2009,35-39 years,35-39,17554,2009
,California,06,2009,2009,40-44 years,40-44,4133,2009
,California,06,2009,2009,45-49 years,45-49,350,2009
,California,06,2009,2009,50 years and over,50+,38,2009
,Colorado,08,2009,2009,Under 15 years,15-,71,2009
,Colorado,08,2009,2009,15 - 17 years,15-17,1782,2009
,Colorado,08,2009,2009,18 - 19 years,18-19,3236,2009
,Colorado,08,2009,2009,20-24 years,20-24,7475,2009
,Colorado,08,2009,2009,25-29 years,25-29,7230,2009
,Colorado,08,2009,2009,30-34 years,30-34,5417,2009
,Colorado,08,2009,2009,35-39 years,35-39,2263,2009
,Colorado,08,2009,2009,40-44 years,40-44,438,2009
,Colorado,08,2009,2009,45-49 years,45-49,26,2009
,Connecticut,09,2009,2009,Under 15 years,15-,21,2009
,Connecticut,09,2009,2009,15 - 17 years,15-17,707,2009
,Connecticut,09,2009,2009,18 - 19 years,18-19,1510,2009
,Connecticut,09,2009,2009,20-24 years,20-24,3874,2009
,Connecticut,09,2009,2009,25-29 years,25-29,4570,2009
,Connecticut,09,2009,2009,30-34 years,30-34,4005,2009
,Connecticut,09,2009,2009,35-39 years,35-39,1740,2009
,Connecticut,09,2009,2009,40-44 years,40-44,421,2009
,Connecticut,09,2009,2009,45-49 years,45-49,49,2009
,Delaware,10,2009,2009,Under 15 years,15-,16,2009
,Delaware,10,2009,2009,15 - 17 years,15-17,286,2009
,Delaware,10,2009,2009,18 - 19 years,18-19,595,2009
,Delaware,10,2009,2009,20-24 years,20-24,1455,2009
,Delaware,10,2009,2009,25-29 years,25-29,1251,2009
,Delaware,10,2009,2009,30-34 years,30-34,781,2009
,Delaware,10,2009,2009,35-39 years,35-39,275,2009
,Delaware,10,2009,2009,40-44 years,40-44,63,2009
,District of Columbia,11,2009,2009,Under 15 years,15-,26,2009
,District of Columbia,11,2009,2009,15 - 17 years,15-17,331,2009
,District of Columbia,11,2009,2009,18 - 19 years,18-19,508,2009
,District of Columbia,11,2009,2009,20-24 years,20-24,928,2009
,District of Columbia,11,2009,2009,25-29 years,25-29,768,2009
,District of Columbia,11,2009,2009,30-34 years,30-34,1018,2009
,District of Columbia,11,2009,2009,35-39 years,35-39,577,2009
,District of Columbia,11,2009,2009,40-44 years,40-44,107,2009
,District of Columbia,11,2009,2009,45-49 years,45-49,16,2009
,Florida,12,2009,2009,Under 15 years,15-,254,2009
,Florida,12,2009,2009,15 - 17 years,15-17,5636,2009
,Florida,12,2009,2009,18 - 19 years,18-19,11940,2009
,Florida,12,2009,2009,20-24 years,20-24,28428,2009
,Florida,12,2009,2009,25-29 years,25-29,23377,2009
,Florida,12,2009,2009,30-34 years,30-34,14571,2009
,Florida,12,2009,2009,35-39 years,35-39,6291,2009
,Florida,12,2009,2009,40-44 years,40-44,1394,2009
,Florida,12,2009,2009,45-49 years,45-49,102,2009
,Florida,12,2009,2009,50 years and over,50+,14,2009
,Georgia,13,2009,2009,Under 15 years,15-,196,2009
,Georgia,13,2009,2009,15 - 17 years,15-17,3972,2009
,Georgia,13,2009,2009,18 - 19 years,18-19,7777,2009
,Georgia,13,2009,2009,20-24 years,20-24,15850,2009
,Georgia,13,2009,2009,25-29 years,25-29,12435,2009
,Georgia,13,2009,2009,30-34 years,30-34,7676,2009
,Georgia,13,2009,2009,35-39 years,35-39,3232,2009
,Georgia,13,2009,2009,40-44 years,40-44,696,2009
,Georgia,13,2009,2009,45-49 years,45-49,68,2009
,Hawaii,15,2009,2009,Under 15 years,15-,12,2009
,Hawaii,15,2009,2009,15 - 17 years,15-17,396,2009
,Hawaii,15,2009,2009,18 - 19 years,18-19,879,2009
,Hawaii,15,2009,2009,20-24 years,20-24,2262,2009
,Hawaii,15,2009,2009,25-29 years,25-29,1916,2009
,Hawaii,15,2009,2009,30-34 years,30-34,1412,2009
,Hawaii,15,2009,2009,35-39 years,35-39,678,2009
,Hawaii,15,2009,2009,40-44 years,40-44,153,2009
,Hawaii,15,2009,2009,45-49 years,45-49,10,2009
,Idaho,16,2009,2009,Under 15 years,15-,14,2009
,Idaho,16,2009,2009,15 - 17 years,15-17,500,2009
,Idaho,16,2009,2009,18 - 19 years,18-19,1160,2009
,Idaho,16,2009,2009,20-24 years,20-24,3433,2009
,Idaho,16,2009,2009,25-29 years,25-29,2110,2009
,Idaho,16,2009,2009,30-34 years,30-34,935,2009
,Idaho,16,2009,2009,35-39 years,35-39,322,2009
,Idaho,16,2009,2009,40-44 years,40-44,53,2009
,Illinois,17,2009,2009,Under 15 years,15-,185,2009
,Illinois,17,2009,2009,15 - 17 years,15-17,4575,2009
,Illinois,17,2009,2009,18 - 19 years,18-19,8475,2009
,Illinois,17,2009,2009,20-24 years,20-24,17918,2009
,Illinois,17,2009,2009,25-29 years,25-29,18371,2009
,Illinois,17,2009,2009,30-34 years,30-34,13068,2009
,Illinois,17,2009,2009,35-39 years,35-39,4752,2009
,Illinois,17,2009,2009,40-44 years,40-44,1037,2009
,Illinois,17,2009,2009,45-49 years,45-49,81,2009
,Indiana,18,2009,2009,Under 15 years,15-,93,2009
,Indiana,18,2009,2009,15 - 17 years,15-17,2560,2009
,Indiana,18,2009,2009,18 - 19 years,18-19,5404,2009
,Indiana,18,2009,2009,20-24 years,20-24,11448,2009
,Indiana,18,2009,2009,25-29 years,25-29,9238,2009
,Indiana,18,2009,2009,30-34 years,30-34,4174,2009
,Indiana,18,2009,2009,35-39 years,35-39,1238,2009
,Indiana,18,2009,2009,40-44 years,40-44,248,2009
,Indiana,18,2009,2009,45-49 years,45-49,21,2009
,Iowa,19,2009,2009,Under 15 years,15-,30,2009
,Iowa,19,2009,2009,15 - 17 years,15-17,875,2009
,Iowa,19,2009,2009,18 - 19 years,18-19,1932,2009
,Iowa,19,2009,2009,20-24 years,20-24,4852,2009
,Iowa,19,2009,2009,25-29 years,25-29,4894,2009
,Iowa,19,2009,2009,30-34 years,30-34,1996,2009
,Iowa,19,2009,2009,35-39 years,35-39,565,2009
,Iowa,19,2009,2009,40-44 years,40-44,115,2009
,Kansas,20,2009,2009,Under 15 years,15-,35,2009
,Kansas,20,2009,2009,15 - 17 years,15-17,1067,2009
,Kansas,20,2009,2009,18 - 19 years,18-19,2374,2009
,Kansas,20,2009,2009,20-24 years,20-24,5241,2009
,Kansas,20,2009,2009,25-29 years,25-29,4349,2009
,Kansas,20,2009,2009,30-34 years,30-34,1965,2009
,Kansas,20,2009,2009,35-39 years,35-39,585,2009
,Kansas,20,2009,2009,40-44 years,40-44,100,2009
,Kentucky,21,2009,2009,Under 15 years,15-,79,2009
,Kentucky,21,2009,2009,15 - 17 years,15-17,1913,2009
,Kentucky,21,2009,2009,18 - 19 years,18-19,3991,2009
,Kentucky,21,2009,2009,20-24 years,20-24,8159,2009
,Kentucky,21,2009,2009,25-29 years,25-29,5992,2009
,Kentucky,21,2009,2009,30-34 years,30-34,2718,2009
,Kentucky,21,2009,2009,35-39 years,35-39,895,2009
,Kentucky,21,2009,2009,40-44 years,40-44,173,2009
,Kentucky,21,2009,2009,45-49 years,45-49,18,2009
,Louisiana,22,2009,2009,Under 15 years,15-,117,2009
,Louisiana,22,2009,2009,15 - 17 years,15-17,2280,2009
,Louisiana,22,2009,2009,18 - 19 years,18-19,4439,2009
,Louisiana,22,2009,2009,20-24 years,20-24,9503,2009
,Louisiana,22,2009,2009,25-29 years,25-29,6167,2009
,Louisiana,22,2009,2009,30-34 years,30-34,2524,2009
,Louisiana,22,2009,2009,35-39 years,35-39,865,2009
,Louisiana,22,2009,2009,40-44 years,40-44,175,2009
,Louisiana,22,2009,2009,45-49 years,45-49,13,2009
,Maine,23,2009,2009,15 - 17 years,15-17,236,2009
,Maine,23,2009,2009,18 - 19 years,18-19,679,2009
,Maine,23,2009,2009,20-24 years,20-24,1939,2009
,Maine,23,2009,2009,25-29 years,25-29,1672,2009
,Maine,23,2009,2009,30-34 years,30-34,1041,2009
,Maine,23,2009,2009,35-39 years,35-39,406,2009
,Maine,23,2009,2009,40-44 years,40-44,75,2009
,Maryland,24,2009,2009,Under 15 years,15-,80,2009
,Maryland,24,2009,2009,15 - 17 years,15-17,1712,2009
,Maryland,24,2009,2009,18 - 19 years,18-19,3388,2009
,Maryland,24,2009,2009,20-24 years,20-24,8401,2009
,Maryland,24,2009,2009,25-29 years,25-29,8320,2009
,Maryland,24,2009,2009,30-34 years,30-34,6321,2009
,Maryland,24,2009,2009,35-39 years,35-39,2616,2009
,Maryland,24,2009,2009,40-44 years,40-44,625,2009
,Maryland,24,2009,2009,45-49 years,45-49,55,2009
,Maryland,24,2009,2009,50 years and over,50+,12,2009
,Massachusetts,25,2009,2009,Under 15 years,15-,50,2009
,Massachusetts,25,2009,2009,15 - 17 years,15-17,1227,2009
,Massachusetts,25,2009,2009,18 - 19 years,18-19,2639,2009
,Massachusetts,25,2009,2009,20-24 years,20-24,7125,2009
,Massachusetts,25,2009,2009,25-29 years,25-29,9076,2009
,Massachusetts,25,2009,2009,30-34 years,30-34,9267,2009
,Massachusetts,25,2009,2009,35-39 years,35-39,3802,2009
,Massachusetts,25,2009,2009,40-44 years,40-44,868,2009
,Massachusetts,25,2009,2009,45-49 years,45-49,65,2009
,Michigan,26,2009,2009,Under 15 years,15-,131,2009
,Michigan,26,2009,2009,15 - 17 years,15-17,3074,2009
,Michigan,26,2009,2009,18 - 19 years,18-19,6552,2009
,Michigan,26,2009,2009,20-24 years,20-24,14404,2009
,Michigan,26,2009,2009,25-29 years,25-29,12820,2009
,Michigan,26,2009,2009,30-34 years,30-34,7146,2009
,Michigan,26,2009,2009,35-39 years,35-39,2413,2009
,Michigan,26,2009,2009,40-44 years,40-44,492,2009
,Michigan,26,2009,2009,45-49 years,45-49,32,2009
,Minnesota,27,2009,2009,Under 15 years,15-,37,2009
,Minnesota,27,2009,2009,15 - 17 years,15-17,1094,2009
,Minnesota,27,2009,2009,18 - 19 years,18-19,2494,2009
,Minnesota,27,2009,2009,20-24 years,20-24,7324,2009
,Minnesota,27,2009,2009,25-29 years,25-29,9258,2009
,Minnesota,27,2009,2009,30-34 years,30-34,5228,2009
,Minnesota,27,2009,2009,35-39 years,35-39,1746,2009
,Minnesota,27,2009,2009,40-44 years,40-44,352,2009
,Minnesota,27,2009,2009,45-49 years,45-49,31,2009
,Mississippi,28,2009,2009,Under 15 years,15-,140,2009
,Mississippi,28,2009,2009,15 - 17 years,15-17,2000,2009
,Mississippi,28,2009,2009,18 - 19 years,18-19,3448,2009
,Mississippi,28,2009,2009,20-24 years,20-24,6029,2009
,Mississippi,28,2009,2009,25-29 years,25-29,3486,2009
,Mississippi,28,2009,2009,30-34 years,30-34,1437,2009
,Mississippi,28,2009,2009,35-39 years,35-39,472,2009
,Mississippi,28,2009,2009,40-44 years,40-44,89,2009
,Missouri,29,2009,2009,Under 15 years,15-,71,2009
,Missouri,29,2009,2009,15 - 17 years,15-17,2140,2009
,Missouri,29,2009,2009,18 - 19 years,18-19,4740,2009
,Missouri,29,2009,2009,20-24 years,20-24,10623,2009
,Missouri,29,2009,2009,25-29 years,25-29,8437,2009
,Missouri,29,2009,2009,30-34 years,30-34,4115,2009
,Missouri,29,2009,2009,35-39 years,35-39,1203,2009
,Missouri,29,2009,2009,40-44 years,40-44,209,2009
,Missouri,29,2009,2009,45-49 years,45-49,23,2009
,Montana,30,2009,2009,15 - 17 years,15-17,332,2009
,Montana,30,2009,2009,18 - 19 years,18-19,711,2009
,Montana,30,2009,2009,20-24 years,20-24,1671,2009
,Montana,30,2009,2009,25-29 years,25-29,1272,2009
,Montana,30,2009,2009,30-34 years,30-34,666,2009
,Montana,30,2009,2009,35-39 years,35-39,223,2009
,Montana,30,2009,2009,40-44 years,40-44,37,2009
,Nebraska,31,2009,2009,Under 15 years,15-,26,2009
,Nebraska,31,2009,2009,15 - 17 years,15-17,582,2009
,Nebraska,31,2009,2009,18 - 19 years,18-19,1228,2009
,Nebraska,31,2009,2009,20-24 years,20-24,3202,2009
,Nebraska,31,2009,2009,25-29 years,25-29,3109,2009
,Nebraska,31,2009,2009,30-34 years,30-34,1389,2009
,Nebraska,31,2009,2009,35-39 years,35-39,437,2009
,Nebraska,31,2009,2009,40-44 years,40-44,63,2009
,Nevada,32,2009,2009,Under 15 years,15-,50,2009
,Nevada,32,2009,2009,15 - 17 years,15-17,1131,2009
,Nevada,32,2009,2009,18 - 19 years,18-19,1877,2009
,Nevada,32,2009,2009,20-24 years,20-24,4350,2009
,Nevada,32,2009,2009,25-29 years,25-29,3476,2009
,Nevada,32,2009,2009,30-34 years,30-34,2051,2009
,Nevada,32,2009,2009,35-39 years,35-39,877,2009
,Nevada,32,2009,2009,40-44 years,40-44,192,2009
,New Hampshire,33,2009,2009,15 - 17 years,15-17,172,2009
,New Hampshire,33,2009,2009,18 - 19 years,18-19,502,2009
,New Hampshire,33,2009,2009,20-24 years,20-24,1557,2009
,New Hampshire,33,2009,2009,25-29 years,25-29,1768,2009
,New Hampshire,33,2009,2009,30-34 years,30-34,1235,2009
,New Hampshire,33,2009,2009,35-39 years,35-39,453,2009
,New Hampshire,33,2009,2009,40-44 years,40-44,86,2009
,New Jersey,34,2009,2009,Under 15 years,15-,72,2009
,New Jersey,34,2009,2009,15 - 17 years,15-17,1750,2009
,New Jersey,34,2009,2009,18 - 19 years,18-19,3574,2009
,New Jersey,34,2009,2009,20-24 years,20-24,10048,2009
,New Jersey,34,2009,2009,25-29 years,25-29,12619,2009
,New Jersey,34,2009,2009,30-34 years,30-34,11395,2009
,New Jersey,34,2009,2009,35-39 years,35-39,4503,2009
,New Jersey,34,2009,2009,40-44 years,40-44,1048,2009
,New Jersey,34,2009,2009,45-49 years,45-49,97,2009
,New Mexico,35,2009,2009,Under 15 years,15-,50,2009
,New Mexico,35,2009,2009,15 - 17 years,15-17,1271,2009
,New Mexico,35,2009,2009,18 - 19 years,18-19,2146,2009
,New Mexico,35,2009,2009,20-24 years,20-24,3770,2009
,New Mexico,35,2009,2009,25-29 years,25-29,2200,2009
,New Mexico,35,2009,2009,30-34 years,30-34,1040,2009
,New Mexico,35,2009,2009,35-39 years,35-39,434,2009
,New Mexico,35,2009,2009,40-44 years,40-44,109,2009
,New Mexico,35,2009,2009,45-49 years,45-49,12,2009
,New York,36,2009,2009,Under 15 years,15-,200,2009
,New York,36,2009,2009,15 - 17 years,15-17,4324,2009
,New York,36,2009,2009,18 - 19 years,18-19,9362,2009
,New York,36,2009,2009,20-24 years,20-24,27706,2009
,New York,36,2009,2009,25-29 years,25-29,27753,2009
,New York,36,2009,2009,30-34 years,30-34,24104,2009
,New York,36,2009,2009,35-39 years,35-39,10971,2009
,New York,36,2009,2009,40-44 years,40-44,2791,2009
,New York,36,2009,2009,45-49 years,45-49,279,2009
,New York,36,2009,2009,50 years and over,50+,23,2009
,North Carolina,37,2009,2009,Under 15 years,15-,182,2009
,North Carolina,37,2009,2009,15 - 17 years,15-17,3792,2009
,North Carolina,37,2009,2009,18 - 19 years,18-19,7533,2009
,North Carolina,37,2009,2009,20-24 years,20-24,16649,2009
,North Carolina,37,2009,2009,25-29 years,25-29,12591,2009
,North Carolina,37,2009,2009,30-34 years,30-34,7850,2009
,North Carolina,37,2009,2009,35-39 years,35-39,2921,2009
,North Carolina,37,2009,2009,40-44 years,40-44,610,2009
,North Carolina,37,2009,2009,45-49 years,45-49,33,2009
,North Dakota,38,2009,2009,15 - 17 years,15-17,154,2009
,North Dakota,38,2009,2009,18 - 19 years,18-19,398,2009
,North Dakota,38,2009,2009,20-24 years,20-24,1223,2009
,North Dakota,38,2009,2009,25-29 years,25-29,1194,2009
,North Dakota,38,2009,2009,30-34 years,30-34,435,2009
,North Dakota,38,2009,2009,35-39 years,35-39,108,2009
,North Dakota,38,2009,2009,40-44 years,40-44,26,2009
,Ohio,39,2009,2009,Under 15 years,15-,173,2009
,Ohio,39,2009,2009,15 - 17 years,15-17,4033,2009
,Ohio,39,2009,2009,18 - 19 years,18-19,8466,2009
,Ohio,39,2009,2009,20-24 years,20-24,17812,2009
,Ohio,39,2009,2009,25-29 years,25-29,15363,2009
,Ohio,39,2009,2009,30-34 years,30-34,8197,2009
,Ohio,39,2009,2009,35-39 years,35-39,2705,2009
,Ohio,39,2009,2009,40-44 years,40-44,516,2009
,Ohio,39,2009,2009,45-49 years,45-49,49,2009
,Oklahoma,40,2009,2009,Under 15 years,15-,94,2009
,Oklahoma,40,2009,2009,15 - 17 years,15-17,1983,2009
,Oklahoma,40,2009,2009,18 - 19 years,18-19,3952,2009
,Oklahoma,40,2009,2009,20-24 years,20-24,7844,2009
,Oklahoma,40,2009,2009,25-29 years,25-29,5247,2009
,Oklahoma,40,2009,2009,30-34 years,30-34,2052,2009
,Oklahoma,40,2009,2009,35-39 years,35-39,673,2009
,Oklahoma,40,2009,2009,40-44 years,40-44,124,2009
,Oklahoma,40,2009,2009,45-49 years,45-49,10,2009
,Oregon,41,2009,2009,Under 15 years,15-,37,2009
,Oregon,41,2009,2009,15 - 17 years,15-17,1081,2009
,Oregon,41,2009,2009,18 - 19 years,18-19,2317,2009
,Oregon,41,2009,2009,20-24 years,20-24,5611,2009
,Oregon,41,2009,2009,25-29 years,25-29,5088,2009
,Oregon,41,2009,2009,30-34 years,30-34,3442,2009
,Oregon,41,2009,2009,35-39 years,35-39,1333,2009
,Oregon,41,2009,2009,40-44 years,40-44,269,2009
,Oregon,41,2009,2009,45-49 years,45-49,12,2009
,Pennsylvania,42,2009,2009,Under 15 years,15-,134,2009
,Pennsylvania,42,2009,2009,15 - 17 years,15-17,3530,2009
,Pennsylvania,42,2009,2009,18 - 19 years,18-19,7080,2009
,Pennsylvania,42,2009,2009,20-24 years,20-24,16773,2009
,Pennsylvania,42,2009,2009,25-29 years,25-29,16914,2009
,Pennsylvania,42,2009,2009,30-34 years,30-34,11154,2009
,Pennsylvania,42,2009,2009,35-39 years,35-39,3822,2009
,Pennsylvania,42,2009,2009,40-44 years,40-44,783,2009
,Pennsylvania,42,2009,2009,45-49 years,45-49,51,2009
,Rhode Island,44,2009,2009,15 - 17 years,15-17,325,2009
,Rhode Island,44,2009,2009,18 - 19 years,18-19,507,2009
,Rhode Island,44,2009,2009,20-24 years,20-24,1229,2009
,Rhode Island,44,2009,2009,25-29 years,25-29,1194,2009
,Rhode Island,44,2009,2009,30-34 years,30-34,904,2009
,Rhode Island,44,2009,2009,35-39 years,35-39,380,2009
,Rhode Island,44,2009,2009,40-44 years,40-44,82,2009
,South Carolina,45,2009,2009,Under 15 years,15-,86,2009
,South Carolina,45,2009,2009,15 - 17 years,15-17,2017,2009
,South Carolina,45,2009,2009,18 - 19 years,18-19,4128,2009
,South Carolina,45,2009,2009,20-24 years,20-24,8075,2009
,South Carolina,45,2009,2009,25-29 years,25-29,6127,2009
,South Carolina,45,2009,2009,30-34 years,30-34,3122,2009
,South Carolina,45,2009,2009,35-39 years,35-39,1171,2009
,South Carolina,45,2009,2009,40-44 years,40-44,217,2009
,South Carolina,45,2009,2009,45-49 years,45-49,20,2009
,South Dakota,46,2009,2009,Under 15 years,15-,10,2009
,South Dakota,46,2009,2009,15 - 17 years,15-17,276,2009
,South Dakota,46,2009,2009,18 - 19 years,18-19,627,2009
,South Dakota,46,2009,2009,20-24 years,20-24,1505,2009
,South Dakota,46,2009,2009,25-29 years,25-29,1250,2009
,South Dakota,46,2009,2009,30-34 years,30-34,508,2009
,South Dakota,46,2009,2009,35-39 years,35-39,118,2009
,South Dakota,46,2009,2009,40-44 years,40-44,32,2009
,Tennessee,47,2009,2009,Under 15 years,15-,119,2009
,Tennessee,47,2009,2009,15 - 17 years,15-17,2683,2009
,Tennessee,47,2009,2009,18 - 19 years,18-19,5678,2009
,Tennessee,47,2009,2009,20-24 years,20-24,11336,2009
,Tennessee,47,2009,2009,25-29 years,25-29,7954,2009
,Tennessee,47,2009,2009,30-34 years,30-34,4009,2009
,Tennessee,47,2009,2009,35-39 years,35-39,1466,2009
,Tennessee,47,2009,2009,40-44 years,40-44,271,2009
,Tennessee,47,2009,2009,45-49 years,45-49,17,2009
,Texas,48,2009,2009,Under 15 years,15-,807,2009
,Texas,48,2009,2009,15 - 17 years,15-17,15792,2009
,Texas,48,2009,2009,18 - 19 years,18-19,25113,2009
,Texas,48,2009,2009,20-24 years,20-24,48260,2009
,Texas,48,2009,2009,25-29 years,25-29,36607,2009
,Texas,48,2009,2009,30-34 years,30-34,20525,2009
,Texas,48,2009,2009,35-39 years,35-39,7874,2009
,Texas,48,2009,2009,40-44 years,40-44,1586,2009
,Texas,48,2009,2009,45-49 years,45-49,92,2009
,Utah,49,2009,2009,Under 15 years,15-,33,2009
,Utah,49,2009,2009,15 - 17 years,15-17,901,2009
,Utah,49,2009,2009,18 - 19 years,18-19,1800,2009
,Utah,49,2009,2009,20-24 years,20-24,7246,2009
,Utah,49,2009,2009,25-29 years,25-29,5143,2009
,Utah,49,2009,2009,30-34 years,30-34,1834,2009
,Utah,49,2009,2009,35-39 years,35-39,502,2009
,Utah,49,2009,2009,40-44 years,40-44,79,2009
,Utah,49,2009,2009,45-49 years,45-49,12,2009
,Vermont,50,2009,2009,15 - 17 years,15-17,77,2009
,Vermont,50,2009,2009,18 - 19 years,18-19,263,2009
,Vermont,50,2009,2009,20-24 years,20-24,814,2009
,Vermont,50,2009,2009,25-29 years,25-29,829,2009
,Vermont,50,2009,2009,30-34 years,30-34,567,2009
,Vermont,50,2009,2009,35-39 years,35-39,213,2009
,Vermont,50,2009,2009,40-44 years,40-44,65,2009
,Virginia,51,2009,2009,Under 15 years,15-,105,2009
,Virginia,51,2009,2009,15 - 17 years,15-17,2034,2009
,Virginia,51,2009,2009,18 - 19 years,18-19,4806,2009
,Virginia,51,2009,2009,20-24 years,20-24,12860,2009
,Virginia,51,2009,2009,25-29 years,25-29,12222,2009
,Virginia,51,2009,2009,30-34 years,30-34,8636,2009
,Virginia,51,2009,2009,35-39 years,35-39,3434,2009
,Virginia,51,2009,2009,40-44 years,40-44,722,2009
,Virginia,51,2009,2009,45-49 years,45-49,72,2009
,Washington,53,2009,2009,Under 15 years,15-,56,2009
,Washington,53,2009,2009,15 - 17 years,15-17,1730,2009
,Washington,53,2009,2009,18 - 19 years,18-19,4005,2009
,Washington,53,2009,2009,20-24 years,20-24,10838,2009
,Washington,53,2009,2009,25-29 years,25-29,10227,2009
,Washington,53,2009,2009,30-34 years,30-34,6926,2009
,Washington,53,2009,2009,35-39 years,35-39,2875,2009
,Washington,53,2009,2009,40-44 years,40-44,634,2009
,Washington,53,2009,2009,45-49 years,45-49,56,2009
,West Virginia,54,2009,2009,Under 15 years,15-,22,2009
,West Virginia,54,2009,2009,15 - 17 years,15-17,755,2009
,West Virginia,54,2009,2009,18 - 19 years,18-19,1615,2009
,West Virginia,54,2009,2009,20-24 years,20-24,3217,2009
,West Virginia,54,2009,2009,25-29 years,25-29,2156,2009
,West Virginia,54,2009,2009,30-34 years,30-34,935,2009
,West Virginia,54,2009,2009,35-39 years,35-39,295,2009
,West Virginia,54,2009,2009,40-44 years,40-44,51,2009
,West Virginia,54,2009,2009,45-49 years,45-49,10,2009
,Wisconsin,55,2009,2009,Under 15 years,15-,60,2009
,Wisconsin,55,2009,2009,15 - 17 years,15-17,1473,2009
,Wisconsin,55,2009,2009,18 - 19 years,18-19,3276,2009
,Wisconsin,55,2009,2009,20-24 years,20-24,7930,2009
,Wisconsin,55,2009,2009,25-29 years,25-29,8623,2009
,Wisconsin,55,2009,2009,30-34 years,30-34,4508,2009
,Wisconsin,55,2009,2009,35-39 years,35-39,1337,2009
,Wisconsin,55,2009,2009,40-44 years,40-44,278,2009
,Wisconsin,55,2009,2009,45-49 years,45-49,13,2009
,Wyoming,56,2009,2009,15 - 17 years,15-17,189,2009
,Wyoming,56,2009,2009,18 - 19 years,18-19,490,2009
,Wyoming,56,2009,2009,20-24 years,20-24,1108,2009
,Wyoming,56,2009,2009,25-29 years,25-29,785,2009
,Wyoming,56,2009,2009,30-34 years,30-34,330,2009
,Wyoming,56,2009,2009,35-39 years,35-39,134,2009
,Wyoming,56,2009,2009,40-44 years,40-44,21,2009
---,,,,,,,,2009
"Dataset: Natality, 2007-2024",,,,,,,,2009
Query Parameters:,,,,,,,,2009
Live Birth Order: 1st child born alive to mother,,,,,,,,2009
Year: 2009,,,,,,,,2009
Group By: State; Year; Age of Mother 10,,,,,,,,2009
Show Totals: Disabled,,,,,,,,2009
Show Zero Values: False,,,,,,,,2009
Show Suppressed: False,,,,,,,,2009
"Calculate Rates Per: 1,000",,,,,,,,2009
Population Option: No populations shown because rates were not selected.,,,,,,,,2009
---,,,,,,,,2009
Help: See http://wonder.cdc.gov/wonder/help/natality.html for more information.,,,,,,,,2009
---,,,,,,,,2009
"Query Date: Mar 28, 2026 5:16:54 AM",,,,,,,,2009
---,,,,,,,,2009
"Suggested Citation: Centers for Disease Control and Prevention, National Center for Health Statistics. National Vital Statistics",,,,,,,,2009
"System, Natality on CDC WONDER Online Database. Data are from the Natality Records 2007-2024, as compiled from data provided by",,,,,,,,2009
the 57 vital statistics jurisdictions through the Vital Statistics Cooperative Program. Accessed at,,,,,,,,2009
"http://wonder.cdc.gov/natality-current.html on Mar 28, 2026 5:16:54 AM",,,,,,,,2009
---,,,,,,,,2009
Messages:,,,,,,,,2009
1. Totals are not available for these results due to suppression constraints. More Information:,,,,,,,,2009
http://wonder.cdc.gov/wonder/help/faq.html#Privacy.,,,,,,,,2009
2. Rows with zero Births are hidden. Use Quick Options above to show zero rows.,,,,,,,,2009
3. Rows with suppressed Births are hidden. Use Quick Options above to show suppressed rows.,,,,,,,,2009
---,,,,,,,,2009
Caveats:,,,,,,,,2009
1. 'Suppressed' appears when the data do not meet the criteria for confidentiality constraints. More information:,,,,,,,,2009
http://wonder.cdc.gov/wonder/help/natality.html#Assurance of Confidentiality.,,,,,,,,2009
2. Each birth record represents one liveborn infant.,,,,,,,,2009
,Alabama,01,2010,2010,Under 15 years,15-,109,2010
,Alabama,01,2010,2010,15 - 17 years,15-17,2038,2010
,Alabama,01,2010,2010,18 - 19 years,18-19,3912,2010
,Alabama,01,2010,2010,20-24 years,20-24,8729,2010
,Alabama,01,2010,2010,25-29 years,25-29,6192,2010
,Alabama,01,2010,2010,30-34 years,30-34,2775,2010
,Alabama,01,2010,2010,35-39 years,35-39,905,2010
,Alabama,01,2010,2010,40-44 years,40-44,189,2010
,Alaska,02,2010,2010,15 - 17 years,15-17,239,2010
,Alaska,02,2010,2010,18 - 19 years,18-19,557,2010
,Alaska,02,2010,2010,20-24 years,20-24,1639,2010
,Alaska,02,2010,2010,25-29 years,25-29,1054,2010
,Alaska,02,2010,2010,30-34 years,30-34,603,2010
,Alaska,02,2010,2010,35-39 years,35-39,200,2010
,Alaska,02,2010,2010,40-44 years,40-44,54,2010
,Arizona,04,2010,2010,Under 15 years,15-,106,2010
,Arizona,04,2010,2010,15 - 17 years,15-17,2634,2010
,Arizona,04,2010,2010,18 - 19 years,18-19,4818,2010
,Arizona,04,2010,2010,20-24 years,20-24,10323,2010
,Arizona,04,2010,2010,25-29 years,25-29,7690,2010
,Arizona,04,2010,2010,30-34 years,30-34,4477,2010
,Arizona,04,2010,2010,35-39 years,35-39,1718,2010
,Arizona,04,2010,2010,40-44 years,40-44,328,2010
,Arizona,04,2010,2010,45-49 years,45-49,23,2010
,Arkansas,05,2010,2010,Under 15 years,15-,70,2010
,Arkansas,05,2010,2010,15 - 17 years,15-17,1295,2010
,Arkansas,05,2010,2010,18 - 19 years,18-19,2870,2010
,Arkansas,05,2010,2010,20-24 years,20-24,5650,2010
,Arkansas,05,2010,2010,25-29 years,25-29,3525,2010
,Arkansas,05,2010,2010,30-34 years,30-34,1483,2010
,Arkansas,05,2010,2010,35-39 years,35-39,464,2010
,Arkansas,05,2010,2010,40-44 years,40-44,79,2010
,California,06,2010,2010,Under 15 years,15-,422,2010
,California,06,2010,2010,15 - 17 years,15-17,12175,2010
,California,06,2010,2010,18 - 19 years,18-19,23425,2010
,California,06,2010,2010,20-24 years,20-24,54579,2010
,California,06,2010,2010,25-29 years,25-29,49636,2010
,California,06,2010,2010,30-34 years,30-34,38991,2010
,California,06,2010,2010,35-39 years,35-39,17346,2010
,California,06,2010,2010,40-44 years,40-44,4263,2010
,California,06,2010,2010,45-49 years,45-49,378,2010
,California,06,2010,2010,50 years and over,50+,25,2010
,Colorado,08,2010,2010,Under 15 years,15-,56,2010
,Colorado,08,2010,2010,15 - 17 years,15-17,1584,2010
,Colorado,08,2010,2010,18 - 19 years,18-19,2933,2010
,Colorado,08,2010,2010,20-24 years,20-24,7210,2010
,Colorado,08,2010,2010,25-29 years,25-29,7247,2010
,Colorado,08,2010,2010,30-34 years,30-34,5550,2010
,Colorado,08,2010,2010,35-39 years,35-39,2186,2010
,Colorado,08,2010,2010,40-44 years,40-44,483,2010
,Colorado,08,2010,2010,45-49 years,45-49,39,2010
,Connecticut,09,2010,2010,Under 15 years,15-,20,2010
,Connecticut,09,2010,2010,15 - 17 years,15-17,575,2010
,Connecticut,09,2010,2010,18 - 19 years,18-19,1394,2010
,Connecticut,09,2010,2010,20-24 years,20-24,3751,2010
,Connecticut,09,2010,2010,25-29 years,25-29,4535,2010
,Connecticut,09,2010,2010,30-34 years,30-34,4220,2010
,Connecticut,09,2010,2010,35-39 years,35-39,1628,2010
,Connecticut,09,2010,2010,40-44 years,40-44,417,2010
,Connecticut,09,2010,2010,45-49 years,45-49,35,2010
,Delaware,10,2010,2010,Under 15 years,15-,15,2010
,Delaware,10,2010,2010,15 - 17 years,15-17,258,2010
,Delaware,10,2010,2010,18 - 19 years,18-19,531,2010
,Delaware,10,2010,2010,20-24 years,20-24,1357,2010
,Delaware,10,2010,2010,25-29 years,25-29,1348,2010
,Delaware,10,2010,2010,30-34 years,30-34,803,2010
,Delaware,10,2010,2010,35-39 years,35-39,310,2010
,Delaware,10,2010,2010,40-44 years,40-44,63,2010
,District of Columbia,11,2010,2010,Under 15 years,15-,16,2010
,District of Columbia,11,2010,2010,15 - 17 years,15-17,270,2010
,District of Columbia,11,2010,2010,18 - 19 years,18-19,485,2010
,District of Columbia,11,2010,2010,20-24 years,20-24,869,2010
,District of Columbia,11,2010,2010,25-29 years,25-29,743,2010
,District of Columbia,11,2010,2010,30-34 years,30-34,1152,2010
,District of Columbia,11,2010,2010,35-39 years,35-39,550,2010
,District of Columbia,11,2010,2010,40-44 years,40-44,124,2010
,District of Columbia,11,2010,2010,45-49 years,45-49,17,2010
,Florida,12,2010,2010,Under 15 years,15-,241,2010
,Florida,12,2010,2010,15 - 17 years,15-17,4827,2010
,Florida,12,2010,2010,18 - 19 years,18-19,10568,2010
,Florida,12,2010,2010,20-24 years,20-24,26908,2010
,Florida,12,2010,2010,25-29 years,25-29,23332,2010
,Florida,12,2010,2010,30-34 years,30-34,14921,2010
,Florida,12,2010,2010,35-39 years,35-39,6057,2010
,Florida,12,2010,2010,40-44 years,40-44,1399,2010
,Florida,12,2010,2010,45-49 years,45-49,103,2010
,Georgia,13,2010,2010,Under 15 years,15-,168,2010
,Georgia,13,2010,2010,15 - 17 years,15-17,3593,2010
,Georgia,13,2010,2010,18 - 19 years,18-19,6890,2010
,Georgia,13,2010,2010,20-24 years,20-24,15260,2010
,Georgia,13,2010,2010,25-29 years,25-29,12112,2010
,Georgia,13,2010,2010,30-34 years,30-34,7736,2010
,Georgia,13,2010,2010,35-39 years,35-39,3165,2010
,Georgia,13,2010,2010,40-44 years,40-44,766,2010
,Georgia,13,2010,2010,45-49 years,45-49,72,2010
,Hawaii,15,2010,2010,Under 15 years,15-,10,2010
,Hawaii,15,2010,2010,15 - 17 years,15-17,300,2010
,Hawaii,15,2010,2010,18 - 19 years,18-19,808,2010
,Hawaii,15,2010,2010,20-24 years,20-24,2362,2010
,Hawaii,15,2010,2010,25-29 years,25-29,1950,2010
,Hawaii,15,2010,2010,30-34 years,30-34,1405,2010
,Hawaii,15,2010,2010,35-39 years,35-39,668,2010
,Hawaii,15,2010,2010,40-44 years,40-44,171,2010
,Hawaii,15,2010,2010,45-49 years,45-49,13,2010
,Idaho,16,2010,2010,Under 15 years,15-,13,2010
,Idaho,16,2010,2010,15 - 17 years,15-17,461,2010
,Idaho,16,2010,2010,18 - 19 years,18-19,1101,2010
,Idaho,16,2010,2010,20-24 years,20-24,3221,2010
,Idaho,16,2010,2010,25-29 years,25-29,2103,2010
,Idaho,16,2010,2010,30-34 years,30-34,926,2010
,Idaho,16,2010,2010,35-39 years,35-39,266,2010
,Idaho,16,2010,2010,40-44 years,40-44,52,2010
,Illinois,17,2010,2010,Under 15 years,15-,175,2010
,Illinois,17,2010,2010,15 - 17 years,15-17,4087,2010
,Illinois,17,2010,2010,18 - 19 years,18-19,7603,2010
,Illinois,17,2010,2010,20-24 years,20-24,16613,2010
,Illinois,17,2010,2010,25-29 years,25-29,17576,2010
,Illinois,17,2010,2010,30-34 years,30-34,13437,2010
,Illinois,17,2010,2010,35-39 years,35-39,4585,2010
,Illinois,17,2010,2010,40-44 years,40-44,1021,2010
,Illinois,17,2010,2010,45-49 years,45-49,84,2010
,Indiana,18,2010,2010,Under 15 years,15-,90,2010
,Indiana,18,2010,2010,15 - 17 years,15-17,2340,2010
,Indiana,18,2010,2010,18 - 19 years,18-19,4884,2010
,Indiana,18,2010,2010,20-24 years,20-24,10830,2010
,Indiana,18,2010,2010,25-29 years,25-29,9033,2010
,Indiana,18,2010,2010,30-34 years,30-34,4305,2010
,Indiana,18,2010,2010,35-39 years,35-39,1297,2010
,Indiana,18,2010,2010,40-44 years,40-44,231,2010
,Indiana,18,2010,2010,45-49 years,45-49,17,2010
,Iowa,19,2010,2010,Under 15 years,15-,31,2010
,Iowa,19,2010,2010,15 - 17 years,15-17,749,2010
,Iowa,19,2010,2010,18 - 19 years,18-19,1769,2010
,Iowa,19,2010,2010,20-24 years,20-24,4800,2010
,Iowa,19,2010,2010,25-29 years,25-29,4862,2010
,Iowa,19,2010,2010,30-34 years,30-34,2076,2010
,Iowa,19,2010,2010,35-39 years,35-39,536,2010
,Iowa,19,2010,2010,40-44 years,40-44,124,2010
,Kansas,20,2010,2010,Under 15 years,15-,36,2010
,Kansas,20,2010,2010,15 - 17 years,15-17,1016,2010
,Kansas,20,2010,2010,18 - 19 years,18-19,2117,2010
,Kansas,20,2010,2010,20-24 years,20-24,5169,2010
,Kansas,20,2010,2010,25-29 years,25-29,4447,2010
,Kansas,20,2010,2010,30-34 years,30-34,1945,2010
,Kansas,20,2010,2010,35-39 years,35-39,578,2010
,Kansas,20,2010,2010,40-44 years,40-44,127,2010
,Kentucky,21,2010,2010,Under 15 years,15-,68,2010
,Kentucky,21,2010,2010,15 - 17 years,15-17,1708,2010
,Kentucky,21,2010,2010,18 - 19 years,18-19,3772,2010
,Kentucky,21,2010,2010,20-24 years,20-24,7862,2010
,Kentucky,21,2010,2010,25-29 years,25-29,5880,2010
,Kentucky,21,2010,2010,30-34 years,30-34,2900,2010
,Kentucky,21,2010,2010,35-39 years,35-39,832,2010
,Kentucky,21,2010,2010,40-44 years,40-44,169,2010
,Kentucky,21,2010,2010,45-49 years,45-49,10,2010
,Louisiana,22,2010,2010,Under 15 years,15-,119,2010
,Louisiana,22,2010,2010,15 - 17 years,15-17,1991,2010
,Louisiana,22,2010,2010,18 - 19 years,18-19,4187,2010
,Louisiana,22,2010,2010,20-24 years,20-24,8895,2010
,Louisiana,22,2010,2010,25-29 years,25-29,6007,2010
,Louisiana,22,2010,2010,30-34 years,30-34,2591,2010
,Louisiana,22,2010,2010,35-39 years,35-39,857,2010
,Louisiana,22,2010,2010,40-44 years,40-44,175,2010
,Louisiana,22,2010,2010,45-49 years,45-49,14,2010
,Maine,23,2010,2010,15 - 17 years,15-17,190,2010
,Maine,23,2010,2010,18 - 19 years,18-19,595,2010
,Maine,23,2010,2010,20-24 years,20-24,1878,2010
,Maine,23,2010,2010,25-29 years,25-29,1731,2010
,Maine,23,2010,2010,30-34 years,30-34,1024,2010
,Maine,23,2010,2010,35-39 years,35-39,354,2010
,Maine,23,2010,2010,40-44 years,40-44,83,2010
,Maryland,24,2010,2010,Under 15 years,15-,74,2010
,Maryland,24,2010,2010,15 - 17 years,15-17,1415,2010
,Maryland,24,2010,2010,18 - 19 years,18-19,2959,2010
,Maryland,24,2010,2010,20-24 years,20-24,7612,2010
,Maryland,24,2010,2010,25-29 years,25-29,8125,2010
,Maryland,24,2010,2010,30-34 years,30-34,6411,2010
,Maryland,24,2010,2010,35-39 years,35-39,2488,2010
,Maryland,24,2010,2010,40-44 years,40-44,644,2010
,Maryland,24,2010,2010,45-49 years,45-49,50,2010
,Maryland,24,2010,2010,50 years and over,50+,10,2010
,Massachusetts,25,2010,2010,Under 15 years,15-,40,2010
,Massachusetts,25,2010,2010,15 - 17 years,15-17,1072,2010
,Massachusetts,25,2010,2010,18 - 19 years,18-19,2317,2010
,Massachusetts,25,2010,2010,20-24 years,20-24,6723,2010
,Massachusetts,25,2010,2010,25-29 years,25-29,8885,2010
,Massachusetts,25,2010,2010,30-34 years,30-34,9373,2010
,Massachusetts,25,2010,2010,35-39 years,35-39,3746,2010
,Massachusetts,25,2010,2010,40-44 years,40-44,909,2010
,Massachusetts,25,2010,2010,45-49 years,45-49,72,2010
,Michigan,26,2010,2010,Under 15 years,15-,110,2010
,Michigan,26,2010,2010,15 - 17 years,15-17,2753,2010
,Michigan,26,2010,2010,18 - 19 years,18-19,6182,2010
,Michigan,26,2010,2010,20-24 years,20-24,14183,2010
,Michigan,26,2010,2010,25-29 years,25-29,12678,2010
,Michigan,26,2010,2010,30-34 years,30-34,7158,2010
,Michigan,26,2010,2010,35-39 years,35-39,2438,2010
,Michigan,26,2010,2010,40-44 years,40-44,461,2010
,Michigan,26,2010,2010,45-49 years,45-49,49,2010
,Minnesota,27,2010,2010,Under 15 years,15-,45,2010
,Minnesota,27,2010,2010,15 - 17 years,15-17,987,2010
,Minnesota,27,2010,2010,18 - 19 years,18-19,2358,2010
,Minnesota,27,2010,2010,20-24 years,20-24,6726,2010
,Minnesota,27,2010,2010,25-29 years,25-29,9029,2010
,Minnesota,27,2010,2010,30-34 years,30-34,5450,2010
,Minnesota,27,2010,2010,35-39 years,35-39,1652,2010
,Minnesota,27,2010,2010,40-44 years,40-44,344,2010
,Minnesota,27,2010,2010,45-49 years,45-49,20,2010
,Mississippi,28,2010,2010,Under 15 years,15-,110,2010
,Mississippi,28,2010,2010,15 - 17 years,15-17,1751,2010
,Mississippi,28,2010,2010,18 - 19 years,18-19,3020,2010
,Mississippi,28,2010,2010,20-24 years,20-24,5617,2010
,Mississippi,28,2010,2010,25-29 years,25-29,3493,2010
,Mississippi,28,2010,2010,30-34 years,30-34,1343,2010
,Mississippi,28,2010,2010,35-39 years,35-39,399,2010
,Mississippi,28,2010,2010,40-44 years,40-44,76,2010
,Missouri,29,2010,2010,Under 15 years,15-,71,2010
,Missouri,29,2010,2010,15 - 17 years,15-17,1874,2010
,Missouri,29,2010,2010,18 - 19 years,18-19,4395,2010
,Missouri,29,2010,2010,20-24 years,20-24,10079,2010
,Missouri,29,2010,2010,25-29 years,25-29,8435,2010
,Missouri,29,2010,2010,30-34 years,30-34,4311,2010
,Missouri,29,2010,2010,35-39 years,35-39,1265,2010
,Missouri,29,2010,2010,40-44 years,40-44,269,2010
,Missouri,29,2010,2010,45-49 years,45-49,15,2010
,Montana,30,2010,2010,Under 15 years,15-,12,2010
,Montana,30,2010,2010,15 - 17 years,15-17,232,2010
,Montana,30,2010,2010,18 - 19 years,18-19,705,2010
,Montana,30,2010,2010,20-24 years,20-24,1556,2010
,Montana,30,2010,2010,25-29 years,25-29,1216,2010
,Montana,30,2010,2010,30-34 years,30-34,697,2010
,Montana,30,2010,2010,35-39 years,35-39,248,2010
,Montana,30,2010,2010,40-44 years,40-44,41,2010
,Nebraska,31,2010,2010,Under 15 years,15-,18,2010
,Nebraska,31,2010,2010,15 - 17 years,15-17,513,2010
,Nebraska,31,2010,2010,18 - 19 years,18-19,1128,2010
,Nebraska,31,2010,2010,20-24 years,20-24,3105,2010
,Nebraska,31,2010,2010,25-29 years,25-29,3211,2010
,Nebraska,31,2010,2010,30-34 years,30-34,1339,2010
,Nebraska,31,2010,2010,35-39 years,35-39,399,2010
,Nebraska,31,2010,2010,40-44 years,40-44,72,2010
,Nevada,32,2010,2010,Under 15 years,15-,46,2010
,Nevada,32,2010,2010,15 - 17 years,15-17,927,2010
,Nevada,32,2010,2010,18 - 19 years,18-19,1801,2010
,Nevada,32,2010,2010,20-24 years,20-24,4172,2010
,Nevada,32,2010,2010,25-29 years,25-29,3625,2010
,Nevada,32,2010,2010,30-34 years,30-34,2179,2010
,Nevada,32,2010,2010,35-39 years,35-39,901,2010
,Nevada,32,2010,2010,40-44 years,40-44,206,2010
,Nevada,32,2010,2010,45-49 years,45-49,15,2010
,New Hampshire,33,2010,2010,15 - 17 years,15-17,155,2010
,New Hampshire,33,2010,2010,18 - 19 years,18-19,487,2010
,New Hampshire,33,2010,2010,20-24 years,20-24,1519,2010
,New Hampshire,33,2010,2010,25-29 years,25-29,1681,2010
,New Hampshire,33,2010,2010,30-34 years,30-34,1308,2010
,New Hampshire,33,2010,2010,35-39 years,35-39,425,2010
,New Hampshire,33,2010,2010,40-44 years,40-44,95,2010
,New Jersey,34,2010,2010,Under 15 years,15-,74,2010
,New Jersey,34,2010,2010,15 - 17 years,15-17,1605,2010
,New Jersey,34,2010,2010,18 - 19 years,18-19,3239,2010
,New Jersey,34,2010,2010,20-24 years,20-24,9751,2010
,New Jersey,34,2010,2010,25-29 years,25-29,12157,2010
,New Jersey,34,2010,2010,30-34 years,30-34,11220,2010
,New Jersey,34,2010,2010,35-39 years,35-39,4423,2010
,New Jersey,34,2010,2010,40-44 years,40-44,1026,2010
,New Jersey,34,2010,2010,45-49 years,45-49,95,2010
,New Jersey,34,2010,2010,50 years and over,50+,11,2010
,New Mexico,35,2010,2010,Under 15 years,15-,44,2010
,New Mexico,35,2010,2010,15 - 17 years,15-17,1157,2010
,New Mexico,35,2010,2010,18 - 19 years,18-19,1914,2010
,New Mexico,35,2010,2010,20-24 years,20-24,3696,2010
,New Mexico,35,2010,2010,25-29 years,25-29,2204,2010
,New Mexico,35,2010,2010,30-34 years,30-34,1158,2010
,New Mexico,35,2010,2010,35-39 years,35-39,508,2010
,New Mexico,35,2010,2010,40-44 years,40-44,129,2010
,New York,36,2010,2010,Under 15 years,15-,181,2010
,New York,36,2010,2010,15 - 17 years,15-17,4055,2010
,New York,36,2010,2010,18 - 19 years,18-19,8853,2010
,New York,36,2010,2010,20-24 years,20-24,27192,2010
,New York,36,2010,2010,25-29 years,25-29,27024,2010
,New York,36,2010,2010,30-34 years,30-34,24188,2010
,New York,36,2010,2010,35-39 years,35-39,10541,2010
,New York,36,2010,2010,40-44 years,40-44,2732,2010
,New York,36,2010,2010,45-49 years,45-49,242,2010
,New York,36,2010,2010,50 years and over,50+,27,2010
,North Carolina,37,2010,2010,Under 15 years,15-,160,2010
,North Carolina,37,2010,2010,15 - 17 years,15-17,3395,2010
,North Carolina,37,2010,2010,18 - 19 years,18-19,6640,2010
,North Carolina,37,2010,2010,20-24 years,20-24,16263,2010
,North Carolina,37,2010,2010,25-29 years,25-29,12911,2010
,North Carolina,37,2010,2010,30-34 years,30-34,8070,2010
,North Carolina,37,2010,2010,35-39 years,35-39,3013,2010
,North Carolina,37,2010,2010,40-44 years,40-44,629,2010
,North Carolina,37,2010,2010,45-49 years,45-49,39,2010
,North Dakota,38,2010,2010,15 - 17 years,15-17,150,2010
,North Dakota,38,2010,2010,18 - 19 years,18-19,400,2010
,North Dakota,38,2010,2010,20-24 years,20-24,1187,2010
,North Dakota,38,2010,2010,25-29 years,25-29,1272,2010
,North Dakota,38,2010,2010,30-34 years,30-34,470,2010
,North Dakota,38,2010,2010,35-39 years,35-39,123,2010
,North Dakota,38,2010,2010,40-44 years,40-44,22,2010
,Ohio,39,2010,2010,Under 15 years,15-,166,2010
,Ohio,39,2010,2010,15 - 17 years,15-17,3483,2010
,Ohio,39,2010,2010,18 - 19 years,18-19,7739,2010
,Ohio,39,2010,2010,20-24 years,20-24,17033,2010
,Ohio,39,2010,2010,25-29 years,25-29,14818,2010
,Ohio,39,2010,2010,30-34 years,30-34,8351,2010
,Ohio,39,2010,2010,35-39 years,35-39,2674,2010
,Ohio,39,2010,2010,40-44 years,40-44,564,2010
,Ohio,39,2010,2010,45-49 years,45-49,35,2010
,Oklahoma,40,2010,2010,Under 15 years,15-,95,2010
,Oklahoma,40,2010,2010,15 - 17 years,15-17,1720,2010
,Oklahoma,40,2010,2010,18 - 19 years,18-19,3475,2010
,Oklahoma,40,2010,2010,20-24 years,20-24,7546,2010
,Oklahoma,40,2010,2010,25-29 years,25-29,5244,2010
,Oklahoma,40,2010,2010,30-34 years,30-34,2260,2010
,Oklahoma,40,2010,2010,35-39 years,35-39,645,2010
,Oklahoma,40,2010,2010,40-44 years,40-44,162,2010
,Oklahoma,40,2010,2010,45-49 years,45-49,12,2010
,Oregon,41,2010,2010,Under 15 years,15-,27,2010
,Oregon,41,2010,2010,15 - 17 years,15-17,902,2010
,Oregon,41,2010,2010,18 - 19 years,18-19,2049,2010
,Oregon,41,2010,2010,20-24 years,20-24,5304,2010
,Oregon,41,2010,2010,25-29 years,25-29,4943,2010
,Oregon,41,2010,2010,30-34 years,30-34,3571,2010
,Oregon,41,2010,2010,35-39 years,35-39,1394,2010
,Oregon,41,2010,2010,40-44 years,40-44,284,2010
,Oregon,41,2010,2010,45-49 years,45-49,17,2010
,Pennsylvania,42,2010,2010,Under 15 years,15-,148,2010
,Pennsylvania,42,2010,2010,15 - 17 years,15-17,3259,2010
,Pennsylvania,42,2010,2010,18 - 19 years,18-19,6663,2010
,Pennsylvania,42,2010,2010,20-24 years,20-24,16414,2010
,Pennsylvania,42,2010,2010,25-29 years,25-29,16612,2010
,Pennsylvania,42,2010,2010,30-34 years,30-34,11280,2010
,Pennsylvania,42,2010,2010,35-39 years,35-39,3686,2010
,Pennsylvania,42,2010,2010,40-44 years,40-44,734,2010
,Pennsylvania,42,2010,2010,45-49 years,45-49,49,2010
,Rhode Island,44,2010,2010,15 - 17 years,15-17,250,2010
,Rhode Island,44,2010,2010,18 - 19 years,18-19,468,2010
,Rhode Island,44,2010,2010,20-24 years,20-24,1240,2010
,Rhode Island,44,2010,2010,25-29 years,25-29,1285,2010
,Rhode Island,44,2010,2010,30-34 years,30-34,1031,2010
,Rhode Island,44,2010,2010,35-39 years,35-39,386,2010
,Rhode Island,44,2010,2010,40-44 years,40-44,81,2010
,South Carolina,45,2010,2010,Under 15 years,15-,106,2010
,South Carolina,45,2010,2010,15 - 17 years,15-17,1814,2010
,South Carolina,45,2010,2010,18 - 19 years,18-19,3745,2010
,South Carolina,45,2010,2010,20-24 years,20-24,7843,2010
,South Carolina,45,2010,2010,25-29 years,25-29,5856,2010
,South Carolina,45,2010,2010,30-34 years,30-34,3209,2010
,South Carolina,45,2010,2010,35-39 years,35-39,1064,2010
,South Carolina,45,2010,2010,40-44 years,40-44,258,2010
,South Carolina,45,2010,2010,45-49 years,45-49,11,2010
,South Dakota,46,2010,2010,Under 15 years,15-,10,2010
,South Dakota,46,2010,2010,15 - 17 years,15-17,247,2010
,South Dakota,46,2010,2010,18 - 19 years,18-19,551,2010
,South Dakota,46,2010,2010,20-24 years,20-24,1487,2010
,South Dakota,46,2010,2010,25-29 years,25-29,1365,2010
,South Dakota,46,2010,2010,30-34 years,30-34,512,2010
,South Dakota,46,2010,2010,35-39 years,35-39,152,2010
,South Dakota,46,2010,2010,40-44 years,40-44,20,2010
,Tennessee,47,2010,2010,Under 15 years,15-,113,2010
,Tennessee,47,2010,2010,15 - 17 years,15-17,2296,2010
,Tennessee,47,2010,2010,18 - 19 years,18-19,5182,2010
,Tennessee,47,2010,2010,20-24 years,20-24,10919,2010
,Tennessee,47,2010,2010,25-29 years,25-29,8093,2010
,Tennessee,47,2010,2010,30-34 years,30-34,4207,2010
,Tennessee,47,2010,2010,35-39 years,35-39,1395,2010
,Tennessee,47,2010,2010,40-44 years,40-44,292,2010
,Tennessee,47,2010,2010,45-49 years,45-49,16,2010
,Texas,48,2010,2010,Under 15 years,15-,697,2010
,Texas,48,2010,2010,15 - 17 years,15-17,14218,2010
,Texas,48,2010,2010,18 - 19 years,18-19,23071,2010
,Texas,48,2010,2010,20-24 years,20-24,45678,2010
,Texas,48,2010,2010,25-29 years,25-29,35697,2010
,Texas,48,2010,2010,30-34 years,30-34,20905,2010
,Texas,48,2010,2010,35-39 years,35-39,7789,2010
,Texas,48,2010,2010,40-44 years,40-44,1630,2010
,Texas,48,2010,2010,45-49 years,45-49,116,2010
,Texas,48,2010,2010,50 years and over,50+,24,2010
,Utah,49,2010,2010,Under 15 years,15-,27,2010
,Utah,49,2010,2010,15 - 17 years,15-17,804,2010
,Utah,49,2010,2010,18 - 19 years,18-19,1697,2010
,Utah,49,2010,2010,20-24 years,20-24,6733,2010
,Utah,49,2010,2010,25-29 years,25-29,5068,2010
,Utah,49,2010,2010,30-34 years,30-34,1877,2010
,Utah,49,2010,2010,35-39 years,35-39,546,2010
,Utah,49,2010,2010,40-44 years,40-44,115,2010
,Vermont,50,2010,2010,15 - 17 years,15-17,88,2010
,Vermont,50,2010,2010,18 - 19 years,18-19,267,2010
,Vermont,50,2010,2010,20-24 years,20-24,744,2010
,Vermont,50,2010,2010,25-29 years,25-29,747,2010
,Vermont,50,2010,2010,30-34 years,30-34,657,2010
,Vermont,50,2010,2010,35-39 years,35-39,222,2010
,Vermont,50,2010,2010,40-44 years,40-44,48,2010
,Virginia,51,2010,2010,Under 15 years,15-,71,2010
,Virginia,51,2010,2010,15 - 17 years,15-17,1788,2010
,Virginia,51,2010,2010,18 - 19 years,18-19,4373,2010
,Virginia,51,2010,2010,20-24 years,20-24,12231,2010
,Virginia,51,2010,2010,25-29 years,25-29,12058,2010
,Virginia,51,2010,2010,30-34 years,30-34,8673,2010
,Virginia,51,2010,2010,35-39 years,35-39,3267,2010
,Virginia,51,2010,2010,40-44 years,40-44,764,2010
,Virginia,51,2010,2010,45-49 years,45-49,72,2010
,Washington,53,2010,2010,Under 15 years,15-,53,2010
,Washington,53,2010,2010,15 - 17 years,15-17,1604,2010
,Washington,53,2010,2010,18 - 19 years,18-19,3404,2010
,Washington,53,2010,2010,20-24 years,20-24,9995,2010
,Washington,53,2010,2010,25-29 years,25-29,10075,2010
,Washington,53,2010,2010,30-34 years,30-34,7291,2010
,Washington,53,2010,2010,35-39 years,35-39,3023,2010
,Washington,53,2010,2010,40-44 years,40-44,653,2010
,Washington,53,2010,2010,45-49 years,45-49,69,2010
,West Virginia,54,2010,2010,Under 15 years,15-,21,2010
,West Virginia,54,2010,2010,15 - 17 years,15-17,658,2010
,West Virginia,54,2010,2010,18 - 19 years,18-19,1509,2010
,West Virginia,54,2010,2010,20-24 years,20-24,3081,2010
,West Virginia,54,2010,2010,25-29 years,25-29,2116,2010
,West Virginia,54,2010,2010,30-34 years,30-34,998,2010
,West Virginia,54,2010,2010,35-39 years,35-39,294,2010
,West Virginia,54,2010,2010,40-44 years,40-44,69,2010
,Wisconsin,55,2010,2010,Under 15 years,15-,57,2010
,Wisconsin,55,2010,2010,15 - 17 years,15-17,1249,2010
,Wisconsin,55,2010,2010,18 - 19 years,18-19,2927,2010
,Wisconsin,55,2010,2010,20-24 years,20-24,7638,2010
,Wisconsin,55,2010,2010,25-29 years,25-29,8339,2010
,Wisconsin,55,2010,2010,30-34 years,30-34,4737,2010
,Wisconsin,55,2010,2010,35-39 years,35-39,1367,2010
,Wisconsin,55,2010,2010,40-44 years,40-44,265,2010
,Wisconsin,55,2010,2010,45-49 years,45-49,13,2010
,Wyoming,56,2010,2010,15 - 17 years,15-17,172,2010
,Wyoming,56,2010,2010,18 - 19 years,18-19,438,2010
,Wyoming,56,2010,2010,20-24 years,20-24,1114,2010
,Wyoming,56,2010,2010,25-29 years,25-29,797,2010
,Wyoming,56,2010,2010,30-34 years,30-34,347,2010
,Wyoming,56,2010,2010,35-39 years,35-39,122,2010
,Wyoming,56,2010,2010,40-44 years,40-44,29,2010
---,,,,,,,,2010
"Dataset: Natality, 2007-2024",,,,,,,,2010
Query Parameters:,,,,,,,,2010
Live Birth Order: 1st child born alive to mother,,,,,,,,2010
Year: 2010,,,,,,,,2010
Group By: State; Year; Age of Mother 10,,,,,,,,2010
Show Totals: Disabled,,,,,,,,2010
Show Zero Values: False,,,,,,,,2010
Show Suppressed: False,,,,,,,,2010
"Calculate Rates Per: 1,000",,,,,,,,2010
Population Option: No populations shown because rates were not selected.,,,,,,,,2010
---,,,,,,,,2010
Help: See http://wonder.cdc.gov/wonder/help/natality.html for more information.,,,,,,,,2010
---,,,,,,,,2010
"Query Date: Mar 28, 2026 5:17:03 AM",,,,,,,,2010
---,,,,,,,,2010
"Suggested Citation: Centers for Disease Control and Prevention, National Center for Health Statistics. National Vital Statistics",,,,,,,,2010
"System, Natality on CDC WONDER Online Database. Data are from the Natality Records 2007-2024, as compiled from data provided by",,,,,,,,2010
the 57 vital statistics jurisdictions through the Vital Statistics Cooperative Program. Accessed at,,,,,,,,2010
"http://wonder.cdc.gov/natality-current.html on Mar 28, 2026 5:17:03 AM",,,,,,,,2010
---,,,,,,,,2010
Messages:,,,,,,,,2010
1. Totals are not available for these results due to suppression constraints. More Information:,,,,,,,,2010
http://wonder.cdc.gov/wonder/help/faq.html#Privacy.,,,,,,,,2010
2. Rows with zero Births are hidden. Use Quick Options above to show zero rows.,,,,,,,,2010
3. Rows with suppressed Births are hidden. Use Quick Options above to show suppressed rows.,,,,,,,,2010
---,,,,,,,,2010
Caveats:,,,,,,,,2010
1. 'Suppressed' appears when the data do not meet the criteria for confidentiality constraints. More information:,,,,,,,,2010
http://wonder.cdc.gov/wonder/help/natality.html#Assurance of Confidentiality.,,,,,,,,2010
2. Each birth record represents one liveborn infant.,,,,,,,,2010
,Alabama,01,2011,2011,Under 15 years,15-,93,2011
,Alabama,01,2011,2011,15 - 17 years,15-17,1839,2011
,Alabama,01,2011,2011,18 - 19 years,18-19,3616,2011
,Alabama,01,2011,2011,20-24 years,20-24,8748,2011
,Alabama,01,2011,2011,25-29 years,25-29,6227,2011
,Alabama,01,2011,2011,30-34 years,30-34,2999,2011
,Alabama,01,2011,2011,35-39 years,35-39,871,2011
,Alabama,01,2011,2011,40-44 years,40-44,175,2011
,Alabama,01,2011,2011,45-49 years,45-49,15,2011
,Alaska,02,2011,2011,15 - 17 years,15-17,187,2011
,Alaska,02,2011,2011,18 - 19 years,18-19,530,2011
,Alaska,02,2011,2011,20-24 years,20-24,1675,2011
,Alaska,02,2011,2011,25-29 years,25-29,1186,2011
,Alaska,02,2011,2011,30-34 years,30-34,617,2011
,Alaska,02,2011,2011,35-39 years,35-39,222,2011
,Alaska,02,2011,2011,40-44 years,40-44,41,2011
,Arizona,04,2011,2011,Under 15 years,15-,101,2011
,Arizona,04,2011,2011,15 - 17 years,15-17,2234,2011
,Arizona,04,2011,2011,18 - 19 years,18-19,4487,2011
,Arizona,04,2011,2011,20-24 years,20-24,9996,2011
,Arizona,04,2011,2011,25-29 years,25-29,7839,2011
,Arizona,04,2011,2011,30-34 years,30-34,4671,2011
,Arizona,04,2011,2011,35-39 years,35-39,1777,2011
,Arizona,04,2011,2011,40-44 years,40-44,398,2011
,Arizona,04,2011,2011,45-49 years,45-49,24,2011
,Arkansas,05,2011,2011,Under 15 years,15-,51,2011
,Arkansas,05,2011,2011,15 - 17 years,15-17,1208,2011
,Arkansas,05,2011,2011,18 - 19 years,18-19,2705,2011
,Arkansas,05,2011,2011,20-24 years,20-24,5579,2011
,Arkansas,05,2011,2011,25-29 years,25-29,3682,2011
,Arkansas,05,2011,2011,30-34 years,30-34,1545,2011
,Arkansas,05,2011,2011,35-39 years,35-39,476,2011
,Arkansas,05,2011,2011,40-44 years,40-44,84,2011
,California,06,2011,2011,Under 15 years,15-,424,2011
,California,06,2011,2011,15 - 17 years,15-17,10893,2011
,California,06,2011,2011,18 - 19 years,18-19,20819,2011
,California,06,2011,2011,20-24 years,20-24,52359,2011
,California,06,2011,2011,25-29 years,25-29,49096,2011
,California,06,2011,2011,30-34 years,30-34,40415,2011
,California,06,2011,2011,35-39 years,35-39,17279,2011
,California,06,2011,2011,40-44 years,40-44,4420,2011
,California,06,2011,2011,45-49 years,45-49,365,2011
,California,06,2011,2011,50 years and over,50+,40,2011
,Colorado,08,2011,2011,Under 15 years,15-,66,2011
,Colorado,08,2011,2011,15 - 17 years,15-17,1297,2011
,Colorado,08,2011,2011,18 - 19 years,18-19,2649,2011
,Colorado,08,2011,2011,20-24 years,20-24,6928,2011
,Colorado,08,2011,2011,25-29 years,25-29,7362,2011
,Colorado,08,2011,2011,30-34 years,30-34,5962,2011
,Colorado,08,2011,2011,35-39 years,35-39,2253,2011
,Colorado,08,2011,2011,40-44 years,40-44,488,2011
,Colorado,08,2011,2011,45-49 years,45-49,38,2011
,Connecticut,09,2011,2011,Under 15 years,15-,24,2011
,Connecticut,09,2011,2011,15 - 17 years,15-17,511,2011
,Connecticut,09,2011,2011,18 - 19 years,18-19,1249,2011
,Connecticut,09,2011,2011,20-24 years,20-24,3674,2011
,Connecticut,09,2011,2011,25-29 years,25-29,4567,2011
,Connecticut,09,2011,2011,30-34 years,30-34,4130,2011
,Connecticut,09,2011,2011,35-39 years,35-39,1469,2011
,Connecticut,09,2011,2011,40-44 years,40-44,382,2011
,Connecticut,09,2011,2011,45-49 years,45-49,33,2011
,Delaware,10,2011,2011,Under 15 years,15-,12,2011
,Delaware,10,2011,2011,15 - 17 years,15-17,224,2011
,Delaware,10,2011,2011,18 - 19 years,18-19,498,2011
,Delaware,10,2011,2011,20-24 years,20-24,1331,2011
,Delaware,10,2011,2011,25-29 years,25-29,1291,2011
,Delaware,10,2011,2011,30-34 years,30-34,813,2011
,Delaware,10,2011,2011,35-39 years,35-39,295,2011
,Delaware,10,2011,2011,40-44 years,40-44,70,2011
,District of Columbia,11,2011,2011,Under 15 years,15-,28,2011
,District of Columbia,11,2011,2011,15 - 17 years,15-17,240,2011
,District of Columbia,11,2011,2011,18 - 19 years,18-19,463,2011
,District of Columbia,11,2011,2011,20-24 years,20-24,880,2011
,District of Columbia,11,2011,2011,25-29 years,25-29,711,2011
,District of Columbia,11,2011,2011,30-34 years,30-34,1266,2011
,District of Columbia,11,2011,2011,35-39 years,35-39,573,2011
,District of Columbia,11,2011,2011,40-44 years,40-44,146,2011
,District of Columbia,11,2011,2011,45-49 years,45-49,11,2011
,Florida,12,2011,2011,Under 15 years,15-,187,2011
,Florida,12,2011,2011,15 - 17 years,15-17,4283,2011
,Florida,12,2011,2011,18 - 19 years,18-19,9642,2011
,Florida,12,2011,2011,20-24 years,20-24,26934,2011
,Florida,12,2011,2011,25-29 years,25-29,23352,2011
,Florida,12,2011,2011,30-34 years,30-34,15593,2011
,Florida,12,2011,2011,35-39 years,35-39,6266,2011
,Florida,12,2011,2011,40-44 years,40-44,1468,2011
,Florida,12,2011,2011,45-49 years,45-49,110,2011
,Georgia,13,2011,2011,Under 15 years,15-,169,2011
,Georgia,13,2011,2011,15 - 17 years,15-17,3276,2011
,Georgia,13,2011,2011,18 - 19 years,18-19,6559,2011
,Georgia,13,2011,2011,20-24 years,20-24,15513,2011
,Georgia,13,2011,2011,25-29 years,25-29,12345,2011
,Georgia,13,2011,2011,30-34 years,30-34,8237,2011
,Georgia,13,2011,2011,35-39 years,35-39,3074,2011
,Georgia,13,2011,2011,40-44 years,40-44,711,2011
,Georgia,13,2011,2011,45-49 years,45-49,54,2011
,Hawaii,15,2011,2011,Under 15 years,15-,12,2011
,Hawaii,15,2011,2011,15 - 17 years,15-17,278,2011
,Hawaii,15,2011,2011,18 - 19 years,18-19,714,2011
,Hawaii,15,2011,2011,20-24 years,20-24,2407,2011
,Hawaii,15,2011,2011,25-29 years,25-29,1940,2011
,Hawaii,15,2011,2011,30-34 years,30-34,1455,2011
,Hawaii,15,2011,2011,35-39 years,35-39,665,2011
,Hawaii,15,2011,2011,40-44 years,40-44,169,2011
,Hawaii,15,2011,2011,45-49 years,45-49,14,2011
,Idaho,16,2011,2011,Under 15 years,15-,15,2011
,Idaho,16,2011,2011,15 - 17 years,15-17,353,2011
,Idaho,16,2011,2011,18 - 19 years,18-19,957,2011
,Idaho,16,2011,2011,20-24 years,20-24,3156,2011
,Idaho,16,2011,2011,25-29 years,25-29,2005,2011
,Idaho,16,2011,2011,30-34 years,30-34,927,2011
,Idaho,16,2011,2011,35-39 years,35-39,265,2011
,Idaho,16,2011,2011,40-44 years,40-44,68,2011
,Illinois,17,2011,2011,Under 15 years,15-,131,2011
,Illinois,17,2011,2011,15 - 17 years,15-17,3640,2011
,Illinois,17,2011,2011,18 - 19 years,18-19,6779,2011
,Illinois,17,2011,2011,20-24 years,20-24,16066,2011
,Illinois,17,2011,2011,25-29 years,25-29,17760,2011
,Illinois,17,2011,2011,30-34 years,30-34,13376,2011
,Illinois,17,2011,2011,35-39 years,35-39,4571,2011
,Illinois,17,2011,2011,40-44 years,40-44,1059,2011
,Illinois,17,2011,2011,45-49 years,45-49,83,2011
,Indiana,18,2011,2011,Under 15 years,15-,92,2011
,Indiana,18,2011,2011,15 - 17 years,15-17,1990,2011
,Indiana,18,2011,2011,18 - 19 years,18-19,4610,2011
,Indiana,18,2011,2011,20-24 years,20-24,11037,2011
,Indiana,18,2011,2011,25-29 years,25-29,9041,2011
,Indiana,18,2011,2011,30-34 years,30-34,4526,2011
,Indiana,18,2011,2011,35-39 years,35-39,1332,2011
,Indiana,18,2011,2011,40-44 years,40-44,239,2011
,Indiana,18,2011,2011,45-49 years,45-49,14,2011
,Iowa,19,2011,2011,Under 15 years,15-,20,2011
,Iowa,19,2011,2011,15 - 17 years,15-17,651,2011
,Iowa,19,2011,2011,18 - 19 years,18-19,1589,2011
,Iowa,19,2011,2011,20-24 years,20-24,4578,2011
,Iowa,19,2011,2011,25-29 years,25-29,4846,2011
,Iowa,19,2011,2011,30-34 years,30-34,2232,2011
,Iowa,19,2011,2011,35-39 years,35-39,513,2011
,Iowa,19,2011,2011,40-44 years,40-44,107,2011
,Kansas,20,2011,2011,Under 15 years,15-,51,2011
,Kansas,20,2011,2011,15 - 17 years,15-17,826,2011
,Kansas,20,2011,2011,18 - 19 years,18-19,1977,2011
,Kansas,20,2011,2011,20-24 years,20-24,4867,2011
,Kansas,20,2011,2011,25-29 years,25-29,4434,2011
,Kansas,20,2011,2011,30-34 years,30-34,2051,2011
,Kansas,20,2011,2011,35-39 years,35-39,555,2011
,Kansas,20,2011,2011,40-44 years,40-44,122,2011
,Kentucky,21,2011,2011,Under 15 years,15-,55,2011
,Kentucky,21,2011,2011,15 - 17 years,15-17,1507,2011
,Kentucky,21,2011,2011,18 - 19 years,18-19,3551,2011
,Kentucky,21,2011,2011,20-24 years,20-24,7708,2011
,Kentucky,21,2011,2011,25-29 years,25-29,5886,2011
,Kentucky,21,2011,2011,30-34 years,30-34,2903,2011
,Kentucky,21,2011,2011,35-39 years,35-39,884,2011
,Kentucky,21,2011,2011,40-44 years,40-44,158,2011
,Kentucky,21,2011,2011,45-49 years,45-49,17,2011
,Louisiana,22,2011,2011,Under 15 years,15-,108,2011
,Louisiana,22,2011,2011,15 - 17 years,15-17,1670,2011
,Louisiana,22,2011,2011,18 - 19 years,18-19,3804,2011
,Louisiana,22,2011,2011,20-24 years,20-24,8539,2011
,Louisiana,22,2011,2011,25-29 years,25-29,6020,2011
,Louisiana,22,2011,2011,30-34 years,30-34,2753,2011
,Louisiana,22,2011,2011,35-39 years,35-39,787,2011
,Louisiana,22,2011,2011,40-44 years,40-44,186,2011
,Maine,23,2011,2011,15 - 17 years,15-17,217,2011
,Maine,23,2011,2011,18 - 19 years,18-19,551,2011
,Maine,23,2011,2011,20-24 years,20-24,1742,2011
,Maine,23,2011,2011,25-29 years,25-29,1667,2011
,Maine,23,2011,2011,30-34 years,30-34,1035,2011
,Maine,23,2011,2011,35-39 years,35-39,342,2011
,Maine,23,2011,2011,40-44 years,40-44,65,2011
,Maryland,24,2011,2011,Under 15 years,15-,71,2011
,Maryland,24,2011,2011,15 - 17 years,15-17,1203,2011
,Maryland,24,2011,2011,18 - 19 years,18-19,2598,2011
,Maryland,24,2011,2011,20-24 years,20-24,7373,2011
,Maryland,24,2011,2011,25-29 years,25-29,8186,2011
,Maryland,24,2011,2011,30-34 years,30-34,6432,2011
,Maryland,24,2011,2011,35-39 years,35-39,2463,2011
,Maryland,24,2011,2011,40-44 years,40-44,637,2011
,Maryland,24,2011,2011,45-49 years,45-49,57,2011
,Massachusetts,25,2011,2011,Under 15 years,15-,30,2011
,Massachusetts,25,2011,2011,15 - 17 years,15-17,901,2011
,Massachusetts,25,2011,2011,18 - 19 years,18-19,2058,2011
,Massachusetts,25,2011,2011,20-24 years,20-24,6551,2011
,Massachusetts,25,2011,2011,25-29 years,25-29,8984,2011
,Massachusetts,25,2011,2011,30-34 years,30-34,9788,2011
,Massachusetts,25,2011,2011,35-39 years,35-39,3772,2011
,Massachusetts,25,2011,2011,40-44 years,40-44,858,2011
,Massachusetts,25,2011,2011,45-49 years,45-49,64,2011
,Michigan,26,2011,2011,Under 15 years,15-,93,2011
,Michigan,26,2011,2011,15 - 17 years,15-17,2397,2011
,Michigan,26,2011,2011,18 - 19 years,18-19,5595,2011
,Michigan,26,2011,2011,20-24 years,20-24,14513,2011
,Michigan,26,2011,2011,25-29 years,25-29,12715,2011
,Michigan,26,2011,2011,30-34 years,30-34,7372,2011
,Michigan,26,2011,2011,35-39 years,35-39,2300,2011
,Michigan,26,2011,2011,40-44 years,40-44,535,2011
,Michigan,26,2011,2011,45-49 years,45-49,25,2011
,Minnesota,27,2011,2011,Under 15 years,15-,42,2011
,Minnesota,27,2011,2011,15 - 17 years,15-17,860,2011
,Minnesota,27,2011,2011,18 - 19 years,18-19,2058,2011
,Minnesota,27,2011,2011,20-24 years,20-24,6420,2011
,Minnesota,27,2011,2011,25-29 years,25-29,9210,2011
,Minnesota,27,2011,2011,30-34 years,30-34,6071,2011
,Minnesota,27,2011,2011,35-39 years,35-39,1899,2011
,Minnesota,27,2011,2011,40-44 years,40-44,395,2011
,Minnesota,27,2011,2011,45-49 years,45-49,30,2011
,Mississippi,28,2011,2011,Under 15 years,15-,95,2011
,Mississippi,28,2011,2011,15 - 17 years,15-17,1478,2011
,Mississippi,28,2011,2011,18 - 19 years,18-19,2780,2011
,Mississippi,28,2011,2011,20-24 years,20-24,5853,2011
,Mississippi,28,2011,2011,25-29 years,25-29,3556,2011
,Mississippi,28,2011,2011,30-34 years,30-34,1420,2011
,Mississippi,28,2011,2011,35-39 years,35-39,392,2011
,Mississippi,28,2011,2011,40-44 years,40-44,77,2011
,Missouri,29,2011,2011,Under 15 years,15-,59,2011
,Missouri,29,2011,2011,15 - 17 years,15-17,1736,2011
,Missouri,29,2011,2011,18 - 19 years,18-19,3946,2011
,Missouri,29,2011,2011,20-24 years,20-24,9881,2011
,Missouri,29,2011,2011,25-29 years,25-29,8530,2011
,Missouri,29,2011,2011,30-34 years,30-34,4559,2011
,Missouri,29,2011,2011,35-39 years,35-39,1299,2011
,Missouri,29,2011,2011,40-44 years,40-44,261,2011
,Missouri,29,2011,2011,45-49 years,45-49,19,2011
,Montana,30,2011,2011,15 - 17 years,15-17,212,2011
,Montana,30,2011,2011,18 - 19 years,18-19,562,2011
,Montana,30,2011,2011,20-24 years,20-24,1589,2011
,Montana,30,2011,2011,25-29 years,25-29,1303,2011
,Montana,30,2011,2011,30-34 years,30-34,718,2011
,Montana,30,2011,2011,35-39 years,35-39,198,2011
,Montana,30,2011,2011,40-44 years,40-44,43,2011
,Nebraska,31,2011,2011,Under 15 years,15-,14,2011
,Nebraska,31,2011,2011,15 - 17 years,15-17,429,2011
,Nebraska,31,2011,2011,18 - 19 years,18-19,1016,2011
,Nebraska,31,2011,2011,20-24 years,20-24,2956,2011
,Nebraska,31,2011,2011,25-29 years,25-29,3121,2011
,Nebraska,31,2011,2011,30-34 years,30-34,1504,2011
,Nebraska,31,2011,2011,35-39 years,35-39,374,2011
,Nebraska,31,2011,2011,40-44 years,40-44,66,2011
,Nevada,32,2011,2011,Under 15 years,15-,38,2011
,Nevada,32,2011,2011,15 - 17 years,15-17,894,2011
,Nevada,32,2011,2011,18 - 19 years,18-19,1549,2011
,Nevada,32,2011,2011,20-24 years,20-24,4102,2011
,Nevada,32,2011,2011,25-29 years,25-29,3572,2011
,Nevada,32,2011,2011,30-34 years,30-34,2319,2011
,Nevada,32,2011,2011,35-39 years,35-39,897,2011
,Nevada,32,2011,2011,40-44 years,40-44,219,2011
,Nevada,32,2011,2011,45-49 years,45-49,13,2011
,New Hampshire,33,2011,2011,15 - 17 years,15-17,138,2011
,New Hampshire,33,2011,2011,18 - 19 years,18-19,429,2011
,New Hampshire,33,2011,2011,20-24 years,20-24,1489,2011
,New Hampshire,33,2011,2011,25-29 years,25-29,1861,2011
,New Hampshire,33,2011,2011,30-34 years,30-34,1294,2011
,New Hampshire,33,2011,2011,35-39 years,35-39,404,2011
,New Hampshire,33,2011,2011,40-44 years,40-44,104,2011
,New Jersey,34,2011,2011,Under 15 years,15-,59,2011
,New Jersey,34,2011,2011,15 - 17 years,15-17,1436,2011
,New Jersey,34,2011,2011,18 - 19 years,18-19,3043,2011
,New Jersey,34,2011,2011,20-24 years,20-24,9499,2011
,New Jersey,34,2011,2011,25-29 years,25-29,12197,2011
,New Jersey,34,2011,2011,30-34 years,30-34,11331,2011
,New Jersey,34,2011,2011,35-39 years,35-39,4260,2011
,New Jersey,34,2011,2011,40-44 years,40-44,1002,2011
,New Jersey,34,2011,2011,45-49 years,45-49,100,2011
,New Mexico,35,2011,2011,Under 15 years,15-,41,2011
,New Mexico,35,2011,2011,15 - 17 years,15-17,1022,2011
,New Mexico,35,2011,2011,18 - 19 years,18-19,1799,2011
,New Mexico,35,2011,2011,20-24 years,20-24,3671,2011
,New Mexico,35,2011,2011,25-29 years,25-29,2512,2011
,New Mexico,35,2011,2011,30-34 years,30-34,1344,2011
,New Mexico,35,2011,2011,35-39 years,35-39,513,2011
,New Mexico,35,2011,2011,40-44 years,40-44,143,2011
,New York,36,2011,2011,Under 15 years,15-,170,2011
,New York,36,2011,2011,15 - 17 years,15-17,3561,2011
,New York,36,2011,2011,18 - 19 years,18-19,8240,2011
,New York,36,2011,2011,20-24 years,20-24,26072,2011
,New York,36,2011,2011,25-29 years,25-29,27045,2011
,New York,36,2011,2011,30-34 years,30-34,24155,2011
,New York,36,2011,2011,35-39 years,35-39,10247,2011
,New York,36,2011,2011,40-44 years,40-44,2670,2011
,New York,36,2011,2011,45-49 years,45-49,281,2011
,New York,36,2011,2011,50 years and over,50+,31,2011
,North Carolina,37,2011,2011,Under 15 years,15-,142,2011
,North Carolina,37,2011,2011,15 - 17 years,15-17,2830,2011
,North Carolina,37,2011,2011,18 - 19 years,18-19,6353,2011
,North Carolina,37,2011,2011,20-24 years,20-24,16019,2011
,North Carolina,37,2011,2011,25-29 years,25-29,13269,2011
,North Carolina,37,2011,2011,30-34 years,30-34,8443,2011
,North Carolina,37,2011,2011,35-39 years,35-39,2941,2011
,North Carolina,37,2011,2011,40-44 years,40-44,610,2011
,North Carolina,37,2011,2011,45-49 years,45-49,44,2011
,North Dakota,38,2011,2011,Under 15 years,15-,11,2011
,North Dakota,38,2011,2011,15 - 17 years,15-17,125,2011
,North Dakota,38,2011,2011,18 - 19 years,18-19,408,2011
,North Dakota,38,2011,2011,20-24 years,20-24,1259,2011
,North Dakota,38,2011,2011,25-29 years,25-29,1275,2011
,North Dakota,38,2011,2011,30-34 years,30-34,526,2011
,North Dakota,38,2011,2011,35-39 years,35-39,139,2011
,North Dakota,38,2011,2011,40-44 years,40-44,21,2011
,Ohio,39,2011,2011,Under 15 years,15-,136,2011
,Ohio,39,2011,2011,15 - 17 years,15-17,3070,2011
,Ohio,39,2011,2011,18 - 19 years,18-19,6988,2011
,Ohio,39,2011,2011,20-24 years,20-24,17140,2011
,Ohio,39,2011,2011,25-29 years,25-29,14939,2011
,Ohio,39,2011,2011,30-34 years,30-34,8698,2011
,Ohio,39,2011,2011,35-39 years,35-39,2639,2011
,Ohio,39,2011,2011,40-44 years,40-44,553,2011
,Ohio,39,2011,2011,45-49 years,45-49,46,2011
,Oklahoma,40,2011,2011,Under 15 years,15-,61,2011
,Oklahoma,40,2011,2011,15 - 17 years,15-17,1521,2011
,Oklahoma,40,2011,2011,18 - 19 years,18-19,3272,2011
,Oklahoma,40,2011,2011,20-24 years,20-24,7279,2011
,Oklahoma,40,2011,2011,25-29 years,25-29,5272,2011
,Oklahoma,40,2011,2011,30-34 years,30-34,2278,2011
,Oklahoma,40,2011,2011,35-39 years,35-39,697,2011
,Oklahoma,40,2011,2011,40-44 years,40-44,135,2011
,Oklahoma,40,2011,2011,45-49 years,45-49,10,2011
,Oregon,41,2011,2011,Under 15 years,15-,20,2011
,Oregon,41,2011,2011,15 - 17 years,15-17,795,2011
,Oregon,41,2011,2011,18 - 19 years,18-19,1834,2011
,Oregon,41,2011,2011,20-24 years,20-24,5124,2011
,Oregon,41,2011,2011,25-29 years,25-29,5004,2011
,Oregon,41,2011,2011,30-34 years,30-34,3545,2011
,Oregon,41,2011,2011,35-39 years,35-39,1361,2011
,Oregon,41,2011,2011,40-44 years,40-44,259,2011
,Oregon,41,2011,2011,45-49 years,45-49,19,2011
,Pennsylvania,42,2011,2011,Under 15 years,15-,145,2011
,Pennsylvania,42,2011,2011,15 - 17 years,15-17,2905,2011
,Pennsylvania,42,2011,2011,18 - 19 years,18-19,6065,2011
,Pennsylvania,42,2011,2011,20-24 years,20-24,16435,2011
,Pennsylvania,42,2011,2011,25-29 years,25-29,16683,2011
,Pennsylvania,42,2011,2011,30-34 years,30-34,11682,2011
,Pennsylvania,42,2011,2011,35-39 years,35-39,3779,2011
,Pennsylvania,42,2011,2011,40-44 years,40-44,779,2011
,Pennsylvania,42,2011,2011,45-49 years,45-49,60,2011
,Rhode Island,44,2011,2011,15 - 17 years,15-17,233,2011
,Rhode Island,44,2011,2011,18 - 19 years,18-19,463,2011
,Rhode Island,44,2011,2011,20-24 years,20-24,1137,2011
,Rhode Island,44,2011,2011,25-29 years,25-29,1250,2011
,Rhode Island,44,2011,2011,30-34 years,30-34,1054,2011
,Rhode Island,44,2011,2011,35-39 years,35-39,370,2011
,Rhode Island,44,2011,2011,40-44 years,40-44,98,2011
,South Carolina,45,2011,2011,Under 15 years,15-,76,2011
,South Carolina,45,2011,2011,15 - 17 years,15-17,1548,2011
,South Carolina,45,2011,2011,18 - 19 years,18-19,3327,2011
,South Carolina,45,2011,2011,20-24 years,20-24,7830,2011
,South Carolina,45,2011,2011,25-29 years,25-29,5913,2011
,South Carolina,45,2011,2011,30-34 years,30-34,3415,2011
,South Carolina,45,2011,2011,35-39 years,35-39,1100,2011
,South Carolina,45,2011,2011,40-44 years,40-44,250,2011
,South Dakota,46,2011,2011,Under 15 years,15-,11,2011
,South Dakota,46,2011,2011,15 - 17 years,15-17,228,2011
,South Dakota,46,2011,2011,18 - 19 years,18-19,585,2011
,South Dakota,46,2011,2011,20-24 years,20-24,1343,2011
,South Dakota,46,2011,2011,25-29 years,25-29,1395,2011
,South Dakota,46,2011,2011,30-34 years,30-34,578,2011
,South Dakota,46,2011,2011,35-39 years,35-39,133,2011
,South Dakota,46,2011,2011,40-44 years,40-44,23,2011
,Tennessee,47,2011,2011,Under 15 years,15-,101,2011
,Tennessee,47,2011,2011,15 - 17 years,15-17,2094,2011
,Tennessee,47,2011,2011,18 - 19 years,18-19,4840,2011
,Tennessee,47,2011,2011,20-24 years,20-24,10992,2011
,Tennessee,47,2011,2011,25-29 years,25-29,8244,2011
,Tennessee,47,2011,2011,30-34 years,30-34,4513,2011
,Tennessee,47,2011,2011,35-39 years,35-39,1372,2011
,Tennessee,47,2011,2011,40-44 years,40-44,304,2011
,Tennessee,47,2011,2011,45-49 years,45-49,13,2011
,Texas,48,2011,2011,Under 15 years,15-,577,2011
,Texas,48,2011,2011,15 - 17 years,15-17,12565,2011
,Texas,48,2011,2011,18 - 19 years,18-19,21121,2011
,Texas,48,2011,2011,20-24 years,20-24,43975,2011
,Texas,48,2011,2011,25-29 years,25-29,36083,2011
,Texas,48,2011,2011,30-34 years,30-34,21720,2011
,Texas,48,2011,2011,35-39 years,35-39,7635,2011
,Texas,48,2011,2011,40-44 years,40-44,1669,2011
,Texas,48,2011,2011,45-49 years,45-49,122,2011
,Utah,49,2011,2011,Under 15 years,15-,23,2011
,Utah,49,2011,2011,15 - 17 years,15-17,642,2011
,Utah,49,2011,2011,18 - 19 years,18-19,1472,2011
,Utah,49,2011,2011,20-24 years,20-24,6535,2011
,Utah,49,2011,2011,25-29 years,25-29,5162,2011
,Utah,49,2011,2011,30-34 years,30-34,1967,2011
,Utah,49,2011,2011,35-39 years,35-39,578,2011
,Utah,49,2011,2011,40-44 years,40-44,115,2011
,Vermont,50,2011,2011,15 - 17 years,15-17,88,2011
,Vermont,50,2011,2011,18 - 19 years,18-19,244,2011
,Vermont,50,2011,2011,20-24 years,20-24,769,2011
,Vermont,50,2011,2011,25-29 years,25-29,737,2011
,Vermont,50,2011,2011,30-34 years,30-34,638,2011
,Vermont,50,2011,2011,35-39 years,35-39,218,2011
,Vermont,50,2011,2011,40-44 years,40-44,57,2011
,Virginia,51,2011,2011,Under 15 years,15-,57,2011
,Virginia,51,2011,2011,15 - 17 years,15-17,1570,2011
,Virginia,51,2011,2011,18 - 19 years,18-19,3961,2011
,Virginia,51,2011,2011,20-24 years,20-24,12117,2011
,Virginia,51,2011,2011,25-29 years,25-29,12398,2011
,Virginia,51,2011,2011,30-34 years,30-34,9262,2011
,Virginia,51,2011,2011,35-39 years,35-39,3444,2011
,Virginia,51,2011,2011,40-44 years,40-44,779,2011
,Virginia,51,2011,2011,45-49 years,45-49,67,2011
,Washington,53,2011,2011,Under 15 years,15-,49,2011
,Washington,53,2011,2011,15 - 17 years,15-17,1411,2011
,Washington,53,2011,2011,18 - 19 years,18-19,3245,2011
,Washington,53,2011,2011,20-24 years,20-24,10019,2011
,Washington,53,2011,2011,25-29 years,25-29,10294,2011
,Washington,53,2011,2011,30-34 years,30-34,7464,2011
,Washington,53,2011,2011,35-39 years,35-39,2845,2011
,Washington,53,2011,2011,40-44 years,40-44,705,2011
,Washington,53,2011,2011,45-49 years,45-49,49,2011
,West Virginia,54,2011,2011,Under 15 years,15-,27,2011
,West Virginia,54,2011,2011,15 - 17 years,15-17,634,2011
,West Virginia,54,2011,2011,18 - 19 years,18-19,1415,2011
,West Virginia,54,2011,2011,20-24 years,20-24,3171,2011
,West Virginia,54,2011,2011,25-29 years,25-29,2101,2011
,West Virginia,54,2011,2011,30-34 years,30-34,1013,2011
,West Virginia,54,2011,2011,35-39 years,35-39,279,2011
,West Virginia,54,2011,2011,40-44 years,40-44,79,2011
,Wisconsin,55,2011,2011,Under 15 years,15-,57,2011
,Wisconsin,55,2011,2011,15 - 17 years,15-17,1102,2011
,Wisconsin,55,2011,2011,18 - 19 years,18-19,2600,2011
,Wisconsin,55,2011,2011,20-24 years,20-24,7390,2011
,Wisconsin,55,2011,2011,25-29 years,25-29,8478,2011
,Wisconsin,55,2011,2011,30-34 years,30-34,4879,2011
,Wisconsin,55,2011,2011,35-39 years,35-39,1360,2011
,Wisconsin,55,2011,2011,40-44 years,40-44,230,2011
,Wisconsin,55,2011,2011,45-49 years,45-49,12,2011
,Wyoming,56,2011,2011,15 - 17 years,15-17,142,2011
,Wyoming,56,2011,2011,18 - 19 years,18-19,389,2011
,Wyoming,56,2011,2011,20-24 years,20-24,1020,2011
,Wyoming,56,2011,2011,25-29 years,25-29,779,2011
,Wyoming,56,2011,2011,30-34 years,30-34,367,2011
,Wyoming,56,2011,2011,35-39 years,35-39,104,2011
,Wyoming,56,2011,2011,40-44 years,40-44,14,2011
---,,,,,,,,2011
"Dataset: Natality, 2007-2024",,,,,,,,2011
Query Parameters:,,,,,,,,2011
Live Birth Order: 1st child born alive to mother,,,,,,,,2011
Year: 2011,,,,,,,,2011
Group By: State; Year; Age of Mother 10,,,,,,,,2011
Show Totals: Disabled,,,,,,,,2011
Show Zero Values: False,,,,,,,,2011
Show Suppressed: False,,,,,,,,2011
"Calculate Rates Per: 1,000",,,,,,,,2011
Population Option: No populations shown because rates were not selected.,,,,,,,,2011
---,,,,,,,,2011
Help: See http://wonder.cdc.gov/wonder/help/natality.html for more information.,,,,,,,,2011
---,,,,,,,,2011
"Query Date: Mar 28, 2026 5:17:12 AM",,,,,,,,2011
---,,,,,,,,2011
"Suggested Citation: Centers for Disease Control and Prevention, National Center for Health Statistics. National Vital Statistics",,,,,,,,2011
"System, Natality on CDC WONDER Online Database. Data are from the Natality Records 2007-2024, as compiled from data provided by",,,,,,,,2011
the 57 vital statistics jurisdictions through the Vital Statistics Cooperative Program. Accessed at,,,,,,,,2011
"http://wonder.cdc.gov/natality-current.html on Mar 28, 2026 5:17:12 AM",,,,,,,,2011
---,,,,,,,,2011
Messages:,,,,,,,,2011
1. Totals are not available for these results due to suppression constraints. More Information:,,,,,,,,2011
http://wonder.cdc.gov/wonder/help/faq.html#Privacy.,,,,,,,,2011
2. Rows with zero Births are hidden. Use Quick Options above to show zero rows.,,,,,,,,2011
3. Rows with suppressed Births are hidden. Use Quick Options above to show suppressed rows.,,,,,,,,2011
---,,,,,,,,2011
Caveats:,,,,,,,,2011
1. 'Suppressed' appears when the data do not meet the criteria for confidentiality constraints. More information:,,,,,,,,2011
http://wonder.cdc.gov/wonder/help/natality.html#Assurance of Confidentiality.,,,,,,,,2011
2. Each birth record represents one liveborn infant.,,,,,,,,2011
,Alabama,01,2012,2012,Under 15 years,15-,83,2012
,Alabama,01,2012,2012,15 - 17 years,15-17,1602,2012
,Alabama,01,2012,2012,18 - 19 years,18-19,3533,2012
,Alabama,01,2012,2012,20-24 years,20-24,8595,2012
,Alabama,01,2012,2012,25-29 years,25-29,6174,2012
,Alabama,01,2012,2012,30-34 years,30-34,2986,2012
,Alabama,01,2012,2012,35-39 years,35-39,875,2012
,Alabama,01,2012,2012,40-44 years,40-44,174,2012
,Alaska,02,2012,2012,15 - 17 years,15-17,174,2012
,Alaska,02,2012,2012,18 - 19 years,18-19,507,2012
,Alaska,02,2012,2012,20-24 years,20-24,1490,2012
,Alaska,02,2012,2012,25-29 years,25-29,1108,2012
,Alaska,02,2012,2012,30-34 years,30-34,645,2012
,Alaska,02,2012,2012,35-39 years,35-39,208,2012
,Alaska,02,2012,2012,40-44 years,40-44,55,2012
,Arizona,04,2012,2012,Under 15 years,15-,69,2012
,Arizona,04,2012,2012,15 - 17 years,15-17,2249,2012
,Arizona,04,2012,2012,18 - 19 years,18-19,4314,2012
,Arizona,04,2012,2012,20-24 years,20-24,10357,2012
,Arizona,04,2012,2012,25-29 years,25-29,7882,2012
,Arizona,04,2012,2012,30-34 years,30-34,4837,2012
,Arizona,04,2012,2012,35-39 years,35-39,1769,2012
,Arizona,04,2012,2012,40-44 years,40-44,395,2012
,Arizona,04,2012,2012,45-49 years,45-49,23,2012
,Arkansas,05,2012,2012,Under 15 years,15-,56,2012
,Arkansas,05,2012,2012,15 - 17 years,15-17,1130,2012
,Arkansas,05,2012,2012,18 - 19 years,18-19,2375,2012
,Arkansas,05,2012,2012,20-24 years,20-24,5608,2012
,Arkansas,05,2012,2012,25-29 years,25-29,3719,2012
,Arkansas,05,2012,2012,30-34 years,30-34,1706,2012
,Arkansas,05,2012,2012,35-39 years,35-39,492,2012
,Arkansas,05,2012,2012,40-44 years,40-44,94,2012
,California,06,2012,2012,Under 15 years,15-,358,2012
,California,06,2012,2012,15 - 17 years,15-17,9506,2012
,California,06,2012,2012,18 - 19 years,18-19,19485,2012
,California,06,2012,2012,20-24 years,20-24,52212,2012
,California,06,2012,2012,25-29 years,25-29,49765,2012
,California,06,2012,2012,30-34 years,30-34,43706,2012
,California,06,2012,2012,35-39 years,35-39,18012,2012
,California,06,2012,2012,40-44 years,40-44,4327,2012
,California,06,2012,2012,45-49 years,45-49,379,2012
,California,06,2012,2012,50 years and over,50+,45,2012
,Colorado,08,2012,2012,Under 15 years,15-,30,2012
,Colorado,08,2012,2012,15 - 17 years,15-17,1085,2012
,Colorado,08,2012,2012,18 - 19 years,18-19,2408,2012
,Colorado,08,2012,2012,20-24 years,20-24,6899,2012
,Colorado,08,2012,2012,25-29 years,25-29,7337,2012
,Colorado,08,2012,2012,30-34 years,30-34,6030,2012
,Colorado,08,2012,2012,35-39 years,35-39,2247,2012
,Colorado,08,2012,2012,40-44 years,40-44,484,2012
,Colorado,08,2012,2012,45-49 years,45-49,42,2012
,Connecticut,09,2012,2012,Under 15 years,15-,21,2012
,Connecticut,09,2012,2012,15 - 17 years,15-17,494,2012
,Connecticut,09,2012,2012,18 - 19 years,18-19,1145,2012
,Connecticut,09,2012,2012,20-24 years,20-24,3564,2012
,Connecticut,09,2012,2012,25-29 years,25-29,4455,2012
,Connecticut,09,2012,2012,30-34 years,30-34,4241,2012
,Connecticut,09,2012,2012,35-39 years,35-39,1501,2012
,Connecticut,09,2012,2012,40-44 years,40-44,373,2012
,Connecticut,09,2012,2012,45-49 years,45-49,34,2012
,Delaware,10,2012,2012,Under 15 years,15-,12,2012
,Delaware,10,2012,2012,15 - 17 years,15-17,182,2012
,Delaware,10,2012,2012,18 - 19 years,18-19,438,2012
,Delaware,10,2012,2012,20-24 years,20-24,1290,2012
,Delaware,10,2012,2012,25-29 years,25-29,1199,2012
,Delaware,10,2012,2012,30-34 years,30-34,861,2012
,Delaware,10,2012,2012,35-39 years,35-39,281,2012
,Delaware,10,2012,2012,40-44 years,40-44,60,2012
,District of Columbia,11,2012,2012,15 - 17 years,15-17,217,2012
,District of Columbia,11,2012,2012,18 - 19 years,18-19,424,2012
,District of Columbia,11,2012,2012,20-24 years,20-24,871,2012
,District of Columbia,11,2012,2012,25-29 years,25-29,756,2012
,District of Columbia,11,2012,2012,30-34 years,30-34,1296,2012
,District of Columbia,11,2012,2012,35-39 years,35-39,678,2012
,District of Columbia,11,2012,2012,40-44 years,40-44,173,2012
,District of Columbia,11,2012,2012,45-49 years,45-49,13,2012
,Florida,12,2012,2012,Under 15 years,15-,189,2012
,Florida,12,2012,2012,15 - 17 years,15-17,3878,2012
,Florida,12,2012,2012,18 - 19 years,18-19,9251,2012
,Florida,12,2012,2012,20-24 years,20-24,26549,2012
,Florida,12,2012,2012,25-29 years,25-29,23605,2012
,Florida,12,2012,2012,30-34 years,30-34,15986,2012
,Florida,12,2012,2012,35-39 years,35-39,6151,2012
,Florida,12,2012,2012,40-44 years,40-44,1506,2012
,Florida,12,2012,2012,45-49 years,45-49,105,2012
,Georgia,13,2012,2012,Under 15 years,15-,171,2012
,Georgia,13,2012,2012,15 - 17 years,15-17,2774,2012
,Georgia,13,2012,2012,18 - 19 years,18-19,5969,2012
,Georgia,13,2012,2012,20-24 years,20-24,15729,2012
,Georgia,13,2012,2012,25-29 years,25-29,12450,2012
,Georgia,13,2012,2012,30-34 years,30-34,8190,2012
,Georgia,13,2012,2012,35-39 years,35-39,2989,2012
,Georgia,13,2012,2012,40-44 years,40-44,789,2012
,Georgia,13,2012,2012,45-49 years,45-49,57,2012
,Hawaii,15,2012,2012,15 - 17 years,15-17,266,2012
,Hawaii,15,2012,2012,18 - 19 years,18-19,654,2012
,Hawaii,15,2012,2012,20-24 years,20-24,2221,2012
,Hawaii,15,2012,2012,25-29 years,25-29,2018,2012
,Hawaii,15,2012,2012,30-34 years,30-34,1497,2012
,Hawaii,15,2012,2012,35-39 years,35-39,676,2012
,Hawaii,15,2012,2012,40-44 years,40-44,176,2012
,Hawaii,15,2012,2012,45-49 years,45-49,18,2012
,Idaho,16,2012,2012,Under 15 years,15-,10,2012
,Idaho,16,2012,2012,15 - 17 years,15-17,367,2012
,Idaho,16,2012,2012,18 - 19 years,18-19,968,2012
,Idaho,16,2012,2012,20-24 years,20-24,3277,2012
,Idaho,16,2012,2012,25-29 years,25-29,2032,2012
,Idaho,16,2012,2012,30-34 years,30-34,975,2012
,Idaho,16,2012,2012,35-39 years,35-39,308,2012
,Idaho,16,2012,2012,40-44 years,40-44,60,2012
,Illinois,17,2012,2012,Under 15 years,15-,145,2012
,Illinois,17,2012,2012,15 - 17 years,15-17,3170,2012
,Illinois,17,2012,2012,18 - 19 years,18-19,6493,2012
,Illinois,17,2012,2012,20-24 years,20-24,15878,2012
,Illinois,17,2012,2012,25-29 years,25-29,17134,2012
,Illinois,17,2012,2012,30-34 years,30-34,13772,2012
,Illinois,17,2012,2012,35-39 years,35-39,4502,2012
,Illinois,17,2012,2012,40-44 years,40-44,1068,2012
,Illinois,17,2012,2012,45-49 years,45-49,98,2012
,Indiana,18,2012,2012,Under 15 years,15-,60,2012
,Indiana,18,2012,2012,15 - 17 years,15-17,1934,2012
,Indiana,18,2012,2012,18 - 19 years,18-19,4322,2012
,Indiana,18,2012,2012,20-24 years,20-24,11071,2012
,Indiana,18,2012,2012,25-29 years,25-29,9058,2012
,Indiana,18,2012,2012,30-34 years,30-34,4564,2012
,Indiana,18,2012,2012,35-39 years,35-39,1240,2012
,Indiana,18,2012,2012,40-44 years,40-44,222,2012
,Indiana,18,2012,2012,45-49 years,45-49,12,2012
,Iowa,19,2012,2012,Under 15 years,15-,33,2012
,Iowa,19,2012,2012,15 - 17 years,15-17,604,2012
,Iowa,19,2012,2012,18 - 19 years,18-19,1503,2012
,Iowa,19,2012,2012,20-24 years,20-24,4624,2012
,Iowa,19,2012,2012,25-29 years,25-29,4765,2012
,Iowa,19,2012,2012,30-34 years,30-34,2274,2012
,Iowa,19,2012,2012,35-39 years,35-39,588,2012
,Iowa,19,2012,2012,40-44 years,40-44,93,2012
,Kansas,20,2012,2012,Under 15 years,15-,28,2012
,Kansas,20,2012,2012,15 - 17 years,15-17,780,2012
,Kansas,20,2012,2012,18 - 19 years,18-19,1937,2012
,Kansas,20,2012,2012,20-24 years,20-24,4821,2012
,Kansas,20,2012,2012,25-29 years,25-29,4477,2012
,Kansas,20,2012,2012,30-34 years,30-34,2186,2012
,Kansas,20,2012,2012,35-39 years,35-39,631,2012
,Kansas,20,2012,2012,40-44 years,40-44,103,2012
,Kentucky,21,2012,2012,Under 15 years,15-,57,2012
,Kentucky,21,2012,2012,15 - 17 years,15-17,1376,2012
,Kentucky,21,2012,2012,18 - 19 years,18-19,3327,2012
,Kentucky,21,2012,2012,20-24 years,20-24,7900,2012
,Kentucky,21,2012,2012,25-29 years,25-29,5831,2012
,Kentucky,21,2012,2012,30-34 years,30-34,3077,2012
,Kentucky,21,2012,2012,35-39 years,35-39,865,2012
,Kentucky,21,2012,2012,40-44 years,40-44,170,2012
,Kentucky,21,2012,2012,45-49 years,45-49,14,2012
,Louisiana,22,2012,2012,Under 15 years,15-,105,2012
,Louisiana,22,2012,2012,15 - 17 years,15-17,1567,2012
,Louisiana,22,2012,2012,18 - 19 years,18-19,3656,2012
,Louisiana,22,2012,2012,20-24 years,20-24,8865,2012
,Louisiana,22,2012,2012,25-29 years,25-29,5963,2012
,Louisiana,22,2012,2012,30-34 years,30-34,3076,2012
,Louisiana,22,2012,2012,35-39 years,35-39,900,2012
,Louisiana,22,2012,2012,40-44 years,40-44,177,2012
,Louisiana,22,2012,2012,45-49 years,45-49,15,2012
,Maine,23,2012,2012,15 - 17 years,15-17,164,2012
,Maine,23,2012,2012,18 - 19 years,18-19,536,2012
,Maine,23,2012,2012,20-24 years,20-24,1720,2012
,Maine,23,2012,2012,25-29 years,25-29,1626,2012
,Maine,23,2012,2012,30-34 years,30-34,1102,2012
,Maine,23,2012,2012,35-39 years,35-39,342,2012
,Maine,23,2012,2012,40-44 years,40-44,80,2012
,Maryland,24,2012,2012,Under 15 years,15-,60,2012
,Maryland,24,2012,2012,15 - 17 years,15-17,1076,2012
,Maryland,24,2012,2012,18 - 19 years,18-19,2451,2012
,Maryland,24,2012,2012,20-24 years,20-24,7198,2012
,Maryland,24,2012,2012,25-29 years,25-29,8229,2012
,Maryland,24,2012,2012,30-34 years,30-34,6769,2012
,Maryland,24,2012,2012,35-39 years,35-39,2619,2012
,Maryland,24,2012,2012,40-44 years,40-44,613,2012
,Maryland,24,2012,2012,45-49 years,45-49,55,2012
,Massachusetts,25,2012,2012,Under 15 years,15-,32,2012
,Massachusetts,25,2012,2012,15 - 17 years,15-17,784,2012
,Massachusetts,25,2012,2012,18 - 19 years,18-19,1977,2012
,Massachusetts,25,2012,2012,20-24 years,20-24,6462,2012
,Massachusetts,25,2012,2012,25-29 years,25-29,9083,2012
,Massachusetts,25,2012,2012,30-34 years,30-34,10030,2012
,Massachusetts,25,2012,2012,35-39 years,35-39,3878,2012
,Massachusetts,25,2012,2012,40-44 years,40-44,846,2012
,Massachusetts,25,2012,2012,45-49 years,45-49,98,2012
,Michigan,26,2012,2012,Under 15 years,15-,102,2012
,Michigan,26,2012,2012,15 - 17 years,15-17,2223,2012
,Michigan,26,2012,2012,18 - 19 years,18-19,5217,2012
,Michigan,26,2012,2012,20-24 years,20-24,14190,2012
,Michigan,26,2012,2012,25-29 years,25-29,12701,2012
,Michigan,26,2012,2012,30-34 years,30-34,7733,2012
,Michigan,26,2012,2012,35-39 years,35-39,2297,2012
,Michigan,26,2012,2012,40-44 years,40-44,565,2012
,Michigan,26,2012,2012,45-49 years,45-49,32,2012
,Minnesota,27,2012,2012,Under 15 years,15-,43,2012
,Minnesota,27,2012,2012,15 - 17 years,15-17,824,2012
,Minnesota,27,2012,2012,18 - 19 years,18-19,1963,2012
,Minnesota,27,2012,2012,20-24 years,20-24,6449,2012
,Minnesota,27,2012,2012,25-29 years,25-29,9157,2012
,Minnesota,27,2012,2012,30-34 years,30-34,6447,2012
,Minnesota,27,2012,2012,35-39 years,35-39,1914,2012
,Minnesota,27,2012,2012,40-44 years,40-44,414,2012
,Minnesota,27,2012,2012,45-49 years,45-49,20,2012
,Mississippi,28,2012,2012,Under 15 years,15-,89,2012
,Mississippi,28,2012,2012,15 - 17 years,15-17,1243,2012
,Mississippi,28,2012,2012,18 - 19 years,18-19,2657,2012
,Mississippi,28,2012,2012,20-24 years,20-24,5860,2012
,Mississippi,28,2012,2012,25-29 years,25-29,3321,2012
,Mississippi,28,2012,2012,30-34 years,30-34,1494,2012
,Mississippi,28,2012,2012,35-39 years,35-39,467,2012
,Mississippi,28,2012,2012,40-44 years,40-44,91,2012
,Missouri,29,2012,2012,Under 15 years,15-,69,2012
,Missouri,29,2012,2012,15 - 17 years,15-17,1478,2012
,Missouri,29,2012,2012,18 - 19 years,18-19,3746,2012
,Missouri,29,2012,2012,20-24 years,20-24,9795,2012
,Missouri,29,2012,2012,25-29 years,25-29,8426,2012
,Missouri,29,2012,2012,30-34 years,30-34,4639,2012
,Missouri,29,2012,2012,35-39 years,35-39,1328,2012
,Missouri,29,2012,2012,40-44 years,40-44,267,2012
,Missouri,29,2012,2012,45-49 years,45-49,12,2012
,Montana,30,2012,2012,15 - 17 years,15-17,215,2012
,Montana,30,2012,2012,18 - 19 years,18-19,560,2012
,Montana,30,2012,2012,20-24 years,20-24,1531,2012
,Montana,30,2012,2012,25-29 years,25-29,1353,2012
,Montana,30,2012,2012,30-34 years,30-34,747,2012
,Montana,30,2012,2012,35-39 years,35-39,241,2012
,Montana,30,2012,2012,40-44 years,40-44,36,2012
,Nebraska,31,2012,2012,Under 15 years,15-,16,2012
,Nebraska,31,2012,2012,15 - 17 years,15-17,419,2012
,Nebraska,31,2012,2012,18 - 19 years,18-19,973,2012
,Nebraska,31,2012,2012,20-24 years,20-24,2857,2012
,Nebraska,31,2012,2012,25-29 years,25-29,3145,2012
,Nebraska,31,2012,2012,30-34 years,30-34,1615,2012
,Nebraska,31,2012,2012,35-39 years,35-39,397,2012
,Nebraska,31,2012,2012,40-44 years,40-44,90,2012
,Nevada,32,2012,2012,Under 15 years,15-,35,2012
,Nevada,32,2012,2012,15 - 17 years,15-17,732,2012
,Nevada,32,2012,2012,18 - 19 years,18-19,1554,2012
,Nevada,32,2012,2012,20-24 years,20-24,4072,2012
,Nevada,32,2012,2012,25-29 years,25-29,3361,2012
,Nevada,32,2012,2012,30-34 years,30-34,2189,2012
,Nevada,32,2012,2012,35-39 years,35-39,880,2012
,Nevada,32,2012,2012,40-44 years,40-44,175,2012
,Nevada,32,2012,2012,45-49 years,45-49,16,2012
,New Hampshire,33,2012,2012,15 - 17 years,15-17,153,2012
,New Hampshire,33,2012,2012,18 - 19 years,18-19,393,2012
,New Hampshire,33,2012,2012,20-24 years,20-24,1357,2012
,New Hampshire,33,2012,2012,25-29 years,25-29,1672,2012
,New Hampshire,33,2012,2012,30-34 years,30-34,1256,2012
,New Hampshire,33,2012,2012,35-39 years,35-39,441,2012
,New Hampshire,33,2012,2012,40-44 years,40-44,86,2012
,New Jersey,34,2012,2012,Under 15 years,15-,71,2012
,New Jersey,34,2012,2012,15 - 17 years,15-17,1225,2012
,New Jersey,34,2012,2012,18 - 19 years,18-19,2749,2012
,New Jersey,34,2012,2012,20-24 years,20-24,9257,2012
,New Jersey,34,2012,2012,25-29 years,25-29,11930,2012
,New Jersey,34,2012,2012,30-34 years,30-34,11444,2012
,New Jersey,34,2012,2012,35-39 years,35-39,4339,2012
,New Jersey,34,2012,2012,40-44 years,40-44,1050,2012
,New Jersey,34,2012,2012,45-49 years,45-49,88,2012
,New Mexico,35,2012,2012,Under 15 years,15-,48,2012
,New Mexico,35,2012,2012,15 - 17 years,15-17,869,2012
,New Mexico,35,2012,2012,18 - 19 years,18-19,1723,2012
,New Mexico,35,2012,2012,20-24 years,20-24,3498,2012
,New Mexico,35,2012,2012,25-29 years,25-29,2108,2012
,New Mexico,35,2012,2012,30-34 years,30-34,1229,2012
,New Mexico,35,2012,2012,35-39 years,35-39,471,2012
,New Mexico,35,2012,2012,40-44 years,40-44,97,2012
,New York,36,2012,2012,Under 15 years,15-,171,2012
,New York,36,2012,2012,15 - 17 years,15-17,3245,2012
,New York,36,2012,2012,18 - 19 years,18-19,7476,2012
,New York,36,2012,2012,20-24 years,20-24,26000,2012
,New York,36,2012,2012,25-29 years,25-29,26735,2012
,New York,36,2012,2012,30-34 years,30-34,24899,2012
,New York,36,2012,2012,35-39 years,35-39,10536,2012
,New York,36,2012,2012,40-44 years,40-44,2733,2012
,New York,36,2012,2012,45-49 years,45-49,280,2012
,New York,36,2012,2012,50 years and over,50+,23,2012
,North Carolina,37,2012,2012,Under 15 years,15-,131,2012
,North Carolina,37,2012,2012,15 - 17 years,15-17,2639,2012
,North Carolina,37,2012,2012,18 - 19 years,18-19,5795,2012
,North Carolina,37,2012,2012,20-24 years,20-24,15532,2012
,North Carolina,37,2012,2012,25-29 years,25-29,12644,2012
,North Carolina,37,2012,2012,30-34 years,30-34,8551,2012
,North Carolina,37,2012,2012,35-39 years,35-39,2931,2012
,North Carolina,37,2012,2012,40-44 years,40-44,589,2012
,North Carolina,37,2012,2012,45-49 years,45-49,32,2012
,North Dakota,38,2012,2012,15 - 17 years,15-17,138,2012
,North Dakota,38,2012,2012,18 - 19 years,18-19,357,2012
,North Dakota,38,2012,2012,20-24 years,20-24,1303,2012
,North Dakota,38,2012,2012,25-29 years,25-29,1397,2012
,North Dakota,38,2012,2012,30-34 years,30-34,619,2012
,North Dakota,38,2012,2012,35-39 years,35-39,137,2012
,North Dakota,38,2012,2012,40-44 years,40-44,22,2012
,Ohio,39,2012,2012,Under 15 years,15-,131,2012
,Ohio,39,2012,2012,15 - 17 years,15-17,2781,2012
,Ohio,39,2012,2012,18 - 19 years,18-19,6690,2012
,Ohio,39,2012,2012,20-24 years,20-24,17293,2012
,Ohio,39,2012,2012,25-29 years,25-29,15133,2012
,Ohio,39,2012,2012,30-34 years,30-34,9089,2012
,Ohio,39,2012,2012,35-39 years,35-39,2702,2012
,Ohio,39,2012,2012,40-44 years,40-44,523,2012
,Ohio,39,2012,2012,45-49 years,45-49,30,2012
,Oklahoma,40,2012,2012,Under 15 years,15-,59,2012
,Oklahoma,40,2012,2012,15 - 17 years,15-17,1501,2012
,Oklahoma,40,2012,2012,18 - 19 years,18-19,3149,2012
,Oklahoma,40,2012,2012,20-24 years,20-24,7184,2012
,Oklahoma,40,2012,2012,25-29 years,25-29,5120,2012
,Oklahoma,40,2012,2012,30-34 years,30-34,2337,2012
,Oklahoma,40,2012,2012,35-39 years,35-39,641,2012
,Oklahoma,40,2012,2012,40-44 years,40-44,126,2012
,Oregon,41,2012,2012,Under 15 years,15-,33,2012
,Oregon,41,2012,2012,15 - 17 years,15-17,746,2012
,Oregon,41,2012,2012,18 - 19 years,18-19,1687,2012
,Oregon,41,2012,2012,20-24 years,20-24,5155,2012
,Oregon,41,2012,2012,25-29 years,25-29,4899,2012
,Oregon,41,2012,2012,30-34 years,30-34,3788,2012
,Oregon,41,2012,2012,35-39 years,35-39,1475,2012
,Oregon,41,2012,2012,40-44 years,40-44,306,2012
,Oregon,41,2012,2012,45-49 years,45-49,21,2012
,Pennsylvania,42,2012,2012,Under 15 years,15-,122,2012
,Pennsylvania,42,2012,2012,15 - 17 years,15-17,2651,2012
,Pennsylvania,42,2012,2012,18 - 19 years,18-19,5744,2012
,Pennsylvania,42,2012,2012,20-24 years,20-24,16243,2012
,Pennsylvania,42,2012,2012,25-29 years,25-29,16730,2012
,Pennsylvania,42,2012,2012,30-34 years,30-34,12136,2012
,Pennsylvania,42,2012,2012,35-39 years,35-39,3777,2012
,Pennsylvania,42,2012,2012,40-44 years,40-44,797,2012
,Pennsylvania,42,2012,2012,45-49 years,45-49,70,2012
,Rhode Island,44,2012,2012,15 - 17 years,15-17,193,2012
,Rhode Island,44,2012,2012,18 - 19 years,18-19,435,2012
,Rhode Island,44,2012,2012,20-24 years,20-24,1282,2012
,Rhode Island,44,2012,2012,25-29 years,25-29,1238,2012
,Rhode Island,44,2012,2012,30-34 years,30-34,1085,2012
,Rhode Island,44,2012,2012,35-39 years,35-39,380,2012
,Rhode Island,44,2012,2012,40-44 years,40-44,81,2012
,South Carolina,45,2012,2012,Under 15 years,15-,63,2012
,South Carolina,45,2012,2012,15 - 17 years,15-17,1380,2012
,South Carolina,45,2012,2012,18 - 19 years,18-19,3161,2012
,South Carolina,45,2012,2012,20-24 years,20-24,7796,2012
,South Carolina,45,2012,2012,25-29 years,25-29,5777,2012
,South Carolina,45,2012,2012,30-34 years,30-34,3514,2012
,South Carolina,45,2012,2012,35-39 years,35-39,1121,2012
,South Carolina,45,2012,2012,40-44 years,40-44,230,2012
,South Dakota,46,2012,2012,15 - 17 years,15-17,253,2012
,South Dakota,46,2012,2012,18 - 19 years,18-19,516,2012
,South Dakota,46,2012,2012,20-24 years,20-24,1420,2012
,South Dakota,46,2012,2012,25-29 years,25-29,1425,2012
,South Dakota,46,2012,2012,30-34 years,30-34,594,2012
,South Dakota,46,2012,2012,35-39 years,35-39,125,2012
,South Dakota,46,2012,2012,40-44 years,40-44,20,2012
,Tennessee,47,2012,2012,Under 15 years,15-,91,2012
,Tennessee,47,2012,2012,15 - 17 years,15-17,1936,2012
,Tennessee,47,2012,2012,18 - 19 years,18-19,4593,2012
,Tennessee,47,2012,2012,20-24 years,20-24,11282,2012
,Tennessee,47,2012,2012,25-29 years,25-29,8319,2012
,Tennessee,47,2012,2012,30-34 years,30-34,4607,2012
,Tennessee,47,2012,2012,35-39 years,35-39,1445,2012
,Tennessee,47,2012,2012,40-44 years,40-44,294,2012
,Tennessee,47,2012,2012,45-49 years,45-49,16,2012
,Texas,48,2012,2012,Under 15 years,15-,530,2012
,Texas,48,2012,2012,15 - 17 years,15-17,11657,2012
,Texas,48,2012,2012,18 - 19 years,18-19,20456,2012
,Texas,48,2012,2012,20-24 years,20-24,44734,2012
,Texas,48,2012,2012,25-29 years,25-29,36649,2012
,Texas,48,2012,2012,30-34 years,30-34,23190,2012
,Texas,48,2012,2012,35-39 years,35-39,8082,2012
,Texas,48,2012,2012,40-44 years,40-44,1736,2012
,Texas,48,2012,2012,45-49 years,45-49,127,2012
,Texas,48,2012,2012,50 years and over,50+,10,2012
,Utah,49,2012,2012,Under 15 years,15-,12,2012
,Utah,49,2012,2012,15 - 17 years,15-17,619,2012
,Utah,49,2012,2012,18 - 19 years,18-19,1490,2012
,Utah,49,2012,2012,20-24 years,20-24,6502,2012
,Utah,49,2012,2012,25-29 years,25-29,5194,2012
,Utah,49,2012,2012,30-34 years,30-34,2062,2012
,Utah,49,2012,2012,35-39 years,35-39,588,2012
,Utah,49,2012,2012,40-44 years,40-44,108,2012
,Vermont,50,2012,2012,15 - 17 years,15-17,81,2012
,Vermont,50,2012,2012,18 - 19 years,18-19,236,2012
,Vermont,50,2012,2012,20-24 years,20-24,801,2012
,Vermont,50,2012,2012,25-29 years,25-29,765,2012
,Vermont,50,2012,2012,30-34 years,30-34,627,2012
,Vermont,50,2012,2012,35-39 years,35-39,229,2012
,Vermont,50,2012,2012,40-44 years,40-44,47,2012
,Virginia,51,2012,2012,Under 15 years,15-,70,2012
,Virginia,51,2012,2012,15 - 17 years,15-17,1439,2012
,Virginia,51,2012,2012,18 - 19 years,18-19,3671,2012
,Virginia,51,2012,2012,20-24 years,20-24,11883,2012
,Virginia,51,2012,2012,25-29 years,25-29,12462,2012
,Virginia,51,2012,2012,30-34 years,30-34,9754,2012
,Virginia,51,2012,2012,35-39 years,35-39,3477,2012
,Virginia,51,2012,2012,40-44 years,40-44,775,2012
,Virginia,51,2012,2012,45-49 years,45-49,66,2012
,Washington,53,2012,2012,Under 15 years,15-,45,2012
,Washington,53,2012,2012,15 - 17 years,15-17,1311,2012
,Washington,53,2012,2012,18 - 19 years,18-19,2982,2012
,Washington,53,2012,2012,20-24 years,20-24,9769,2012
,Washington,53,2012,2012,25-29 years,25-29,10295,2012
,Washington,53,2012,2012,30-34 years,30-34,7901,2012
,Washington,53,2012,2012,35-39 years,35-39,2879,2012
,Washington,53,2012,2012,40-44 years,40-44,595,2012
,Washington,53,2012,2012,45-49 years,45-49,57,2012
,West Virginia,54,2012,2012,Under 15 years,15-,25,2012
,West Virginia,54,2012,2012,15 - 17 years,15-17,608,2012
,West Virginia,54,2012,2012,18 - 19 years,18-19,1396,2012
,West Virginia,54,2012,2012,20-24 years,20-24,3134,2012
,West Virginia,54,2012,2012,25-29 years,25-29,2125,2012
,West Virginia,54,2012,2012,30-34 years,30-34,1085,2012
,West Virginia,54,2012,2012,35-39 years,35-39,284,2012
,West Virginia,54,2012,2012,40-44 years,40-44,64,2012
,Wisconsin,55,2012,2012,Under 15 years,15-,40,2012
,Wisconsin,55,2012,2012,15 - 17 years,15-17,1060,2012
,Wisconsin,55,2012,2012,18 - 19 years,18-19,2438,2012
,Wisconsin,55,2012,2012,20-24 years,20-24,7138,2012
,Wisconsin,55,2012,2012,25-29 years,25-29,8150,2012
,Wisconsin,55,2012,2012,30-34 years,30-34,5046,2012
,Wisconsin,55,2012,2012,35-39 years,35-39,1421,2012
,Wisconsin,55,2012,2012,40-44 years,40-44,269,2012
,Wisconsin,55,2012,2012,45-49 years,45-49,20,2012
,Wyoming,56,2012,2012,15 - 17 years,15-17,136,2012
,Wyoming,56,2012,2012,18 - 19 years,18-19,408,2012
,Wyoming,56,2012,2012,20-24 years,20-24,1035,2012
,Wyoming,56,2012,2012,25-29 years,25-29,807,2012
,Wyoming,56,2012,2012,30-34 years,30-34,374,2012
,Wyoming,56,2012,2012,35-39 years,35-39,135,2012
,Wyoming,56,2012,2012,40-44 years,40-44,27,2012
---,,,,,,,,2012
"Dataset: Natality, 2007-2024",,,,,,,,2012
Query Parameters:,,,,,,,,2012
Live Birth Order: 1st child born alive to mother,,,,,,,,2012
Year: 2012,,,,,,,,2012
Group By: State; Year; Age of Mother 10,,,,,,,,2012
Show Totals: Disabled,,,,,,,,2012
Show Zero Values: False,,,,,,,,2012
Show Suppressed: False,,,,,,,,2012
"Calculate Rates Per: 1,000",,,,,,,,2012
Population Option: No populations shown because rates were not selected.,,,,,,,,2012
---,,,,,,,,2012
Help: See http://wonder.cdc.gov/wonder/help/natality.html for more information.,,,,,,,,2012
---,,,,,,,,2012
"Query Date: Mar 28, 2026 5:17:21 AM",,,,,,,,2012
---,,,,,,,,2012
"Suggested Citation: Centers for Disease Control and Prevention, National Center for Health Statistics. National Vital Statistics",,,,,,,,2012
"System, Natality on CDC WONDER Online Database. Data are from the Natality Records 2007-2024, as compiled from data provided by",,,,,,,,2012
the 57 vital statistics jurisdictions through the Vital Statistics Cooperative Program. Accessed at,,,,,,,,2012
"http://wonder.cdc.gov/natality-current.html on Mar 28, 2026 5:17:21 AM",,,,,,,,2012
---,,,,,,,,2012
Messages:,,,,,,,,2012
1. Totals are not available for these results due to suppression constraints. More Information:,,,,,,,,2012
http://wonder.cdc.gov/wonder/help/faq.html#Privacy.,,,,,,,,2012
2. Rows with zero Births are hidden. Use Quick Options above to show zero rows.,,,,,,,,2012
3. Rows with suppressed Births are hidden. Use Quick Options above to show suppressed rows.,,,,,,,,2012
---,,,,,,,,2012
Caveats:,,,,,,,,2012
1. 'Suppressed' appears when the data do not meet the criteria for confidentiality constraints. More information:,,,,,,,,2012
http://wonder.cdc.gov/wonder/help/natality.html#Assurance of Confidentiality.,,,,,,,,2012
2. Each birth record represents one liveborn infant.,,,,,,,,2012
,Alabama,01,2013,2013,Under 15 years,15-,63,2013
,Alabama,01,2013,2013,15 - 17 years,15-17,1362,2013
,Alabama,01,2013,2013,18 - 19 years,18-19,3148,2013
,Alabama,01,2013,2013,20-24 years,20-24,8687,2013
,Alabama,01,2013,2013,25-29 years,25-29,6162,2013
,Alabama,01,2013,2013,30-34 years,30-34,3000,2013
,Alabama,01,2013,2013,35-39 years,35-39,901,2013
,Alabama,01,2013,2013,40-44 years,40-44,193,2013
,Alaska,02,2013,2013,15 - 17 years,15-17,154,2013
,Alaska,02,2013,2013,18 - 19 years,18-19,440,2013
,Alaska,02,2013,2013,20-24 years,20-24,1441,2013
,Alaska,02,2013,2013,25-29 years,25-29,1108,2013
,Alaska,02,2013,2013,30-34 years,30-34,703,2013
,Alaska,02,2013,2013,35-39 years,35-39,249,2013
,Alaska,02,2013,2013,40-44 years,40-44,53,2013
,Arizona,04,2013,2013,Under 15 years,15-,68,2013
,Arizona,04,2013,2013,15 - 17 years,15-17,1832,2013
,Arizona,04,2013,2013,18 - 19 years,18-19,4061,2013
,Arizona,04,2013,2013,20-24 years,20-24,10185,2013
,Arizona,04,2013,2013,25-29 years,25-29,7814,2013
,Arizona,04,2013,2013,30-34 years,30-34,4825,2013
,Arizona,04,2013,2013,35-39 years,35-39,1761,2013
,Arizona,04,2013,2013,40-44 years,40-44,373,2013
,Arizona,04,2013,2013,45-49 years,45-49,32,2013
,Arkansas,05,2013,2013,Under 15 years,15-,37,2013
,Arkansas,05,2013,2013,15 - 17 years,15-17,970,2013
,Arkansas,05,2013,2013,18 - 19 years,18-19,2400,2013
,Arkansas,05,2013,2013,20-24 years,20-24,5517,2013
,Arkansas,05,2013,2013,25-29 years,25-29,3592,2013
,Arkansas,05,2013,2013,30-34 years,30-34,1644,2013
,Arkansas,05,2013,2013,35-39 years,35-39,453,2013
,Arkansas,05,2013,2013,40-44 years,40-44,105,2013
,California,06,2013,2013,Under 15 years,15-,311,2013
,California,06,2013,2013,15 - 17 years,15-17,7890,2013
,California,06,2013,2013,18 - 19 years,18-19,17474,2013
,California,06,2013,2013,20-24 years,20-24,50300,2013
,California,06,2013,2013,25-29 years,25-29,48999,2013
,California,06,2013,2013,30-34 years,30-34,44901,2013
,California,06,2013,2013,35-39 years,35-39,18466,2013
,California,06,2013,2013,40-44 years,40-44,4498,2013
,California,06,2013,2013,45-49 years,45-49,424,2013
,California,06,2013,2013,50 years and over,50+,63,2013
,Colorado,08,2013,2013,Under 15 years,15-,30,2013
,Colorado,08,2013,2013,15 - 17 years,15-17,1065,2013
,Colorado,08,2013,2013,18 - 19 years,18-19,2208,2013
,Colorado,08,2013,2013,20-24 years,20-24,6770,2013
,Colorado,08,2013,2013,25-29 years,25-29,7448,2013
,Colorado,08,2013,2013,30-34 years,30-34,6278,2013
,Colorado,08,2013,2013,35-39 years,35-39,2338,2013
,Colorado,08,2013,2013,40-44 years,40-44,444,2013
,Colorado,08,2013,2013,45-49 years,45-49,32,2013
,Connecticut,09,2013,2013,Under 15 years,15-,19,2013
,Connecticut,09,2013,2013,15 - 17 years,15-17,417,2013
,Connecticut,09,2013,2013,18 - 19 years,18-19,989,2013
,Connecticut,09,2013,2013,20-24 years,20-24,3408,2013
,Connecticut,09,2013,2013,25-29 years,25-29,4346,2013
,Connecticut,09,2013,2013,30-34 years,30-34,4275,2013
,Connecticut,09,2013,2013,35-39 years,35-39,1463,2013
,Connecticut,09,2013,2013,40-44 years,40-44,333,2013
,Connecticut,09,2013,2013,45-49 years,45-49,38,2013
,Delaware,10,2013,2013,15 - 17 years,15-17,182,2013
,Delaware,10,2013,2013,18 - 19 years,18-19,418,2013
,Delaware,10,2013,2013,20-24 years,20-24,1249,2013
,Delaware,10,2013,2013,25-29 years,25-29,1203,2013
,Delaware,10,2013,2013,30-34 years,30-34,907,2013
,Delaware,10,2013,2013,35-39 years,35-39,248,2013
,Delaware,10,2013,2013,40-44 years,40-44,55,2013
,District of Columbia,11,2013,2013,Under 15 years,15-,19,2013
,District of Columbia,11,2013,2013,15 - 17 years,15-17,163,2013
,District of Columbia,11,2013,2013,18 - 19 years,18-19,343,2013
,District of Columbia,11,2013,2013,20-24 years,20-24,772,2013
,District of Columbia,11,2013,2013,25-29 years,25-29,740,2013
,District of Columbia,11,2013,2013,30-34 years,30-34,1438,2013
,District of Columbia,11,2013,2013,35-39 years,35-39,664,2013
,District of Columbia,11,2013,2013,40-44 years,40-44,154,2013
,District of Columbia,11,2013,2013,45-49 years,45-49,26,2013
,Florida,12,2013,2013,Under 15 years,15-,162,2013
,Florida,12,2013,2013,15 - 17 years,15-17,3397,2013
,Florida,12,2013,2013,18 - 19 years,18-19,8146,2013
,Florida,12,2013,2013,20-24 years,20-24,26356,2013
,Florida,12,2013,2013,25-29 years,25-29,24073,2013
,Florida,12,2013,2013,30-34 years,30-34,16909,2013
,Florida,12,2013,2013,35-39 years,35-39,6454,2013
,Florida,12,2013,2013,40-44 years,40-44,1480,2013
,Florida,12,2013,2013,45-49 years,45-49,96,2013
,Georgia,13,2013,2013,Under 15 years,15-,136,2013
,Georgia,13,2013,2013,15 - 17 years,15-17,2492,2013
,Georgia,13,2013,2013,18 - 19 years,18-19,5673,2013
,Georgia,13,2013,2013,20-24 years,20-24,15655,2013
,Georgia,13,2013,2013,25-29 years,25-29,12572,2013
,Georgia,13,2013,2013,30-34 years,30-34,8498,2013
,Georgia,13,2013,2013,35-39 years,35-39,3085,2013
,Georgia,13,2013,2013,40-44 years,40-44,781,2013
,Georgia,13,2013,2013,45-49 years,45-49,77,2013
,Hawaii,15,2013,2013,Under 15 years,15-,12,2013
,Hawaii,15,2013,2013,15 - 17 years,15-17,228,2013
,Hawaii,15,2013,2013,18 - 19 years,18-19,627,2013
,Hawaii,15,2013,2013,20-24 years,20-24,2174,2013
,Hawaii,15,2013,2013,25-29 years,25-29,2041,2013
,Hawaii,15,2013,2013,30-34 years,30-34,1500,2013
,Hawaii,15,2013,2013,35-39 years,35-39,745,2013
,Hawaii,15,2013,2013,40-44 years,40-44,165,2013
,Hawaii,15,2013,2013,45-49 years,45-49,16,2013
,Idaho,16,2013,2013,Under 15 years,15-,11,2013
,Idaho,16,2013,2013,15 - 17 years,15-17,291,2013
,Idaho,16,2013,2013,18 - 19 years,18-19,903,2013
,Idaho,16,2013,2013,20-24 years,20-24,3170,2013
,Idaho,16,2013,2013,25-29 years,25-29,2109,2013
,Idaho,16,2013,2013,30-34 years,30-34,988,2013
,Idaho,16,2013,2013,35-39 years,35-39,283,2013
,Idaho,16,2013,2013,40-44 years,40-44,69,2013
,Illinois,17,2013,2013,Under 15 years,15-,116,2013
,Illinois,17,2013,2013,15 - 17 years,15-17,2689,2013
,Illinois,17,2013,2013,18 - 19 years,18-19,5788,2013
,Illinois,17,2013,2013,20-24 years,20-24,15552,2013
,Illinois,17,2013,2013,25-29 years,25-29,16538,2013
,Illinois,17,2013,2013,30-34 years,30-34,14135,2013
,Illinois,17,2013,2013,35-39 years,35-39,4624,2013
,Illinois,17,2013,2013,40-44 years,40-44,982,2013
,Illinois,17,2013,2013,45-49 years,45-49,91,2013
,Indiana,18,2013,2013,Under 15 years,15-,70,2013
,Indiana,18,2013,2013,15 - 17 years,15-17,1695,2013
,Indiana,18,2013,2013,18 - 19 years,18-19,4010,2013
,Indiana,18,2013,2013,20-24 years,20-24,11198,2013
,Indiana,18,2013,2013,25-29 years,25-29,8966,2013
,Indiana,18,2013,2013,30-34 years,30-34,4718,2013
,Indiana,18,2013,2013,35-39 years,35-39,1305,2013
,Indiana,18,2013,2013,40-44 years,40-44,265,2013
,Indiana,18,2013,2013,45-49 years,45-49,20,2013
,Iowa,19,2013,2013,Under 15 years,15-,12,2013
,Iowa,19,2013,2013,15 - 17 years,15-17,545,2013
,Iowa,19,2013,2013,18 - 19 years,18-19,1395,2013
,Iowa,19,2013,2013,20-24 years,20-24,4637,2013
,Iowa,19,2013,2013,25-29 years,25-29,4942,2013
,Iowa,19,2013,2013,30-34 years,30-34,2387,2013
,Iowa,19,2013,2013,35-39 years,35-39,666,2013
,Iowa,19,2013,2013,40-44 years,40-44,95,2013
,Kansas,20,2013,2013,Under 15 years,15-,29,2013
,Kansas,20,2013,2013,15 - 17 years,15-17,675,2013
,Kansas,20,2013,2013,18 - 19 years,18-19,1728,2013
,Kansas,20,2013,2013,20-24 years,20-24,4574,2013
,Kansas,20,2013,2013,25-29 years,25-29,4313,2013
,Kansas,20,2013,2013,30-34 years,30-34,2253,2013
,Kansas,20,2013,2013,35-39 years,35-39,574,2013
,Kansas,20,2013,2013,40-44 years,40-44,107,2013
,Kentucky,21,2013,2013,Under 15 years,15-,46,2013
,Kentucky,21,2013,2013,15 - 17 years,15-17,1300,2013
,Kentucky,21,2013,2013,18 - 19 years,18-19,3214,2013
,Kentucky,21,2013,2013,20-24 years,20-24,7854,2013
,Kentucky,21,2013,2013,25-29 years,25-29,5783,2013
,Kentucky,21,2013,2013,30-34 years,30-34,3112,2013
,Kentucky,21,2013,2013,35-39 years,35-39,907,2013
,Kentucky,21,2013,2013,40-44 years,40-44,156,2013
,Kentucky,21,2013,2013,45-49 years,45-49,16,2013
,Louisiana,22,2013,2013,Under 15 years,15-,87,2013
,Louisiana,22,2013,2013,15 - 17 years,15-17,1424,2013
,Louisiana,22,2013,2013,18 - 19 years,18-19,3292,2013
,Louisiana,22,2013,2013,20-24 years,20-24,8913,2013
,Louisiana,22,2013,2013,25-29 years,25-29,6042,2013
,Louisiana,22,2013,2013,30-34 years,30-34,3155,2013
,Louisiana,22,2013,2013,35-39 years,35-39,957,2013
,Louisiana,22,2013,2013,40-44 years,40-44,183,2013
,Louisiana,22,2013,2013,45-49 years,45-49,10,2013
,Maine,23,2013,2013,15 - 17 years,15-17,158,2013
,Maine,23,2013,2013,18 - 19 years,18-19,462,2013
,Maine,23,2013,2013,20-24 years,20-24,1665,2013
,Maine,23,2013,2013,25-29 years,25-29,1653,2013
,Maine,23,2013,2013,30-34 years,30-34,1153,2013
,Maine,23,2013,2013,35-39 years,35-39,365,2013
,Maine,23,2013,2013,40-44 years,40-44,85,2013
,Maryland,24,2013,2013,Under 15 years,15-,49,2013
,Maryland,24,2013,2013,15 - 17 years,15-17,950,2013
,Maryland,24,2013,2013,18 - 19 years,18-19,2160,2013
,Maryland,24,2013,2013,20-24 years,20-24,7280,2013
,Maryland,24,2013,2013,25-29 years,25-29,8424,2013
,Maryland,24,2013,2013,30-34 years,30-34,7169,2013
,Maryland,24,2013,2013,35-39 years,35-39,2575,2013
,Maryland,24,2013,2013,40-44 years,40-44,583,2013
,Maryland,24,2013,2013,45-49 years,45-49,66,2013
,Maryland,24,2013,2013,50 years and over,50+,11,2013
,Massachusetts,25,2013,2013,Under 15 years,15-,32,2013
,Massachusetts,25,2013,2013,15 - 17 years,15-17,699,2013
,Massachusetts,25,2013,2013,18 - 19 years,18-19,1676,2013
,Massachusetts,25,2013,2013,20-24 years,20-24,5940,2013
,Massachusetts,25,2013,2013,25-29 years,25-29,8881,2013
,Massachusetts,25,2013,2013,30-34 years,30-34,10531,2013
,Massachusetts,25,2013,2013,35-39 years,35-39,4040,2013
,Massachusetts,25,2013,2013,40-44 years,40-44,920,2013
,Massachusetts,25,2013,2013,45-49 years,45-49,82,2013
,Michigan,26,2013,2013,Under 15 years,15-,77,2013
,Michigan,26,2013,2013,15 - 17 years,15-17,1936,2013
,Michigan,26,2013,2013,18 - 19 years,18-19,4632,2013
,Michigan,26,2013,2013,20-24 years,20-24,14202,2013
,Michigan,26,2013,2013,25-29 years,25-29,12709,2013
,Michigan,26,2013,2013,30-34 years,30-34,7981,2013
,Michigan,26,2013,2013,35-39 years,35-39,2431,2013
,Michigan,26,2013,2013,40-44 years,40-44,495,2013
,Michigan,26,2013,2013,45-49 years,45-49,44,2013
,Minnesota,27,2013,2013,Under 15 years,15-,30,2013
,Minnesota,27,2013,2013,15 - 17 years,15-17,710,2013
,Minnesota,27,2013,2013,18 - 19 years,18-19,1811,2013
,Minnesota,27,2013,2013,20-24 years,20-24,6208,2013
,Minnesota,27,2013,2013,25-29 years,25-29,8981,2013
,Minnesota,27,2013,2013,30-34 years,30-34,6385,2013
,Minnesota,27,2013,2013,35-39 years,35-39,1915,2013
,Minnesota,27,2013,2013,40-44 years,40-44,314,2013
,Minnesota,27,2013,2013,45-49 years,45-49,26,2013
,Mississippi,28,2013,2013,Under 15 years,15-,74,2013
,Mississippi,28,2013,2013,15 - 17 years,15-17,1078,2013
,Mississippi,28,2013,2013,18 - 19 years,18-19,2491,2013
,Mississippi,28,2013,2013,20-24 years,20-24,5691,2013
,Mississippi,28,2013,2013,25-29 years,25-29,3415,2013
,Mississippi,28,2013,2013,30-34 years,30-34,1541,2013
,Mississippi,28,2013,2013,35-39 years,35-39,467,2013
,Mississippi,28,2013,2013,40-44 years,40-44,91,2013
,Missouri,29,2013,2013,Under 15 years,15-,43,2013
,Missouri,29,2013,2013,15 - 17 years,15-17,1347,2013
,Missouri,29,2013,2013,18 - 19 years,18-19,3417,2013
,Missouri,29,2013,2013,20-24 years,20-24,9492,2013
,Missouri,29,2013,2013,25-29 years,25-29,8271,2013
,Missouri,29,2013,2013,30-34 years,30-34,4769,2013
,Missouri,29,2013,2013,35-39 years,35-39,1327,2013
,Missouri,29,2013,2013,40-44 years,40-44,236,2013
,Missouri,29,2013,2013,45-49 years,45-49,13,2013
,Montana,30,2013,2013,15 - 17 years,15-17,221,2013
,Montana,30,2013,2013,18 - 19 years,18-19,517,2013
,Montana,30,2013,2013,20-24 years,20-24,1530,2013
,Montana,30,2013,2013,25-29 years,25-29,1314,2013
,Montana,30,2013,2013,30-34 years,30-34,791,2013
,Montana,30,2013,2013,35-39 years,35-39,242,2013
,Montana,30,2013,2013,40-44 years,40-44,39,2013
,Nebraska,31,2013,2013,Under 15 years,15-,13,2013
,Nebraska,31,2013,2013,15 - 17 years,15-17,386,2013
,Nebraska,31,2013,2013,18 - 19 years,18-19,929,2013
,Nebraska,31,2013,2013,20-24 years,20-24,2868,2013
,Nebraska,31,2013,2013,25-29 years,25-29,3156,2013
,Nebraska,31,2013,2013,30-34 years,30-34,1631,2013
,Nebraska,31,2013,2013,35-39 years,35-39,428,2013
,Nebraska,31,2013,2013,40-44 years,40-44,75,2013
,Nevada,32,2013,2013,Under 15 years,15-,24,2013
,Nevada,32,2013,2013,15 - 17 years,15-17,607,2013
,Nevada,32,2013,2013,18 - 19 years,18-19,1492,2013
,Nevada,32,2013,2013,20-24 years,20-24,4048,2013
,Nevada,32,2013,2013,25-29 years,25-29,3381,2013
,Nevada,32,2013,2013,30-34 years,30-34,2351,2013
,Nevada,32,2013,2013,35-39 years,35-39,903,2013
,Nevada,32,2013,2013,40-44 years,40-44,231,2013
,Nevada,32,2013,2013,45-49 years,45-49,13,2013
,New Hampshire,33,2013,2013,15 - 17 years,15-17,116,2013
,New Hampshire,33,2013,2013,18 - 19 years,18-19,382,2013
,New Hampshire,33,2013,2013,20-24 years,20-24,1288,2013
,New Hampshire,33,2013,2013,25-29 years,25-29,1654,2013
,New Hampshire,33,2013,2013,30-34 years,30-34,1325,2013
,New Hampshire,33,2013,2013,35-39 years,35-39,439,2013
,New Hampshire,33,2013,2013,40-44 years,40-44,97,2013
,New Jersey,34,2013,2013,Under 15 years,15-,42,2013
,New Jersey,34,2013,2013,15 - 17 years,15-17,1086,2013
,New Jersey,34,2013,2013,18 - 19 years,18-19,2420,2013
,New Jersey,34,2013,2013,20-24 years,20-24,8700,2013
,New Jersey,34,2013,2013,25-29 years,25-29,11493,2013
,New Jersey,34,2013,2013,30-34 years,30-34,11770,2013
,New Jersey,34,2013,2013,35-39 years,35-39,4437,2013
,New Jersey,34,2013,2013,40-44 years,40-44,984,2013
,New Jersey,34,2013,2013,45-49 years,45-49,105,2013
,New Jersey,34,2013,2013,50 years and over,50+,11,2013
,New Mexico,35,2013,2013,Under 15 years,15-,33,2013
,New Mexico,35,2013,2013,15 - 17 years,15-17,827,2013
,New Mexico,35,2013,2013,18 - 19 years,18-19,1563,2013
,New Mexico,35,2013,2013,20-24 years,20-24,3572,2013
,New Mexico,35,2013,2013,25-29 years,25-29,2134,2013
,New Mexico,35,2013,2013,30-34 years,30-34,1214,2013
,New Mexico,35,2013,2013,35-39 years,35-39,395,2013
,New Mexico,35,2013,2013,40-44 years,40-44,79,2013
,New York,36,2013,2013,Under 15 years,15-,118,2013
,New York,36,2013,2013,15 - 17 years,15-17,2759,2013
,New York,36,2013,2013,18 - 19 years,18-19,6684,2013
,New York,36,2013,2013,20-24 years,20-24,24780,2013
,New York,36,2013,2013,25-29 years,25-29,26119,2013
,New York,36,2013,2013,30-34 years,30-34,25190,2013
,New York,36,2013,2013,35-39 years,35-39,10626,2013
,New York,36,2013,2013,40-44 years,40-44,2684,2013
,New York,36,2013,2013,45-49 years,45-49,306,2013
,New York,36,2013,2013,50 years and over,50+,32,2013
,North Carolina,37,2013,2013,Under 15 years,15-,127,2013
,North Carolina,37,2013,2013,15 - 17 years,15-17,2257,2013
,North Carolina,37,2013,2013,18 - 19 years,18-19,5308,2013
,North Carolina,37,2013,2013,20-24 years,20-24,15420,2013
,North Carolina,37,2013,2013,25-29 years,25-29,12924,2013
,North Carolina,37,2013,2013,30-34 years,30-34,8858,2013
,North Carolina,37,2013,2013,35-39 years,35-39,3012,2013
,North Carolina,37,2013,2013,40-44 years,40-44,615,2013
,North Carolina,37,2013,2013,45-49 years,45-49,56,2013
,North Dakota,38,2013,2013,15 - 17 years,15-17,115,2013
,North Dakota,38,2013,2013,18 - 19 years,18-19,364,2013
,North Dakota,38,2013,2013,20-24 years,20-24,1381,2013
,North Dakota,38,2013,2013,25-29 years,25-29,1465,2013
,North Dakota,38,2013,2013,30-34 years,30-34,683,2013
,North Dakota,38,2013,2013,35-39 years,35-39,162,2013
,North Dakota,38,2013,2013,40-44 years,40-44,24,2013
,Ohio,39,2013,2013,Under 15 years,15-,110,2013
,Ohio,39,2013,2013,15 - 17 years,15-17,2462,2013
,Ohio,39,2013,2013,18 - 19 years,18-19,6155,2013
,Ohio,39,2013,2013,20-24 years,20-24,17321,2013
,Ohio,39,2013,2013,25-29 years,25-29,15202,2013
,Ohio,39,2013,2013,30-34 years,30-34,9338,2013
,Ohio,39,2013,2013,35-39 years,35-39,2817,2013
,Ohio,39,2013,2013,40-44 years,40-44,567,2013
,Ohio,39,2013,2013,45-49 years,45-49,40,2013
,Oklahoma,40,2013,2013,Under 15 years,15-,69,2013
,Oklahoma,40,2013,2013,15 - 17 years,15-17,1387,2013
,Oklahoma,40,2013,2013,18 - 19 years,18-19,2900,2013
,Oklahoma,40,2013,2013,20-24 years,20-24,7400,2013
,Oklahoma,40,2013,2013,25-29 years,25-29,5171,2013
,Oklahoma,40,2013,2013,30-34 years,30-34,2691,2013
,Oklahoma,40,2013,2013,35-39 years,35-39,711,2013
,Oklahoma,40,2013,2013,40-44 years,40-44,124,2013
,Oregon,41,2013,2013,Under 15 years,15-,15,2013
,Oregon,41,2013,2013,15 - 17 years,15-17,672,2013
,Oregon,41,2013,2013,18 - 19 years,18-19,1577,2013
,Oregon,41,2013,2013,20-24 years,20-24,4934,2013
,Oregon,41,2013,2013,25-29 years,25-29,4949,2013
,Oregon,41,2013,2013,30-34 years,30-34,4083,2013
,Oregon,41,2013,2013,35-39 years,35-39,1561,2013
,Oregon,41,2013,2013,40-44 years,40-44,333,2013
,Oregon,41,2013,2013,45-49 years,45-49,22,2013
,Pennsylvania,42,2013,2013,Under 15 years,15-,94,2013
,Pennsylvania,42,2013,2013,15 - 17 years,15-17,2207,2013
,Pennsylvania,42,2013,2013,18 - 19 years,18-19,4968,2013
,Pennsylvania,42,2013,2013,20-24 years,20-24,15494,2013
,Pennsylvania,42,2013,2013,25-29 years,25-29,16559,2013
,Pennsylvania,42,2013,2013,30-34 years,30-34,12409,2013
,Pennsylvania,42,2013,2013,35-39 years,35-39,3770,2013
,Pennsylvania,42,2013,2013,40-44 years,40-44,788,2013
,Pennsylvania,42,2013,2013,45-49 years,45-49,68,2013
,Rhode Island,44,2013,2013,15 - 17 years,15-17,160,2013
,Rhode Island,44,2013,2013,18 - 19 years,18-19,370,2013
,Rhode Island,44,2013,2013,20-24 years,20-24,1078,2013
,Rhode Island,44,2013,2013,25-29 years,25-29,1220,2013
,Rhode Island,44,2013,2013,30-34 years,30-34,1130,2013
,Rhode Island,44,2013,2013,35-39 years,35-39,373,2013
,Rhode Island,44,2013,2013,40-44 years,40-44,80,2013
,Rhode Island,44,2013,2013,45-49 years,45-49,14,2013
,South Carolina,45,2013,2013,Under 15 years,15-,52,2013
,South Carolina,45,2013,2013,15 - 17 years,15-17,1180,2013
,South Carolina,45,2013,2013,18 - 19 years,18-19,2740,2013
,South Carolina,45,2013,2013,20-24 years,20-24,7677,2013
,South Carolina,45,2013,2013,25-29 years,25-29,5893,2013
,South Carolina,45,2013,2013,30-34 years,30-34,3684,2013
,South Carolina,45,2013,2013,35-39 years,35-39,1172,2013
,South Carolina,45,2013,2013,40-44 years,40-44,227,2013
,South Carolina,45,2013,2013,45-49 years,45-49,16,2013
,South Dakota,46,2013,2013,Under 15 years,15-,10,2013
,South Dakota,46,2013,2013,15 - 17 years,15-17,201,2013
,South Dakota,46,2013,2013,18 - 19 years,18-19,461,2013
,South Dakota,46,2013,2013,20-24 years,20-24,1402,2013
,South Dakota,46,2013,2013,25-29 years,25-29,1418,2013
,South Dakota,46,2013,2013,30-34 years,30-34,594,2013
,South Dakota,46,2013,2013,35-39 years,35-39,147,2013
,South Dakota,46,2013,2013,40-44 years,40-44,27,2013
,Tennessee,47,2013,2013,Under 15 years,15-,87,2013
,Tennessee,47,2013,2013,15 - 17 years,15-17,1706,2013
,Tennessee,47,2013,2013,18 - 19 years,18-19,4139,2013
,Tennessee,47,2013,2013,20-24 years,20-24,11071,2013
,Tennessee,47,2013,2013,25-29 years,25-29,8360,2013
,Tennessee,47,2013,2013,30-34 years,30-34,4706,2013
,Tennessee,47,2013,2013,35-39 years,35-39,1481,2013
,Tennessee,47,2013,2013,40-44 years,40-44,283,2013
,Tennessee,47,2013,2013,45-49 years,45-49,18,2013
,Texas,48,2013,2013,Under 15 years,15-,513,2013
,Texas,48,2013,2013,15 - 17 years,15-17,10525,2013
,Texas,48,2013,2013,18 - 19 years,18-19,19190,2013
,Texas,48,2013,2013,20-24 years,20-24,45204,2013
,Texas,48,2013,2013,25-29 years,25-29,36878,2013
,Texas,48,2013,2013,30-34 years,30-34,23795,2013
,Texas,48,2013,2013,35-39 years,35-39,8129,2013
,Texas,48,2013,2013,40-44 years,40-44,1795,2013
,Texas,48,2013,2013,45-49 years,45-49,133,2013
,Texas,48,2013,2013,50 years and over,50+,13,2013
,Utah,49,2013,2013,Under 15 years,15-,15,2013
,Utah,49,2013,2013,15 - 17 years,15-17,538,2013
,Utah,49,2013,2013,18 - 19 years,18-19,1366,2013
,Utah,49,2013,2013,20-24 years,20-24,6496,2013
,Utah,49,2013,2013,25-29 years,25-29,5174,2013
,Utah,49,2013,2013,30-34 years,30-34,2135,2013
,Utah,49,2013,2013,35-39 years,35-39,644,2013
,Utah,49,2013,2013,40-44 years,40-44,101,2013
,Utah,49,2013,2013,45-49 years,45-49,13,2013
,Vermont,50,2013,2013,15 - 17 years,15-17,54,2013
,Vermont,50,2013,2013,18 - 19 years,18-19,224,2013
,Vermont,50,2013,2013,20-24 years,20-24,681,2013
,Vermont,50,2013,2013,25-29 years,25-29,728,2013
,Vermont,50,2013,2013,30-34 years,30-34,680,2013
,Vermont,50,2013,2013,35-39 years,35-39,249,2013
,Vermont,50,2013,2013,40-44 years,40-44,44,2013
,Virginia,51,2013,2013,Under 15 years,15-,35,2013
,Virginia,51,2013,2013,15 - 17 years,15-17,1139,2013
,Virginia,51,2013,2013,18 - 19 years,18-19,3391,2013
,Virginia,51,2013,2013,20-24 years,20-24,11512,2013
,Virginia,51,2013,2013,25-29 years,25-29,12268,2013
,Virginia,51,2013,2013,30-34 years,30-34,9999,2013
,Virginia,51,2013,2013,35-39 years,35-39,3435,2013
,Virginia,51,2013,2013,40-44 years,40-44,785,2013
,Virginia,51,2013,2013,45-49 years,45-49,70,2013
,Washington,53,2013,2013,Under 15 years,15-,34,2013
,Washington,53,2013,2013,15 - 17 years,15-17,1060,2013
,Washington,53,2013,2013,18 - 19 years,18-19,2614,2013
,Washington,53,2013,2013,20-24 years,20-24,9437,2013
,Washington,53,2013,2013,25-29 years,25-29,9984,2013
,Washington,53,2013,2013,30-34 years,30-34,8048,2013
,Washington,53,2013,2013,35-39 years,35-39,2968,2013
,Washington,53,2013,2013,40-44 years,40-44,652,2013
,Washington,53,2013,2013,45-49 years,45-49,53,2013
,West Virginia,54,2013,2013,Under 15 years,15-,20,2013
,West Virginia,54,2013,2013,15 - 17 years,15-17,511,2013
,West Virginia,54,2013,2013,18 - 19 years,18-19,1327,2013
,West Virginia,54,2013,2013,20-24 years,20-24,3222,2013
,West Virginia,54,2013,2013,25-29 years,25-29,2119,2013
,West Virginia,54,2013,2013,30-34 years,30-34,1057,2013
,West Virginia,54,2013,2013,35-39 years,35-39,333,2013
,West Virginia,54,2013,2013,40-44 years,40-44,50,2013
,Wisconsin,55,2013,2013,Under 15 years,15-,38,2013
,Wisconsin,55,2013,2013,15 - 17 years,15-17,873,2013
,Wisconsin,55,2013,2013,18 - 19 years,18-19,2266,2013
,Wisconsin,55,2013,2013,20-24 years,20-24,6981,2013
,Wisconsin,55,2013,2013,25-29 years,25-29,8028,2013
,Wisconsin,55,2013,2013,30-34 years,30-34,5225,2013
,Wisconsin,55,2013,2013,35-39 years,35-39,1463,2013
,Wisconsin,55,2013,2013,40-44 years,40-44,219,2013
,Wisconsin,55,2013,2013,45-49 years,45-49,18,2013
,Wyoming,56,2013,2013,15 - 17 years,15-17,138,2013
,Wyoming,56,2013,2013,18 - 19 years,18-19,334,2013
,Wyoming,56,2013,2013,20-24 years,20-24,1068,2013
,Wyoming,56,2013,2013,25-29 years,25-29,812,2013
,Wyoming,56,2013,2013,30-34 years,30-34,399,2013
,Wyoming,56,2013,2013,35-39 years,35-39,118,2013
,Wyoming,56,2013,2013,40-44 years,40-44,22,2013
---,,,,,,,,2013
"Dataset: Natality, 2007-2024",,,,,,,,2013
Query Parameters:,,,,,,,,2013
Live Birth Order: 1st child born alive to mother,,,,,,,,2013
Year: 2013,,,,,,,,2013
Group By: State; Year; Age of Mother 10,,,,,,,,2013
Show Totals: Disabled,,,,,,,,2013
Show Zero Values: False,,,,,,,,2013
Show Suppressed: False,,,,,,,,2013
"Calculate Rates Per: 1,000",,,,,,,,2013
Population Option: No populations shown because rates were not selected.,,,,,,,,2013
---,,,,,,,,2013
Help: See http://wonder.cdc.gov/wonder/help/natality.html for more information.,,,,,,,,2013
---,,,,,,,,2013
"Query Date: Mar 28, 2026 5:17:29 AM",,,,,,,,2013
---,,,,,,,,2013
"Suggested Citation: Centers for Disease Control and Prevention, National Center for Health Statistics. National Vital Statistics",,,,,,,,2013
"System, Natality on CDC WONDER Online Database. Data are from the Natality Records 2007-2024, as compiled from data provided by",,,,,,,,2013
the 57 vital statistics jurisdictions through the Vital Statistics Cooperative Program. Accessed at,,,,,,,,2013
"http://wonder.cdc.gov/natality-current.html on Mar 28, 2026 5:17:29 AM",,,,,,,,2013
---,,,,,,,,2013
Messages:,,,,,,,,2013
1. Totals are not available for these results due to suppression constraints. More Information:,,,,,,,,2013
http://wonder.cdc.gov/wonder/help/faq.html#Privacy.,,,,,,,,2013
2. Rows with zero Births are hidden. Use Quick Options above to show zero rows.,,,,,,,,2013
3. Rows with suppressed Births are hidden. Use Quick Options above to show suppressed rows.,,,,,,,,2013
---,,,,,,,,2013
Caveats:,,,,,,,,2013
1. 'Suppressed' appears when the data do not meet the criteria for confidentiality constraints. More information:,,,,,,,,2013
http://wonder.cdc.gov/wonder/help/natality.html#Assurance of Confidentiality.,,,,,,,,2013
2. Each birth record represents one liveborn infant.,,,,,,,,2013
,Alabama,01,2014,2014,Under 15 years,15-,63,2014
,Alabama,01,2014,2014,15 - 17 years,15-17,1250,2014
,Alabama,01,2014,2014,18 - 19 years,18-19,2934,2014
,Alabama,01,2014,2014,20-24 years,20-24,8871,2014
,Alabama,01,2014,2014,25-29 years,25-29,6537,2014
,Alabama,01,2014,2014,30-34 years,30-34,3381,2014
,Alabama,01,2014,2014,35-39 years,35-39,978,2014
,Alabama,01,2014,2014,40-44 years,40-44,157,2014
,Alaska,02,2014,2014,15 - 17 years,15-17,135,2014
,Alaska,02,2014,2014,18 - 19 years,18-19,405,2014
,Alaska,02,2014,2014,20-24 years,20-24,1445,2014
,Alaska,02,2014,2014,25-29 years,25-29,1145,2014
,Alaska,02,2014,2014,30-34 years,30-34,740,2014
,Alaska,02,2014,2014,35-39 years,35-39,218,2014
,Alaska,02,2014,2014,40-44 years,40-44,51,2014
,Arizona,04,2014,2014,Under 15 years,15-,48,2014
,Arizona,04,2014,2014,15 - 17 years,15-17,1634,2014
,Arizona,04,2014,2014,18 - 19 years,18-19,3803,2014
,Arizona,04,2014,2014,20-24 years,20-24,10193,2014
,Arizona,04,2014,2014,25-29 years,25-29,7875,2014
,Arizona,04,2014,2014,30-34 years,30-34,5227,2014
,Arizona,04,2014,2014,35-39 years,35-39,1894,2014
,Arizona,04,2014,2014,40-44 years,40-44,370,2014
,Arizona,04,2014,2014,45-49 years,45-49,30,2014
,Arkansas,05,2014,2014,Under 15 years,15-,43,2014
,Arkansas,05,2014,2014,15 - 17 years,15-17,867,2014
,Arkansas,05,2014,2014,18 - 19 years,18-19,2227,2014
,Arkansas,05,2014,2014,20-24 years,20-24,5671,2014
,Arkansas,05,2014,2014,25-29 years,25-29,3835,2014
,Arkansas,05,2014,2014,30-34 years,30-34,2124,2014
,Arkansas,05,2014,2014,35-39 years,35-39,603,2014
,Arkansas,05,2014,2014,40-44 years,40-44,116,2014
,Arkansas,05,2014,2014,45-49 years,45-49,10,2014
,California,06,2014,2014,Under 15 years,15-,224,2014
,California,06,2014,2014,15 - 17 years,15-17,6741,2014
,California,06,2014,2014,18 - 19 years,18-19,15833,2014
,California,06,2014,2014,20-24 years,20-24,49673,2014
,California,06,2014,2014,25-29 years,25-29,50851,2014
,California,06,2014,2014,30-34 years,30-34,48135,2014
,California,06,2014,2014,35-39 years,35-39,19677,2014
,California,06,2014,2014,40-44 years,40-44,4479,2014
,California,06,2014,2014,45-49 years,45-49,400,2014
,California,06,2014,2014,50 years and over,50+,47,2014
,Colorado,08,2014,2014,Under 15 years,15-,27,2014
,Colorado,08,2014,2014,15 - 17 years,15-17,827,2014
,Colorado,08,2014,2014,18 - 19 years,18-19,2033,2014
,Colorado,08,2014,2014,20-24 years,20-24,6760,2014
,Colorado,08,2014,2014,25-29 years,25-29,7473,2014
,Colorado,08,2014,2014,30-34 years,30-34,6439,2014
,Colorado,08,2014,2014,35-39 years,35-39,2443,2014
,Colorado,08,2014,2014,40-44 years,40-44,463,2014
,Colorado,08,2014,2014,45-49 years,45-49,37,2014
,Connecticut,09,2014,2014,Under 15 years,15-,14,2014
,Connecticut,09,2014,2014,15 - 17 years,15-17,363,2014
,Connecticut,09,2014,2014,18 - 19 years,18-19,857,2014
,Connecticut,09,2014,2014,20-24 years,20-24,3288,2014
,Connecticut,09,2014,2014,25-29 years,25-29,4479,2014
,Connecticut,09,2014,2014,30-34 years,30-34,4501,2014
,Connecticut,09,2014,2014,35-39 years,35-39,1625,2014
,Connecticut,09,2014,2014,40-44 years,40-44,325,2014
,Connecticut,09,2014,2014,45-49 years,45-49,34,2014
,Delaware,10,2014,2014,Under 15 years,15-,11,2014
,Delaware,10,2014,2014,15 - 17 years,15-17,152,2014
,Delaware,10,2014,2014,18 - 19 years,18-19,371,2014
,Delaware,10,2014,2014,20-24 years,20-24,1211,2014
,Delaware,10,2014,2014,25-29 years,25-29,1310,2014
,Delaware,10,2014,2014,30-34 years,30-34,922,2014
,Delaware,10,2014,2014,35-39 years,35-39,290,2014
,Delaware,10,2014,2014,40-44 years,40-44,70,2014
,District of Columbia,11,2014,2014,15 - 17 years,15-17,156,2014
,District of Columbia,11,2014,2014,18 - 19 years,18-19,311,2014
,District of Columbia,11,2014,2014,20-24 years,20-24,819,2014
,District of Columbia,11,2014,2014,25-29 years,25-29,757,2014
,District of Columbia,11,2014,2014,30-34 years,30-34,1494,2014
,District of Columbia,11,2014,2014,35-39 years,35-39,784,2014
,District of Columbia,11,2014,2014,40-44 years,40-44,159,2014
,District of Columbia,11,2014,2014,45-49 years,45-49,21,2014
,Florida,12,2014,2014,Under 15 years,15-,142,2014
,Florida,12,2014,2014,15 - 17 years,15-17,2935,2014
,Florida,12,2014,2014,18 - 19 years,18-19,7607,2014
,Florida,12,2014,2014,20-24 years,20-24,25739,2014
,Florida,12,2014,2014,25-29 years,25-29,24778,2014
,Florida,12,2014,2014,30-34 years,30-34,17869,2014
,Florida,12,2014,2014,35-39 years,35-39,6886,2014
,Florida,12,2014,2014,40-44 years,40-44,1489,2014
,Florida,12,2014,2014,45-49 years,45-49,134,2014
,Florida,12,2014,2014,50 years and over,50+,12,2014
,Georgia,13,2014,2014,Under 15 years,15-,101,2014
,Georgia,13,2014,2014,15 - 17 years,15-17,2326,2014
,Georgia,13,2014,2014,18 - 19 years,18-19,5401,2014
,Georgia,13,2014,2014,20-24 years,20-24,15344,2014
,Georgia,13,2014,2014,25-29 years,25-29,12444,2014
,Georgia,13,2014,2014,30-34 years,30-34,8597,2014
,Georgia,13,2014,2014,35-39 years,35-39,3139,2014
,Georgia,13,2014,2014,40-44 years,40-44,721,2014
,Georgia,13,2014,2014,45-49 years,45-49,71,2014
,Hawaii,15,2014,2014,15 - 17 years,15-17,189,2014
,Hawaii,15,2014,2014,18 - 19 years,18-19,525,2014
,Hawaii,15,2014,2014,20-24 years,20-24,1983,2014
,Hawaii,15,2014,2014,25-29 years,25-29,1840,2014
,Hawaii,15,2014,2014,30-34 years,30-34,1527,2014
,Hawaii,15,2014,2014,35-39 years,35-39,656,2014
,Hawaii,15,2014,2014,40-44 years,40-44,165,2014
,Hawaii,15,2014,2014,45-49 years,45-49,21,2014
,Idaho,16,2014,2014,15 - 17 years,15-17,293,2014
,Idaho,16,2014,2014,18 - 19 years,18-19,818,2014
,Idaho,16,2014,2014,20-24 years,20-24,3247,2014
,Idaho,16,2014,2014,25-29 years,25-29,2112,2014
,Idaho,16,2014,2014,30-34 years,30-34,1011,2014
,Idaho,16,2014,2014,35-39 years,35-39,340,2014
,Idaho,16,2014,2014,40-44 years,40-44,59,2014
,Illinois,17,2014,2014,Under 15 years,15-,90,2014
,Illinois,17,2014,2014,15 - 17 years,15-17,2388,2014
,Illinois,17,2014,2014,18 - 19 years,18-19,5436,2014
,Illinois,17,2014,2014,20-24 years,20-24,15375,2014
,Illinois,17,2014,2014,25-29 years,25-29,16673,2014
,Illinois,17,2014,2014,30-34 years,30-34,14935,2014
,Illinois,17,2014,2014,35-39 years,35-39,4980,2014
,Illinois,17,2014,2014,40-44 years,40-44,1024,2014
,Illinois,17,2014,2014,45-49 years,45-49,86,2014
,Indiana,18,2014,2014,Under 15 years,15-,60,2014
,Indiana,18,2014,2014,15 - 17 years,15-17,1498,2014
,Indiana,18,2014,2014,18 - 19 years,18-19,3738,2014
,Indiana,18,2014,2014,20-24 years,20-24,10813,2014
,Indiana,18,2014,2014,25-29 years,25-29,9328,2014
,Indiana,18,2014,2014,30-34 years,30-34,5120,2014
,Indiana,18,2014,2014,35-39 years,35-39,1461,2014
,Indiana,18,2014,2014,40-44 years,40-44,245,2014
,Indiana,18,2014,2014,45-49 years,45-49,18,2014
,Iowa,19,2014,2014,Under 15 years,15-,21,2014
,Iowa,19,2014,2014,15 - 17 years,15-17,478,2014
,Iowa,19,2014,2014,18 - 19 years,18-19,1279,2014
,Iowa,19,2014,2014,20-24 years,20-24,4404,2014
,Iowa,19,2014,2014,25-29 years,25-29,5023,2014
,Iowa,19,2014,2014,30-34 years,30-34,2507,2014
,Iowa,19,2014,2014,35-39 years,35-39,605,2014
,Iowa,19,2014,2014,40-44 years,40-44,106,2014
,Kansas,20,2014,2014,Under 15 years,15-,23,2014
,Kansas,20,2014,2014,15 - 17 years,15-17,632,2014
,Kansas,20,2014,2014,18 - 19 years,18-19,1569,2014
,Kansas,20,2014,2014,20-24 years,20-24,4532,2014
,Kansas,20,2014,2014,25-29 years,25-29,4195,2014
,Kansas,20,2014,2014,30-34 years,30-34,2365,2014
,Kansas,20,2014,2014,35-39 years,35-39,609,2014
,Kansas,20,2014,2014,40-44 years,40-44,95,2014
,Kentucky,21,2014,2014,Under 15 years,15-,44,2014
,Kentucky,21,2014,2014,15 - 17 years,15-17,1141,2014
,Kentucky,21,2014,2014,18 - 19 years,18-19,2859,2014
,Kentucky,21,2014,2014,20-24 years,20-24,7613,2014
,Kentucky,21,2014,2014,25-29 years,25-29,5792,2014
,Kentucky,21,2014,2014,30-34 years,30-34,3150,2014
,Kentucky,21,2014,2014,35-39 years,35-39,915,2014
,Kentucky,21,2014,2014,40-44 years,40-44,152,2014
,Kentucky,21,2014,2014,45-49 years,45-49,11,2014
,Louisiana,22,2014,2014,Under 15 years,15-,97,2014
,Louisiana,22,2014,2014,15 - 17 years,15-17,1273,2014
,Louisiana,22,2014,2014,18 - 19 years,18-19,2967,2014
,Louisiana,22,2014,2014,20-24 years,20-24,8457,2014
,Louisiana,22,2014,2014,25-29 years,25-29,6193,2014
,Louisiana,22,2014,2014,30-34 years,30-34,3337,2014
,Louisiana,22,2014,2014,35-39 years,35-39,989,2014
,Louisiana,22,2014,2014,40-44 years,40-44,176,2014
,Louisiana,22,2014,2014,45-49 years,45-49,17,2014
,Maine,23,2014,2014,15 - 17 years,15-17,142,2014
,Maine,23,2014,2014,18 - 19 years,18-19,425,2014
,Maine,23,2014,2014,20-24 years,20-24,1587,2014
,Maine,23,2014,2014,25-29 years,25-29,1617,2014
,Maine,23,2014,2014,30-34 years,30-34,1209,2014
,Maine,23,2014,2014,35-39 years,35-39,394,2014
,Maine,23,2014,2014,40-44 years,40-44,80,2014
,Maryland,24,2014,2014,Under 15 years,15-,51,2014
,Maryland,24,2014,2014,15 - 17 years,15-17,870,2014
,Maryland,24,2014,2014,18 - 19 years,18-19,1947,2014
,Maryland,24,2014,2014,20-24 years,20-24,7024,2014
,Maryland,24,2014,2014,25-29 years,25-29,8511,2014
,Maryland,24,2014,2014,30-34 years,30-34,7578,2014
,Maryland,24,2014,2014,35-39 years,35-39,2774,2014
,Maryland,24,2014,2014,40-44 years,40-44,607,2014
,Maryland,24,2014,2014,45-49 years,45-49,72,2014
,Maryland,24,2014,2014,50 years and over,50+,12,2014
,Massachusetts,25,2014,2014,Under 15 years,15-,17,2014
,Massachusetts,25,2014,2014,15 - 17 years,15-17,563,2014
,Massachusetts,25,2014,2014,18 - 19 years,18-19,1527,2014
,Massachusetts,25,2014,2014,20-24 years,20-24,5712,2014
,Massachusetts,25,2014,2014,25-29 years,25-29,8818,2014
,Massachusetts,25,2014,2014,30-34 years,30-34,10779,2014
,Massachusetts,25,2014,2014,35-39 years,35-39,4036,2014
,Massachusetts,25,2014,2014,40-44 years,40-44,901,2014
,Massachusetts,25,2014,2014,45-49 years,45-49,78,2014
,Michigan,26,2014,2014,Under 15 years,15-,69,2014
,Michigan,26,2014,2014,15 - 17 years,15-17,1621,2014
,Michigan,26,2014,2014,18 - 19 years,18-19,4132,2014
,Michigan,26,2014,2014,20-24 years,20-24,13754,2014
,Michigan,26,2014,2014,25-29 years,25-29,13316,2014
,Michigan,26,2014,2014,30-34 years,30-34,8298,2014
,Michigan,26,2014,2014,35-39 years,35-39,2587,2014
,Michigan,26,2014,2014,40-44 years,40-44,503,2014
,Michigan,26,2014,2014,45-49 years,45-49,39,2014
,Minnesota,27,2014,2014,Under 15 years,15-,23,2014
,Minnesota,27,2014,2014,15 - 17 years,15-17,670,2014
,Minnesota,27,2014,2014,18 - 19 years,18-19,1677,2014
,Minnesota,27,2014,2014,20-24 years,20-24,6138,2014
,Minnesota,27,2014,2014,25-29 years,25-29,8886,2014
,Minnesota,27,2014,2014,30-34 years,30-34,6875,2014
,Minnesota,27,2014,2014,35-39 years,35-39,1914,2014
,Minnesota,27,2014,2014,40-44 years,40-44,340,2014
,Minnesota,27,2014,2014,45-49 years,45-49,36,2014
,Mississippi,28,2014,2014,Under 15 years,15-,71,2014
,Mississippi,28,2014,2014,15 - 17 years,15-17,970,2014
,Mississippi,28,2014,2014,18 - 19 years,18-19,2183,2014
,Mississippi,28,2014,2014,20-24 years,20-24,5907,2014
,Mississippi,28,2014,2014,25-29 years,25-29,3495,2014
,Mississippi,28,2014,2014,30-34 years,30-34,1545,2014
,Mississippi,28,2014,2014,35-39 years,35-39,450,2014
,Mississippi,28,2014,2014,40-44 years,40-44,83,2014
,Mississippi,28,2014,2014,45-49 years,45-49,14,2014
,Missouri,29,2014,2014,Under 15 years,15-,51,2014
,Missouri,29,2014,2014,15 - 17 years,15-17,1263,2014
,Missouri,29,2014,2014,18 - 19 years,18-19,3107,2014
,Missouri,29,2014,2014,20-24 years,20-24,9320,2014
,Missouri,29,2014,2014,25-29 years,25-29,8192,2014
,Missouri,29,2014,2014,30-34 years,30-34,4855,2014
,Missouri,29,2014,2014,35-39 years,35-39,1376,2014
,Missouri,29,2014,2014,40-44 years,40-44,228,2014
,Missouri,29,2014,2014,45-49 years,45-49,16,2014
,Montana,30,2014,2014,15 - 17 years,15-17,222,2014
,Montana,30,2014,2014,18 - 19 years,18-19,468,2014
,Montana,30,2014,2014,20-24 years,20-24,1440,2014
,Montana,30,2014,2014,25-29 years,25-29,1288,2014
,Montana,30,2014,2014,30-34 years,30-34,886,2014
,Montana,30,2014,2014,35-39 years,35-39,256,2014
,Montana,30,2014,2014,40-44 years,40-44,64,2014
,Nebraska,31,2014,2014,Under 15 years,15-,21,2014
,Nebraska,31,2014,2014,15 - 17 years,15-17,335,2014
,Nebraska,31,2014,2014,18 - 19 years,18-19,854,2014
,Nebraska,31,2014,2014,20-24 years,20-24,2783,2014
,Nebraska,31,2014,2014,25-29 years,25-29,3179,2014
,Nebraska,31,2014,2014,30-34 years,30-34,1811,2014
,Nebraska,31,2014,2014,35-39 years,35-39,466,2014
,Nebraska,31,2014,2014,40-44 years,40-44,74,2014
,Nevada,32,2014,2014,Under 15 years,15-,26,2014
,Nevada,32,2014,2014,15 - 17 years,15-17,609,2014
,Nevada,32,2014,2014,18 - 19 years,18-19,1404,2014
,Nevada,32,2014,2014,20-24 years,20-24,4098,2014
,Nevada,32,2014,2014,25-29 years,25-29,3511,2014
,Nevada,32,2014,2014,30-34 years,30-34,2460,2014
,Nevada,32,2014,2014,35-39 years,35-39,945,2014
,Nevada,32,2014,2014,40-44 years,40-44,199,2014
,Nevada,32,2014,2014,45-49 years,45-49,25,2014
,New Hampshire,33,2014,2014,15 - 17 years,15-17,103,2014
,New Hampshire,33,2014,2014,18 - 19 years,18-19,316,2014
,New Hampshire,33,2014,2014,20-24 years,20-24,1301,2014
,New Hampshire,33,2014,2014,25-29 years,25-29,1684,2014
,New Hampshire,33,2014,2014,30-34 years,30-34,1413,2014
,New Hampshire,33,2014,2014,35-39 years,35-39,419,2014
,New Hampshire,33,2014,2014,40-44 years,40-44,86,2014
,New Jersey,34,2014,2014,Under 15 years,15-,51,2014
,New Jersey,34,2014,2014,15 - 17 years,15-17,920,2014
,New Jersey,34,2014,2014,18 - 19 years,18-19,2174,2014
,New Jersey,34,2014,2014,20-24 years,20-24,8580,2014
,New Jersey,34,2014,2014,25-29 years,25-29,11652,2014
,New Jersey,34,2014,2014,30-34 years,30-34,12451,2014
,New Jersey,34,2014,2014,35-39 years,35-39,4491,2014
,New Jersey,34,2014,2014,40-44 years,40-44,1033,2014
,New Jersey,34,2014,2014,45-49 years,45-49,101,2014
,New Jersey,34,2014,2014,50 years and over,50+,13,2014
,New Mexico,35,2014,2014,Under 15 years,15-,30,2014
,New Mexico,35,2014,2014,15 - 17 years,15-17,693,2014
,New Mexico,35,2014,2014,18 - 19 years,18-19,1360,2014
,New Mexico,35,2014,2014,20-24 years,20-24,3378,2014
,New Mexico,35,2014,2014,25-29 years,25-29,2047,2014
,New Mexico,35,2014,2014,30-34 years,30-34,1217,2014
,New Mexico,35,2014,2014,35-39 years,35-39,394,2014
,New Mexico,35,2014,2014,40-44 years,40-44,89,2014
,New York,36,2014,2014,Under 15 years,15-,102,2014
,New York,36,2014,2014,15 - 17 years,15-17,2362,2014
,New York,36,2014,2014,18 - 19 years,18-19,6025,2014
,New York,36,2014,2014,20-24 years,20-24,23497,2014
,New York,36,2014,2014,25-29 years,25-29,26922,2014
,New York,36,2014,2014,30-34 years,30-34,26240,2014
,New York,36,2014,2014,35-39 years,35-39,11026,2014
,New York,36,2014,2014,40-44 years,40-44,2549,2014
,New York,36,2014,2014,45-49 years,45-49,274,2014
,New York,36,2014,2014,50 years and over,50+,36,2014
,North Carolina,37,2014,2014,Under 15 years,15-,107,2014
,North Carolina,37,2014,2014,15 - 17 years,15-17,2150,2014
,North Carolina,37,2014,2014,18 - 19 years,18-19,4835,2014
,North Carolina,37,2014,2014,20-24 years,20-24,15303,2014
,North Carolina,37,2014,2014,25-29 years,25-29,13290,2014
,North Carolina,37,2014,2014,30-34 years,30-34,9177,2014
,North Carolina,37,2014,2014,35-39 years,35-39,3179,2014
,North Carolina,37,2014,2014,40-44 years,40-44,615,2014
,North Carolina,37,2014,2014,45-49 years,45-49,58,2014
,North Dakota,38,2014,2014,15 - 17 years,15-17,106,2014
,North Dakota,38,2014,2014,18 - 19 years,18-19,372,2014
,North Dakota,38,2014,2014,20-24 years,20-24,1420,2014
,North Dakota,38,2014,2014,25-29 years,25-29,1572,2014
,North Dakota,38,2014,2014,30-34 years,30-34,730,2014
,North Dakota,38,2014,2014,35-39 years,35-39,183,2014
,North Dakota,38,2014,2014,40-44 years,40-44,29,2014
,Ohio,39,2014,2014,Under 15 years,15-,114,2014
,Ohio,39,2014,2014,15 - 17 years,15-17,2218,2014
,Ohio,39,2014,2014,18 - 19 years,18-19,5644,2014
,Ohio,39,2014,2014,20-24 years,20-24,16486,2014
,Ohio,39,2014,2014,25-29 years,25-29,15273,2014
,Ohio,39,2014,2014,30-34 years,30-34,9896,2014
,Ohio,39,2014,2014,35-39 years,35-39,2866,2014
,Ohio,39,2014,2014,40-44 years,40-44,497,2014
,Ohio,39,2014,2014,45-49 years,45-49,37,2014
,Oklahoma,40,2014,2014,Under 15 years,15-,57,2014
,Oklahoma,40,2014,2014,15 - 17 years,15-17,1160,2014
,Oklahoma,40,2014,2014,18 - 19 years,18-19,2694,2014
,Oklahoma,40,2014,2014,20-24 years,20-24,7000,2014
,Oklahoma,40,2014,2014,25-29 years,25-29,5402,2014
,Oklahoma,40,2014,2014,30-34 years,30-34,2782,2014
,Oklahoma,40,2014,2014,35-39 years,35-39,764,2014
,Oklahoma,40,2014,2014,40-44 years,40-44,116,2014
,Oregon,41,2014,2014,Under 15 years,15-,20,2014
,Oregon,41,2014,2014,15 - 17 years,15-17,567,2014
,Oregon,41,2014,2014,18 - 19 years,18-19,1484,2014
,Oregon,41,2014,2014,20-24 years,20-24,4891,2014
,Oregon,41,2014,2014,25-29 years,25-29,4894,2014
,Oregon,41,2014,2014,30-34 years,30-34,4127,2014
,Oregon,41,2014,2014,35-39 years,35-39,1574,2014
,Oregon,41,2014,2014,40-44 years,40-44,282,2014
,Oregon,41,2014,2014,45-49 years,45-49,15,2014
,Pennsylvania,42,2014,2014,Under 15 years,15-,94,2014
,Pennsylvania,42,2014,2014,15 - 17 years,15-17,1910,2014
,Pennsylvania,42,2014,2014,18 - 19 years,18-19,4601,2014
,Pennsylvania,42,2014,2014,20-24 years,20-24,15015,2014
,Pennsylvania,42,2014,2014,25-29 years,25-29,16703,2014
,Pennsylvania,42,2014,2014,30-34 years,30-34,13052,2014
,Pennsylvania,42,2014,2014,35-39 years,35-39,4000,2014
,Pennsylvania,42,2014,2014,40-44 years,40-44,721,2014
,Pennsylvania,42,2014,2014,45-49 years,45-49,76,2014
,Rhode Island,44,2014,2014,15 - 17 years,15-17,135,2014
,Rhode Island,44,2014,2014,18 - 19 years,18-19,365,2014
,Rhode Island,44,2014,2014,20-24 years,20-24,1085,2014
,Rhode Island,44,2014,2014,25-29 years,25-29,1247,2014
,Rhode Island,44,2014,2014,30-34 years,30-34,1129,2014
,Rhode Island,44,2014,2014,35-39 years,35-39,383,2014
,Rhode Island,44,2014,2014,40-44 years,40-44,72,2014
,South Carolina,45,2014,2014,Under 15 years,15-,48,2014
,South Carolina,45,2014,2014,15 - 17 years,15-17,1103,2014
,South Carolina,45,2014,2014,18 - 19 years,18-19,2520,2014
,South Carolina,45,2014,2014,20-24 years,20-24,7514,2014
,South Carolina,45,2014,2014,25-29 years,25-29,6165,2014
,South Carolina,45,2014,2014,30-34 years,30-34,3875,2014
,South Carolina,45,2014,2014,35-39 years,35-39,1215,2014
,South Carolina,45,2014,2014,40-44 years,40-44,246,2014
,South Carolina,45,2014,2014,45-49 years,45-49,21,2014
,South Dakota,46,2014,2014,15 - 17 years,15-17,197,2014
,South Dakota,46,2014,2014,18 - 19 years,18-19,423,2014
,South Dakota,46,2014,2014,20-24 years,20-24,1329,2014
,South Dakota,46,2014,2014,25-29 years,25-29,1453,2014
,South Dakota,46,2014,2014,30-34 years,30-34,654,2014
,South Dakota,46,2014,2014,35-39 years,35-39,158,2014
,South Dakota,46,2014,2014,40-44 years,40-44,18,2014
,Tennessee,47,2014,2014,Under 15 years,15-,76,2014
,Tennessee,47,2014,2014,15 - 17 years,15-17,1598,2014
,Tennessee,47,2014,2014,18 - 19 years,18-19,4065,2014
,Tennessee,47,2014,2014,20-24 years,20-24,11036,2014
,Tennessee,47,2014,2014,25-29 years,25-29,8553,2014
,Tennessee,47,2014,2014,30-34 years,30-34,4956,2014
,Tennessee,47,2014,2014,35-39 years,35-39,1582,2014
,Tennessee,47,2014,2014,40-44 years,40-44,327,2014
,Tennessee,47,2014,2014,45-49 years,45-49,27,2014
,Texas,48,2014,2014,Under 15 years,15-,465,2014
,Texas,48,2014,2014,15 - 17 years,15-17,9519,2014
,Texas,48,2014,2014,18 - 19 years,18-19,18320,2014
,Texas,48,2014,2014,20-24 years,20-24,46196,2014
,Texas,48,2014,2014,25-29 years,25-29,39007,2014
,Texas,48,2014,2014,30-34 years,30-34,26576,2014
,Texas,48,2014,2014,35-39 years,35-39,8834,2014
,Texas,48,2014,2014,40-44 years,40-44,1937,2014
,Texas,48,2014,2014,45-49 years,45-49,148,2014
,Texas,48,2014,2014,50 years and over,50+,21,2014
,Utah,49,2014,2014,Under 15 years,15-,17,2014
,Utah,49,2014,2014,15 - 17 years,15-17,503,2014
,Utah,49,2014,2014,18 - 19 years,18-19,1329,2014
,Utah,49,2014,2014,20-24 years,20-24,6359,2014
,Utah,49,2014,2014,25-29 years,25-29,5177,2014
,Utah,49,2014,2014,30-34 years,30-34,2167,2014
,Utah,49,2014,2014,35-39 years,35-39,685,2014
,Utah,49,2014,2014,40-44 years,40-44,117,2014
,Utah,49,2014,2014,45-49 years,45-49,16,2014
,Vermont,50,2014,2014,15 - 17 years,15-17,58,2014
,Vermont,50,2014,2014,18 - 19 years,18-19,196,2014
,Vermont,50,2014,2014,20-24 years,20-24,700,2014
,Vermont,50,2014,2014,25-29 years,25-29,745,2014
,Vermont,50,2014,2014,30-34 years,30-34,696,2014
,Vermont,50,2014,2014,35-39 years,35-39,219,2014
,Vermont,50,2014,2014,40-44 years,40-44,54,2014
,Virginia,51,2014,2014,Under 15 years,15-,59,2014
,Virginia,51,2014,2014,15 - 17 years,15-17,1106,2014
,Virginia,51,2014,2014,18 - 19 years,18-19,3009,2014
,Virginia,51,2014,2014,20-24 years,20-24,11275,2014
,Virginia,51,2014,2014,25-29 years,25-29,12355,2014
,Virginia,51,2014,2014,30-34 years,30-34,10294,2014
,Virginia,51,2014,2014,35-39 years,35-39,3667,2014
,Virginia,51,2014,2014,40-44 years,40-44,796,2014
,Virginia,51,2014,2014,45-49 years,45-49,74,2014
,Virginia,51,2014,2014,50 years and over,50+,10,2014
,Washington,53,2014,2014,Under 15 years,15-,34,2014
,Washington,53,2014,2014,15 - 17 years,15-17,992,2014
,Washington,53,2014,2014,18 - 19 years,18-19,2474,2014
,Washington,53,2014,2014,20-24 years,20-24,9225,2014
,Washington,53,2014,2014,25-29 years,25-29,10271,2014
,Washington,53,2014,2014,30-34 years,30-34,8405,2014
,Washington,53,2014,2014,35-39 years,35-39,3085,2014
,Washington,53,2014,2014,40-44 years,40-44,549,2014
,Washington,53,2014,2014,45-49 years,45-49,49,2014
,West Virginia,54,2014,2014,Under 15 years,15-,25,2014
,West Virginia,54,2014,2014,15 - 17 years,15-17,463,2014
,West Virginia,54,2014,2014,18 - 19 years,18-19,1143,2014
,West Virginia,54,2014,2014,20-24 years,20-24,2929,2014
,West Virginia,54,2014,2014,25-29 years,25-29,2037,2014
,West Virginia,54,2014,2014,30-34 years,30-34,1053,2014
,West Virginia,54,2014,2014,35-39 years,35-39,317,2014
,West Virginia,54,2014,2014,40-44 years,40-44,59,2014
,Wisconsin,55,2014,2014,Under 15 years,15-,34,2014
,Wisconsin,55,2014,2014,15 - 17 years,15-17,771,2014
,Wisconsin,55,2014,2014,18 - 19 years,18-19,2061,2014
,Wisconsin,55,2014,2014,20-24 years,20-24,6764,2014
,Wisconsin,55,2014,2014,25-29 years,25-29,8050,2014
,Wisconsin,55,2014,2014,30-34 years,30-34,5418,2014
,Wisconsin,55,2014,2014,35-39 years,35-39,1509,2014
,Wisconsin,55,2014,2014,40-44 years,40-44,226,2014
,Wisconsin,55,2014,2014,45-49 years,45-49,15,2014
,Wyoming,56,2014,2014,15 - 17 years,15-17,119,2014
,Wyoming,56,2014,2014,18 - 19 years,18-19,344,2014
,Wyoming,56,2014,2014,20-24 years,20-24,1039,2014
,Wyoming,56,2014,2014,25-29 years,25-29,810,2014
,Wyoming,56,2014,2014,30-34 years,30-34,406,2014
,Wyoming,56,2014,2014,35-39 years,35-39,132,2014
,Wyoming,56,2014,2014,40-44 years,40-44,22,2014
---,,,,,,,,2014
"Dataset: Natality, 2007-2024",,,,,,,,2014
Query Parameters:,,,,,,,,2014
Live Birth Order: 1st child born alive to mother,,,,,,,,2014
Year: 2014,,,,,,,,2014
Group By: State; Year; Age of Mother 10,,,,,,,,2014
Show Totals: Disabled,,,,,,,,2014
Show Zero Values: False,,,,,,,,2014
Show Suppressed: False,,,,,,,,2014
"Calculate Rates Per: 1,000",,,,,,,,2014
Population Option: No populations shown because rates were not selected.,,,,,,,,2014
---,,,,,,,,2014
Help: See http://wonder.cdc.gov/wonder/help/natality.html for more information.,,,,,,,,2014
---,,,,,,,,2014
"Query Date: Mar 28, 2026 5:17:38 AM",,,,,,,,2014
---,,,,,,,,2014
"Suggested Citation: Centers for Disease Control and Prevention, National Center for Health Statistics. National Vital Statistics",,,,,,,,2014
"System, Natality on CDC WONDER Online Database. Data are from the Natality Records 2007-2024, as compiled from data provided by",,,,,,,,2014
the 57 vital statistics jurisdictions through the Vital Statistics Cooperative Program. Accessed at,,,,,,,,2014
"http://wonder.cdc.gov/natality-current.html on Mar 28, 2026 5:17:38 AM",,,,,,,,2014
---,,,,,,,,2014
Messages:,,,,,,,,2014
1. Totals are not available for these results due to suppression constraints. More Information:,,,,,,,,2014
http://wonder.cdc.gov/wonder/help/faq.html#Privacy.,,,,,,,,2014
2. Rows with zero Births are hidden. Use Quick Options above to show zero rows.,,,,,,,,2014
3. Rows with suppressed Births are hidden. Use Quick Options above to show suppressed rows.,,,,,,,,2014
---,,,,,,,,2014
Caveats:,,,,,,,,2014
1. 'Suppressed' appears when the data do not meet the criteria for confidentiality constraints. More information:,,,,,,,,2014
http://wonder.cdc.gov/wonder/help/natality.html#Assurance of Confidentiality.,,,,,,,,2014
2. Each birth record represents one liveborn infant.,,,,,,,,2014
,Alabama,01,2015,2015,Under 15 years,15-,52,2015
,Alabama,01,2015,2015,15 - 17 years,15-17,1216,2015
,Alabama,01,2015,2015,18 - 19 years,18-19,2755,2015
,Alabama,01,2015,2015,20-24 years,20-24,8199,2015
,Alabama,01,2015,2015,25-29 years,25-29,6393,2015
,Alabama,01,2015,2015,30-34 years,30-34,3272,2015
,Alabama,01,2015,2015,35-39 years,35-39,1020,2015
,Alabama,01,2015,2015,40-44 years,40-44,169,2015
,Alabama,01,2015,2015,45-49 years,45-49,11,2015
,Alaska,02,2015,2015,15 - 17 years,15-17,128,2015
,Alaska,02,2015,2015,18 - 19 years,18-19,437,2015
,Alaska,02,2015,2015,20-24 years,20-24,1329,2015
,Alaska,02,2015,2015,25-29 years,25-29,1170,2015
,Alaska,02,2015,2015,30-34 years,30-34,765,2015
,Alaska,02,2015,2015,35-39 years,35-39,260,2015
,Alaska,02,2015,2015,40-44 years,40-44,40,2015
,Arizona,04,2015,2015,Under 15 years,15-,42,2015
,Arizona,04,2015,2015,15 - 17 years,15-17,1486,2015
,Arizona,04,2015,2015,18 - 19 years,18-19,3404,2015
,Arizona,04,2015,2015,20-24 years,20-24,9871,2015
,Arizona,04,2015,2015,25-29 years,25-29,7919,2015
,Arizona,04,2015,2015,30-34 years,30-34,5316,2015
,Arizona,04,2015,2015,35-39 years,35-39,1851,2015
,Arizona,04,2015,2015,40-44 years,40-44,391,2015
,Arizona,04,2015,2015,45-49 years,45-49,26,2015
,Arkansas,05,2015,2015,Under 15 years,15-,42,2015
,Arkansas,05,2015,2015,15 - 17 years,15-17,823,2015
,Arkansas,05,2015,2015,18 - 19 years,18-19,2181,2015
,Arkansas,05,2015,2015,20-24 years,20-24,5372,2015
,Arkansas,05,2015,2015,25-29 years,25-29,3732,2015
,Arkansas,05,2015,2015,30-34 years,30-34,1857,2015
,Arkansas,05,2015,2015,35-39 years,35-39,577,2015
,Arkansas,05,2015,2015,40-44 years,40-44,86,2015
,California,06,2015,2015,Under 15 years,15-,219,2015
,California,06,2015,2015,15 - 17 years,15-17,5984,2015
,California,06,2015,2015,18 - 19 years,18-19,14330,2015
,California,06,2015,2015,20-24 years,20-24,46877,2015
,California,06,2015,2015,25-29 years,25-29,49855,2015
,California,06,2015,2015,30-34 years,30-34,47674,2015
,California,06,2015,2015,35-39 years,35-39,20178,2015
,California,06,2015,2015,40-44 years,40-44,4394,2015
,California,06,2015,2015,45-49 years,45-49,479,2015
,California,06,2015,2015,50 years and over,50+,51,2015
,Colorado,08,2015,2015,Under 15 years,15-,29,2015
,Colorado,08,2015,2015,15 - 17 years,15-17,809,2015
,Colorado,08,2015,2015,18 - 19 years,18-19,1984,2015
,Colorado,08,2015,2015,20-24 years,20-24,6670,2015
,Colorado,08,2015,2015,25-29 years,25-29,7373,2015
,Colorado,08,2015,2015,30-34 years,30-34,6768,2015
,Colorado,08,2015,2015,35-39 years,35-39,2494,2015
,Colorado,08,2015,2015,40-44 years,40-44,476,2015
,Colorado,08,2015,2015,45-49 years,45-49,32,2015
,Connecticut,09,2015,2015,Under 15 years,15-,10,2015
,Connecticut,09,2015,2015,15 - 17 years,15-17,307,2015
,Connecticut,09,2015,2015,18 - 19 years,18-19,767,2015
,Connecticut,09,2015,2015,20-24 years,20-24,2889,2015
,Connecticut,09,2015,2015,25-29 years,25-29,4295,2015
,Connecticut,09,2015,2015,30-34 years,30-34,4499,2015
,Connecticut,09,2015,2015,35-39 years,35-39,1587,2015
,Connecticut,09,2015,2015,40-44 years,40-44,312,2015
,Connecticut,09,2015,2015,45-49 years,45-49,31,2015
,Delaware,10,2015,2015,Under 15 years,15-,13,2015
,Delaware,10,2015,2015,15 - 17 years,15-17,130,2015
,Delaware,10,2015,2015,18 - 19 years,18-19,334,2015
,Delaware,10,2015,2015,20-24 years,20-24,1251,2015
,Delaware,10,2015,2015,25-29 years,25-29,1328,2015
,Delaware,10,2015,2015,30-34 years,30-34,973,2015
,Delaware,10,2015,2015,35-39 years,35-39,321,2015
,Delaware,10,2015,2015,40-44 years,40-44,65,2015
,District of Columbia,11,2015,2015,15 - 17 years,15-17,123,2015
,District of Columbia,11,2015,2015,18 - 19 years,18-19,270,2015
,District of Columbia,11,2015,2015,20-24 years,20-24,837,2015
,District of Columbia,11,2015,2015,25-29 years,25-29,733,2015
,District of Columbia,11,2015,2015,30-34 years,30-34,1516,2015
,District of Columbia,11,2015,2015,35-39 years,35-39,779,2015
,District of Columbia,11,2015,2015,40-44 years,40-44,174,2015
,District of Columbia,11,2015,2015,45-49 years,45-49,15,2015
,Florida,12,2015,2015,Under 15 years,15-,129,2015
,Florida,12,2015,2015,15 - 17 years,15-17,2830,2015
,Florida,12,2015,2015,18 - 19 years,18-19,7104,2015
,Florida,12,2015,2015,20-24 years,20-24,25490,2015
,Florida,12,2015,2015,25-29 years,25-29,25611,2015
,Florida,12,2015,2015,30-34 years,30-34,18773,2015
,Florida,12,2015,2015,35-39 years,35-39,7060,2015
,Florida,12,2015,2015,40-44 years,40-44,1587,2015
,Florida,12,2015,2015,45-49 years,45-49,165,2015
,Florida,12,2015,2015,50 years and over,50+,11,2015
,Georgia,13,2015,2015,Under 15 years,15-,103,2015
,Georgia,13,2015,2015,15 - 17 years,15-17,2112,2015
,Georgia,13,2015,2015,18 - 19 years,18-19,4912,2015
,Georgia,13,2015,2015,20-24 years,20-24,15098,2015
,Georgia,13,2015,2015,25-29 years,25-29,12595,2015
,Georgia,13,2015,2015,30-34 years,30-34,8162,2015
,Georgia,13,2015,2015,35-39 years,35-39,3033,2015
,Georgia,13,2015,2015,40-44 years,40-44,653,2015
,Georgia,13,2015,2015,45-49 years,45-49,58,2015
,Hawaii,15,2015,2015,15 - 17 years,15-17,172,2015
,Hawaii,15,2015,2015,18 - 19 years,18-19,488,2015
,Hawaii,15,2015,2015,20-24 years,20-24,2100,2015
,Hawaii,15,2015,2015,25-29 years,25-29,1879,2015
,Hawaii,15,2015,2015,30-34 years,30-34,1632,2015
,Hawaii,15,2015,2015,35-39 years,35-39,726,2015
,Hawaii,15,2015,2015,40-44 years,40-44,179,2015
,Hawaii,15,2015,2015,45-49 years,45-49,15,2015
,Idaho,16,2015,2015,Under 15 years,15-,11,2015
,Idaho,16,2015,2015,15 - 17 years,15-17,280,2015
,Idaho,16,2015,2015,18 - 19 years,18-19,801,2015
,Idaho,16,2015,2015,20-24 years,20-24,2996,2015
,Idaho,16,2015,2015,25-29 years,25-29,2158,2015
,Idaho,16,2015,2015,30-34 years,30-34,1014,2015
,Idaho,16,2015,2015,35-39 years,35-39,341,2015
,Idaho,16,2015,2015,40-44 years,40-44,49,2015
,Illinois,17,2015,2015,Under 15 years,15-,83,2015
,Illinois,17,2015,2015,15 - 17 years,15-17,2256,2015
,Illinois,17,2015,2015,18 - 19 years,18-19,5029,2015
,Illinois,17,2015,2015,20-24 years,20-24,15346,2015
,Illinois,17,2015,2015,25-29 years,25-29,16674,2015
,Illinois,17,2015,2015,30-34 years,30-34,14727,2015
,Illinois,17,2015,2015,35-39 years,35-39,5053,2015
,Illinois,17,2015,2015,40-44 years,40-44,964,2015
,Illinois,17,2015,2015,45-49 years,45-49,118,2015
,Indiana,18,2015,2015,Under 15 years,15-,64,2015
,Indiana,18,2015,2015,15 - 17 years,15-17,1414,2015
,Indiana,18,2015,2015,18 - 19 years,18-19,3494,2015
,Indiana,18,2015,2015,20-24 years,20-24,10545,2015
,Indiana,18,2015,2015,25-29 years,25-29,9219,2015
,Indiana,18,2015,2015,30-34 years,30-34,5027,2015
,Indiana,18,2015,2015,35-39 years,35-39,1529,2015
,Indiana,18,2015,2015,40-44 years,40-44,262,2015
,Indiana,18,2015,2015,45-49 years,45-49,26,2015
,Iowa,19,2015,2015,Under 15 years,15-,12,2015
,Iowa,19,2015,2015,15 - 17 years,15-17,435,2015
,Iowa,19,2015,2015,18 - 19 years,18-19,1197,2015
,Iowa,19,2015,2015,20-24 years,20-24,4263,2015
,Iowa,19,2015,2015,25-29 years,25-29,4874,2015
,Iowa,19,2015,2015,30-34 years,30-34,2502,2015
,Iowa,19,2015,2015,35-39 years,35-39,703,2015
,Iowa,19,2015,2015,40-44 years,40-44,101,2015
,Iowa,19,2015,2015,45-49 years,45-49,14,2015
,Kansas,20,2015,2015,Under 15 years,15-,14,2015
,Kansas,20,2015,2015,15 - 17 years,15-17,535,2015
,Kansas,20,2015,2015,18 - 19 years,18-19,1527,2015
,Kansas,20,2015,2015,20-24 years,20-24,4484,2015
,Kansas,20,2015,2015,25-29 years,25-29,4269,2015
,Kansas,20,2015,2015,30-34 years,30-34,2387,2015
,Kansas,20,2015,2015,35-39 years,35-39,667,2015
,Kansas,20,2015,2015,40-44 years,40-44,98,2015
,Kentucky,21,2015,2015,Under 15 years,15-,50,2015
,Kentucky,21,2015,2015,15 - 17 years,15-17,1052,2015
,Kentucky,21,2015,2015,18 - 19 years,18-19,2725,2015
,Kentucky,21,2015,2015,20-24 years,20-24,7428,2015
,Kentucky,21,2015,2015,25-29 years,25-29,5896,2015
,Kentucky,21,2015,2015,30-34 years,30-34,3199,2015
,Kentucky,21,2015,2015,35-39 years,35-39,977,2015
,Kentucky,21,2015,2015,40-44 years,40-44,180,2015
,Kentucky,21,2015,2015,45-49 years,45-49,13,2015
,Louisiana,22,2015,2015,Under 15 years,15-,84,2015
,Louisiana,22,2015,2015,15 - 17 years,15-17,1221,2015
,Louisiana,22,2015,2015,18 - 19 years,18-19,2792,2015
,Louisiana,22,2015,2015,20-24 years,20-24,8488,2015
,Louisiana,22,2015,2015,25-29 years,25-29,6100,2015
,Louisiana,22,2015,2015,30-34 years,30-34,3354,2015
,Louisiana,22,2015,2015,35-39 years,35-39,1030,2015
,Louisiana,22,2015,2015,40-44 years,40-44,176,2015
,Louisiana,22,2015,2015,45-49 years,45-49,16,2015
,Maine,23,2015,2015,15 - 17 years,15-17,118,2015
,Maine,23,2015,2015,18 - 19 years,18-19,406,2015
,Maine,23,2015,2015,20-24 years,20-24,1508,2015
,Maine,23,2015,2015,25-29 years,25-29,1614,2015
,Maine,23,2015,2015,30-34 years,30-34,1203,2015
,Maine,23,2015,2015,35-39 years,35-39,384,2015
,Maine,23,2015,2015,40-44 years,40-44,69,2015
,Maryland,24,2015,2015,Under 15 years,15-,31,2015
,Maryland,24,2015,2015,15 - 17 years,15-17,851,2015
,Maryland,24,2015,2015,18 - 19 years,18-19,1816,2015
,Maryland,24,2015,2015,20-24 years,20-24,6728,2015
,Maryland,24,2015,2015,25-29 years,25-29,8332,2015
,Maryland,24,2015,2015,30-34 years,30-34,7413,2015
,Maryland,24,2015,2015,35-39 years,35-39,2806,2015
,Maryland,24,2015,2015,40-44 years,40-44,611,2015
,Maryland,24,2015,2015,45-49 years,45-49,75,2015
,Maryland,24,2015,2015,50 years and over,50+,11,2015
,Massachusetts,25,2015,2015,Under 15 years,15-,22,2015
,Massachusetts,25,2015,2015,15 - 17 years,15-17,517,2015
,Massachusetts,25,2015,2015,18 - 19 years,18-19,1355,2015
,Massachusetts,25,2015,2015,20-24 years,20-24,5410,2015
,Massachusetts,25,2015,2015,25-29 years,25-29,8674,2015
,Massachusetts,25,2015,2015,30-34 years,30-34,10550,2015
,Massachusetts,25,2015,2015,35-39 years,35-39,4002,2015
,Massachusetts,25,2015,2015,40-44 years,40-44,808,2015
,Massachusetts,25,2015,2015,45-49 years,45-49,102,2015
,Michigan,26,2015,2015,Under 15 years,15-,59,2015
,Michigan,26,2015,2015,15 - 17 years,15-17,1414,2015
,Michigan,26,2015,2015,18 - 19 years,18-19,3841,2015
,Michigan,26,2015,2015,20-24 years,20-24,13126,2015
,Michigan,26,2015,2015,25-29 years,25-29,13202,2015
,Michigan,26,2015,2015,30-34 years,30-34,8365,2015
,Michigan,26,2015,2015,35-39 years,35-39,2600,2015
,Michigan,26,2015,2015,40-44 years,40-44,478,2015
,Michigan,26,2015,2015,45-49 years,45-49,40,2015
,Minnesota,27,2015,2015,Under 15 years,15-,22,2015
,Minnesota,27,2015,2015,15 - 17 years,15-17,550,2015
,Minnesota,27,2015,2015,18 - 19 years,18-19,1464,2015
,Minnesota,27,2015,2015,20-24 years,20-24,5682,2015
,Minnesota,27,2015,2015,25-29 years,25-29,8745,2015
,Minnesota,27,2015,2015,30-34 years,30-34,6740,2015
,Minnesota,27,2015,2015,35-39 years,35-39,1977,2015
,Minnesota,27,2015,2015,40-44 years,40-44,374,2015
,Minnesota,27,2015,2015,45-49 years,45-49,34,2015
,Mississippi,28,2015,2015,Under 15 years,15-,74,2015
,Mississippi,28,2015,2015,15 - 17 years,15-17,921,2015
,Mississippi,28,2015,2015,18 - 19 years,18-19,2019,2015
,Mississippi,28,2015,2015,20-24 years,20-24,5619,2015
,Mississippi,28,2015,2015,25-29 years,25-29,3462,2015
,Mississippi,28,2015,2015,30-34 years,30-34,1504,2015
,Mississippi,28,2015,2015,35-39 years,35-39,538,2015
,Mississippi,28,2015,2015,40-44 years,40-44,84,2015
,Missouri,29,2015,2015,Under 15 years,15-,42,2015
,Missouri,29,2015,2015,15 - 17 years,15-17,1112,2015
,Missouri,29,2015,2015,18 - 19 years,18-19,2898,2015
,Missouri,29,2015,2015,20-24 years,20-24,9123,2015
,Missouri,29,2015,2015,25-29 years,25-29,8174,2015
,Missouri,29,2015,2015,30-34 years,30-34,4949,2015
,Missouri,29,2015,2015,35-39 years,35-39,1390,2015
,Missouri,29,2015,2015,40-44 years,40-44,199,2015
,Missouri,29,2015,2015,45-49 years,45-49,14,2015
,Montana,30,2015,2015,15 - 17 years,15-17,163,2015
,Montana,30,2015,2015,18 - 19 years,18-19,479,2015
,Montana,30,2015,2015,20-24 years,20-24,1461,2015
,Montana,30,2015,2015,25-29 years,25-29,1339,2015
,Montana,30,2015,2015,30-34 years,30-34,917,2015
,Montana,30,2015,2015,35-39 years,35-39,277,2015
,Montana,30,2015,2015,40-44 years,40-44,49,2015
,Nebraska,31,2015,2015,15 - 17 years,15-17,334,2015
,Nebraska,31,2015,2015,18 - 19 years,18-19,804,2015
,Nebraska,31,2015,2015,20-24 years,20-24,2655,2015
,Nebraska,31,2015,2015,25-29 years,25-29,3148,2015
,Nebraska,31,2015,2015,30-34 years,30-34,1721,2015
,Nebraska,31,2015,2015,35-39 years,35-39,503,2015
,Nebraska,31,2015,2015,40-44 years,40-44,92,2015
,Nevada,32,2015,2015,Under 15 years,15-,16,2015
,Nevada,32,2015,2015,15 - 17 years,15-17,592,2015
,Nevada,32,2015,2015,18 - 19 years,18-19,1354,2015
,Nevada,32,2015,2015,20-24 years,20-24,4155,2015
,Nevada,32,2015,2015,25-29 years,25-29,3589,2015
,Nevada,32,2015,2015,30-34 years,30-34,2486,2015
,Nevada,32,2015,2015,35-39 years,35-39,976,2015
,Nevada,32,2015,2015,40-44 years,40-44,198,2015
,Nevada,32,2015,2015,45-49 years,45-49,24,2015
,New Hampshire,33,2015,2015,15 - 17 years,15-17,95,2015
,New Hampshire,33,2015,2015,18 - 19 years,18-19,314,2015
,New Hampshire,33,2015,2015,20-24 years,20-24,1152,2015
,New Hampshire,33,2015,2015,25-29 years,25-29,1707,2015
,New Hampshire,33,2015,2015,30-34 years,30-34,1467,2015
,New Hampshire,33,2015,2015,35-39 years,35-39,448,2015
,New Hampshire,33,2015,2015,40-44 years,40-44,78,2015
,New Jersey,34,2015,2015,Under 15 years,15-,33,2015
,New Jersey,34,2015,2015,15 - 17 years,15-17,844,2015
,New Jersey,34,2015,2015,18 - 19 years,18-19,1978,2015
,New Jersey,34,2015,2015,20-24 years,20-24,8336,2015
,New Jersey,34,2015,2015,25-29 years,25-29,11758,2015
,New Jersey,34,2015,2015,30-34 years,30-34,12778,2015
,New Jersey,34,2015,2015,35-39 years,35-39,4784,2015
,New Jersey,34,2015,2015,40-44 years,40-44,1092,2015
,New Jersey,34,2015,2015,45-49 years,45-49,123,2015
,New Mexico,35,2015,2015,Under 15 years,15-,19,2015
,New Mexico,35,2015,2015,15 - 17 years,15-17,641,2015
,New Mexico,35,2015,2015,18 - 19 years,18-19,1237,2015
,New Mexico,35,2015,2015,20-24 years,20-24,3372,2015
,New Mexico,35,2015,2015,25-29 years,25-29,2119,2015
,New Mexico,35,2015,2015,30-34 years,30-34,1238,2015
,New Mexico,35,2015,2015,35-39 years,35-39,419,2015
,New Mexico,35,2015,2015,40-44 years,40-44,86,2015
,New Mexico,35,2015,2015,45-49 years,45-49,12,2015
,New York,36,2015,2015,Under 15 years,15-,92,2015
,New York,36,2015,2015,15 - 17 years,15-17,2259,2015
,New York,36,2015,2015,18 - 19 years,18-19,5345,2015
,New York,36,2015,2015,20-24 years,20-24,22885,2015
,New York,36,2015,2015,25-29 years,25-29,26472,2015
,New York,36,2015,2015,30-34 years,30-34,26218,2015
,New York,36,2015,2015,35-39 years,35-39,11365,2015
,New York,36,2015,2015,40-44 years,40-44,2634,2015
,New York,36,2015,2015,45-49 years,45-49,310,2015
,New York,36,2015,2015,50 years and over,50+,39,2015
,North Carolina,37,2015,2015,Under 15 years,15-,97,2015
,North Carolina,37,2015,2015,15 - 17 years,15-17,1955,2015
,North Carolina,37,2015,2015,18 - 19 years,18-19,4486,2015
,North Carolina,37,2015,2015,20-24 years,20-24,15100,2015
,North Carolina,37,2015,2015,25-29 years,25-29,13433,2015
,North Carolina,37,2015,2015,30-34 years,30-34,9532,2015
,North Carolina,37,2015,2015,35-39 years,35-39,3291,2015
,North Carolina,37,2015,2015,40-44 years,40-44,597,2015
,North Carolina,37,2015,2015,45-49 years,45-49,59,2015
,North Dakota,38,2015,2015,15 - 17 years,15-17,116,2015
,North Dakota,38,2015,2015,18 - 19 years,18-19,326,2015
,North Dakota,38,2015,2015,20-24 years,20-24,1354,2015
,North Dakota,38,2015,2015,25-29 years,25-29,1516,2015
,North Dakota,38,2015,2015,30-34 years,30-34,756,2015
,North Dakota,38,2015,2015,35-39 years,35-39,152,2015
,North Dakota,38,2015,2015,40-44 years,40-44,36,2015
,Ohio,39,2015,2015,Under 15 years,15-,104,2015
,Ohio,39,2015,2015,15 - 17 years,15-17,2111,2015
,Ohio,39,2015,2015,18 - 19 years,18-19,5208,2015
,Ohio,39,2015,2015,20-24 years,20-24,16237,2015
,Ohio,39,2015,2015,25-29 years,25-29,15208,2015
,Ohio,39,2015,2015,30-34 years,30-34,9819,2015
,Ohio,39,2015,2015,35-39 years,35-39,2990,2015
,Ohio,39,2015,2015,40-44 years,40-44,484,2015
,Ohio,39,2015,2015,45-49 years,45-49,36,2015
,Oklahoma,40,2015,2015,Under 15 years,15-,43,2015
,Oklahoma,40,2015,2015,15 - 17 years,15-17,1129,2015
,Oklahoma,40,2015,2015,18 - 19 years,18-19,2439,2015
,Oklahoma,40,2015,2015,20-24 years,20-24,6778,2015
,Oklahoma,40,2015,2015,25-29 years,25-29,5253,2015
,Oklahoma,40,2015,2015,30-34 years,30-34,2651,2015
,Oklahoma,40,2015,2015,35-39 years,35-39,748,2015
,Oklahoma,40,2015,2015,40-44 years,40-44,128,2015
,Oklahoma,40,2015,2015,45-49 years,45-49,15,2015
,Oregon,41,2015,2015,Under 15 years,15-,14,2015
,Oregon,41,2015,2015,15 - 17 years,15-17,542,2015
,Oregon,41,2015,2015,18 - 19 years,18-19,1429,2015
,Oregon,41,2015,2015,20-24 years,20-24,4734,2015
,Oregon,41,2015,2015,25-29 years,25-29,4939,2015
,Oregon,41,2015,2015,30-34 years,30-34,4274,2015
,Oregon,41,2015,2015,35-39 years,35-39,1692,2015
,Oregon,41,2015,2015,40-44 years,40-44,328,2015
,Oregon,41,2015,2015,45-49 years,45-49,21,2015
,Pennsylvania,42,2015,2015,Under 15 years,15-,68,2015
,Pennsylvania,42,2015,2015,15 - 17 years,15-17,1770,2015
,Pennsylvania,42,2015,2015,18 - 19 years,18-19,4301,2015
,Pennsylvania,42,2015,2015,20-24 years,20-24,14339,2015
,Pennsylvania,42,2015,2015,25-29 years,25-29,16337,2015
,Pennsylvania,42,2015,2015,30-34 years,30-34,12845,2015
,Pennsylvania,42,2015,2015,35-39 years,35-39,4096,2015
,Pennsylvania,42,2015,2015,40-44 years,40-44,708,2015
,Pennsylvania,42,2015,2015,45-49 years,45-49,71,2015
,Rhode Island,44,2015,2015,Under 15 years,15-,10,2015
,Rhode Island,44,2015,2015,15 - 17 years,15-17,136,2015
,Rhode Island,44,2015,2015,18 - 19 years,18-19,311,2015
,Rhode Island,44,2015,2015,20-24 years,20-24,1057,2015
,Rhode Island,44,2015,2015,25-29 years,25-29,1251,2015
,Rhode Island,44,2015,2015,30-34 years,30-34,1238,2015
,Rhode Island,44,2015,2015,35-39 years,35-39,442,2015
,Rhode Island,44,2015,2015,40-44 years,40-44,70,2015
,South Carolina,45,2015,2015,Under 15 years,15-,63,2015
,South Carolina,45,2015,2015,15 - 17 years,15-17,982,2015
,South Carolina,45,2015,2015,18 - 19 years,18-19,2423,2015
,South Carolina,45,2015,2015,20-24 years,20-24,7358,2015
,South Carolina,45,2015,2015,25-29 years,25-29,6147,2015
,South Carolina,45,2015,2015,30-34 years,30-34,3938,2015
,South Carolina,45,2015,2015,35-39 years,35-39,1267,2015
,South Carolina,45,2015,2015,40-44 years,40-44,259,2015
,South Carolina,45,2015,2015,45-49 years,45-49,23,2015
,South Dakota,46,2015,2015,15 - 17 years,15-17,144,2015
,South Dakota,46,2015,2015,18 - 19 years,18-19,444,2015
,South Dakota,46,2015,2015,20-24 years,20-24,1281,2015
,South Dakota,46,2015,2015,25-29 years,25-29,1384,2015
,South Dakota,46,2015,2015,30-34 years,30-34,616,2015
,South Dakota,46,2015,2015,35-39 years,35-39,152,2015
,South Dakota,46,2015,2015,40-44 years,40-44,21,2015
,Tennessee,47,2015,2015,Under 15 years,15-,66,2015
,Tennessee,47,2015,2015,15 - 17 years,15-17,1457,2015
,Tennessee,47,2015,2015,18 - 19 years,18-19,3712,2015
,Tennessee,47,2015,2015,20-24 years,20-24,10597,2015
,Tennessee,47,2015,2015,25-29 years,25-29,8524,2015
,Tennessee,47,2015,2015,30-34 years,30-34,4952,2015
,Tennessee,47,2015,2015,35-39 years,35-39,1626,2015
,Tennessee,47,2015,2015,40-44 years,40-44,299,2015
,Tennessee,47,2015,2015,45-49 years,45-49,23,2015
,Texas,48,2015,2015,Under 15 years,15-,452,2015
,Texas,48,2015,2015,15 - 17 years,15-17,8743,2015
,Texas,48,2015,2015,18 - 19 years,18-19,17433,2015
,Texas,48,2015,2015,20-24 years,20-24,46017,2015
,Texas,48,2015,2015,25-29 years,25-29,40154,2015
,Texas,48,2015,2015,30-34 years,30-34,27467,2015
,Texas,48,2015,2015,35-39 years,35-39,9836,2015
,Texas,48,2015,2015,40-44 years,40-44,1990,2015
,Texas,48,2015,2015,45-49 years,45-49,164,2015
,Texas,48,2015,2015,50 years and over,50+,19,2015
,Utah,49,2015,2015,Under 15 years,15-,16,2015
,Utah,49,2015,2015,15 - 17 years,15-17,462,2015
,Utah,49,2015,2015,18 - 19 years,18-19,1255,2015
,Utah,49,2015,2015,20-24 years,20-24,5922,2015
,Utah,49,2015,2015,25-29 years,25-29,5223,2015
,Utah,49,2015,2015,30-34 years,30-34,2122,2015
,Utah,49,2015,2015,35-39 years,35-39,762,2015
,Utah,49,2015,2015,40-44 years,40-44,121,2015
,Utah,49,2015,2015,45-49 years,45-49,17,2015
,Vermont,50,2015,2015,15 - 17 years,15-17,42,2015
,Vermont,50,2015,2015,18 - 19 years,18-19,177,2015
,Vermont,50,2015,2015,20-24 years,20-24,589,2015
,Vermont,50,2015,2015,25-29 years,25-29,721,2015
,Vermont,50,2015,2015,30-34 years,30-34,702,2015
,Vermont,50,2015,2015,35-39 years,35-39,267,2015
,Vermont,50,2015,2015,40-44 years,40-44,38,2015
,Virginia,51,2015,2015,Under 15 years,15-,45,2015
,Virginia,51,2015,2015,15 - 17 years,15-17,989,2015
,Virginia,51,2015,2015,18 - 19 years,18-19,2883,2015
,Virginia,51,2015,2015,20-24 years,20-24,10864,2015
,Virginia,51,2015,2015,25-29 years,25-29,12048,2015
,Virginia,51,2015,2015,30-34 years,30-34,9998,2015
,Virginia,51,2015,2015,35-39 years,35-39,3603,2015
,Virginia,51,2015,2015,40-44 years,40-44,790,2015
,Virginia,51,2015,2015,45-49 years,45-49,71,2015
,Virginia,51,2015,2015,50 years and over,50+,10,2015
,Washington,53,2015,2015,Under 15 years,15-,31,2015
,Washington,53,2015,2015,15 - 17 years,15-17,877,2015
,Washington,53,2015,2015,18 - 19 years,18-19,2326,2015
,Washington,53,2015,2015,20-24 years,20-24,8783,2015
,Washington,53,2015,2015,25-29 years,25-29,10142,2015
,Washington,53,2015,2015,30-34 years,30-34,8724,2015
,Washington,53,2015,2015,35-39 years,35-39,3251,2015
,Washington,53,2015,2015,40-44 years,40-44,609,2015
,Washington,53,2015,2015,45-49 years,45-49,58,2015
,West Virginia,54,2015,2015,Under 15 years,15-,10,2015
,West Virginia,54,2015,2015,15 - 17 years,15-17,368,2015
,West Virginia,54,2015,2015,18 - 19 years,18-19,1008,2015
,West Virginia,54,2015,2015,20-24 years,20-24,2763,2015
,West Virginia,54,2015,2015,25-29 years,25-29,2070,2015
,West Virginia,54,2015,2015,30-34 years,30-34,1053,2015
,West Virginia,54,2015,2015,35-39 years,35-39,363,2015
,West Virginia,54,2015,2015,40-44 years,40-44,65,2015
,Wisconsin,55,2015,2015,Under 15 years,15-,34,2015
,Wisconsin,55,2015,2015,15 - 17 years,15-17,671,2015
,Wisconsin,55,2015,2015,18 - 19 years,18-19,1883,2015
,Wisconsin,55,2015,2015,20-24 years,20-24,6500,2015
,Wisconsin,55,2015,2015,25-29 years,25-29,7968,2015
,Wisconsin,55,2015,2015,30-34 years,30-34,5504,2015
,Wisconsin,55,2015,2015,35-39 years,35-39,1543,2015
,Wisconsin,55,2015,2015,40-44 years,40-44,199,2015
,Wisconsin,55,2015,2015,45-49 years,45-49,17,2015
,Wyoming,56,2015,2015,15 - 17 years,15-17,96,2015
,Wyoming,56,2015,2015,18 - 19 years,18-19,339,2015
,Wyoming,56,2015,2015,20-24 years,20-24,976,2015
,Wyoming,56,2015,2015,25-29 years,25-29,772,2015
,Wyoming,56,2015,2015,30-34 years,30-34,448,2015
,Wyoming,56,2015,2015,35-39 years,35-39,145,2015
,Wyoming,56,2015,2015,40-44 years,40-44,26,2015
---,,,,,,,,2015
"Dataset: Natality, 2007-2024",,,,,,,,2015
Query Parameters:,,,,,,,,2015
Live Birth Order: 1st child born alive to mother,,,,,,,,2015
Year: 2015,,,,,,,,2015
Group By: State; Year; Age of Mother 10,,,,,,,,2015
Show Totals: Disabled,,,,,,,,2015
Show Zero Values: False,,,,,,,,2015
Show Suppressed: False,,,,,,,,2015
"Calculate Rates Per: 1,000",,,,,,,,2015
Population Option: No populations shown because rates were not selected.,,,,,,,,2015
---,,,,,,,,2015
Help: See http://wonder.cdc.gov/wonder/help/natality.html for more information.,,,,,,,,2015
---,,,,,,,,2015
"Query Date: Mar 28, 2026 5:17:46 AM",,,,,,,,2015
---,,,,,,,,2015
"Suggested Citation: Centers for Disease Control and Prevention, National Center for Health Statistics. National Vital Statistics",,,,,,,,2015
"System, Natality on CDC WONDER Online Database. Data are from the Natality Records 2007-2024, as compiled from data provided by",,,,,,,,2015
the 57 vital statistics jurisdictions through the Vital Statistics Cooperative Program. Accessed at,,,,,,,,2015
"http://wonder.cdc.gov/natality-current.html on Mar 28, 2026 5:17:46 AM",,,,,,,,2015
---,,,,,,,,2015
Messages:,,,,,,,,2015
1. Totals are not available for these results due to suppression constraints. More Information:,,,,,,,,2015
http://wonder.cdc.gov/wonder/help/faq.html#Privacy.,,,,,,,,2015
2. Rows with zero Births are hidden. Use Quick Options above to show zero rows.,,,,,,,,2015
3. Rows with suppressed Births are hidden. Use Quick Options above to show suppressed rows.,,,,,,,,2015
---,,,,,,,,2015
Caveats:,,,,,,,,2015
1. 'Suppressed' appears when the data do not meet the criteria for confidentiality constraints. More information:,,,,,,,,2015
http://wonder.cdc.gov/wonder/help/natality.html#Assurance of Confidentiality.,,,,,,,,2015
2. Each birth record represents one liveborn infant.,,,,,,,,2015
,Alabama,01,2016,2016,Under 15 years,15-,47,2016
,Alabama,01,2016,2016,15 - 17 years,15-17,1125,2016
,Alabama,01,2016,2016,18 - 19 years,18-19,2604,2016
,Alabama,01,2016,2016,20-24 years,20-24,7907,2016
,Alabama,01,2016,2016,25-29 years,25-29,6300,2016
,Alabama,01,2016,2016,30-34 years,30-34,3196,2016
,Alabama,01,2016,2016,35-39 years,35-39,1046,2016
,Alabama,01,2016,2016,40-44 years,40-44,153,2016
,Alaska,02,2016,2016,15 - 17 years,15-17,108,2016
,Alaska,02,2016,2016,18 - 19 years,18-19,386,2016
,Alaska,02,2016,2016,20-24 years,20-24,1285,2016
,Alaska,02,2016,2016,25-29 years,25-29,1093,2016
,Alaska,02,2016,2016,30-34 years,30-34,722,2016
,Alaska,02,2016,2016,35-39 years,35-39,270,2016
,Alaska,02,2016,2016,40-44 years,40-44,31,2016
,Arizona,04,2016,2016,Under 15 years,15-,55,2016
,Arizona,04,2016,2016,15 - 17 years,15-17,1321,2016
,Arizona,04,2016,2016,18 - 19 years,18-19,3162,2016
,Arizona,04,2016,2016,20-24 years,20-24,9678,2016
,Arizona,04,2016,2016,25-29 years,25-29,7833,2016
,Arizona,04,2016,2016,30-34 years,30-34,5185,2016
,Arizona,04,2016,2016,35-39 years,35-39,1956,2016
,Arizona,04,2016,2016,40-44 years,40-44,346,2016
,Arizona,04,2016,2016,45-49 years,45-49,31,2016
,Arkansas,05,2016,2016,Under 15 years,15-,44,2016
,Arkansas,05,2016,2016,15 - 17 years,15-17,746,2016
,Arkansas,05,2016,2016,18 - 19 years,18-19,1961,2016
,Arkansas,05,2016,2016,20-24 years,20-24,5048,2016
,Arkansas,05,2016,2016,25-29 years,25-29,3705,2016
,Arkansas,05,2016,2016,30-34 years,30-34,1795,2016
,Arkansas,05,2016,2016,35-39 years,35-39,563,2016
,Arkansas,05,2016,2016,40-44 years,40-44,83,2016
,California,06,2016,2016,Under 15 years,15-,191,2016
,California,06,2016,2016,15 - 17 years,15-17,5215,2016
,California,06,2016,2016,18 - 19 years,18-19,12782,2016
,California,06,2016,2016,20-24 years,20-24,44835,2016
,California,06,2016,2016,25-29 years,25-29,50653,2016
,California,06,2016,2016,30-34 years,30-34,49269,2016
,California,06,2016,2016,35-39 years,35-39,20895,2016
,California,06,2016,2016,40-44 years,40-44,4383,2016
,California,06,2016,2016,45-49 years,45-49,470,2016
,California,06,2016,2016,50 years and over,50+,48,2016
,Colorado,08,2016,2016,Under 15 years,15-,36,2016
,Colorado,08,2016,2016,15 - 17 years,15-17,764,2016
,Colorado,08,2016,2016,18 - 19 years,18-19,1877,2016
,Colorado,08,2016,2016,20-24 years,20-24,6267,2016
,Colorado,08,2016,2016,25-29 years,25-29,7284,2016
,Colorado,08,2016,2016,30-34 years,30-34,6866,2016
,Colorado,08,2016,2016,35-39 years,35-39,2572,2016
,Colorado,08,2016,2016,40-44 years,40-44,461,2016
,Colorado,08,2016,2016,45-49 years,45-49,38,2016
,Connecticut,09,2016,2016,Under 15 years,15-,16,2016
,Connecticut,09,2016,2016,15 - 17 years,15-17,239,2016
,Connecticut,09,2016,2016,18 - 19 years,18-19,732,2016
,Connecticut,09,2016,2016,20-24 years,20-24,2750,2016
,Connecticut,09,2016,2016,25-29 years,25-29,4204,2016
,Connecticut,09,2016,2016,30-34 years,30-34,4643,2016
,Connecticut,09,2016,2016,35-39 years,35-39,1681,2016
,Connecticut,09,2016,2016,40-44 years,40-44,341,2016
,Connecticut,09,2016,2016,45-49 years,45-49,47,2016
,Delaware,10,2016,2016,Under 15 years,15-,13,2016
,Delaware,10,2016,2016,15 - 17 years,15-17,139,2016
,Delaware,10,2016,2016,18 - 19 years,18-19,338,2016
,Delaware,10,2016,2016,20-24 years,20-24,1136,2016
,Delaware,10,2016,2016,25-29 years,25-29,1292,2016
,Delaware,10,2016,2016,30-34 years,30-34,973,2016
,Delaware,10,2016,2016,35-39 years,35-39,324,2016
,Delaware,10,2016,2016,40-44 years,40-44,65,2016
,Delaware,10,2016,2016,45-49 years,45-49,12,2016
,District of Columbia,11,2016,2016,15 - 17 years,15-17,127,2016
,District of Columbia,11,2016,2016,18 - 19 years,18-19,253,2016
,District of Columbia,11,2016,2016,20-24 years,20-24,779,2016
,District of Columbia,11,2016,2016,25-29 years,25-29,808,2016
,District of Columbia,11,2016,2016,30-34 years,30-34,1543,2016
,District of Columbia,11,2016,2016,35-39 years,35-39,825,2016
,District of Columbia,11,2016,2016,40-44 years,40-44,154,2016
,District of Columbia,11,2016,2016,45-49 years,45-49,27,2016
,Florida,12,2016,2016,Under 15 years,15-,113,2016
,Florida,12,2016,2016,15 - 17 years,15-17,2624,2016
,Florida,12,2016,2016,18 - 19 years,18-19,6653,2016
,Florida,12,2016,2016,20-24 years,20-24,24286,2016
,Florida,12,2016,2016,25-29 years,25-29,25933,2016
,Florida,12,2016,2016,30-34 years,30-34,19635,2016
,Florida,12,2016,2016,35-39 years,35-39,7641,2016
,Florida,12,2016,2016,40-44 years,40-44,1633,2016
,Florida,12,2016,2016,45-49 years,45-49,146,2016
,Florida,12,2016,2016,50 years and over,50+,16,2016
,Georgia,13,2016,2016,Under 15 years,15-,98,2016
,Georgia,13,2016,2016,15 - 17 years,15-17,1973,2016
,Georgia,13,2016,2016,18 - 19 years,18-19,4792,2016
,Georgia,13,2016,2016,20-24 years,20-24,15094,2016
,Georgia,13,2016,2016,25-29 years,25-29,13457,2016
,Georgia,13,2016,2016,30-34 years,30-34,9309,2016
,Georgia,13,2016,2016,35-39 years,35-39,3461,2016
,Georgia,13,2016,2016,40-44 years,40-44,750,2016
,Georgia,13,2016,2016,45-49 years,45-49,80,2016
,Hawaii,15,2016,2016,15 - 17 years,15-17,135,2016
,Hawaii,15,2016,2016,18 - 19 years,18-19,475,2016
,Hawaii,15,2016,2016,20-24 years,20-24,1967,2016
,Hawaii,15,2016,2016,25-29 years,25-29,1854,2016
,Hawaii,15,2016,2016,30-34 years,30-34,1644,2016
,Hawaii,15,2016,2016,35-39 years,35-39,759,2016
,Hawaii,15,2016,2016,40-44 years,40-44,202,2016
,Hawaii,15,2016,2016,45-49 years,45-49,19,2016
,Idaho,16,2016,2016,15 - 17 years,15-17,260,2016
,Idaho,16,2016,2016,18 - 19 years,18-19,723,2016
,Idaho,16,2016,2016,20-24 years,20-24,3009,2016
,Idaho,16,2016,2016,25-29 years,25-29,2073,2016
,Idaho,16,2016,2016,30-34 years,30-34,1069,2016
,Idaho,16,2016,2016,35-39 years,35-39,343,2016
,Idaho,16,2016,2016,40-44 years,40-44,61,2016
,Illinois,17,2016,2016,Under 15 years,15-,76,2016
,Illinois,17,2016,2016,15 - 17 years,15-17,1865,2016
,Illinois,17,2016,2016,18 - 19 years,18-19,4500,2016
,Illinois,17,2016,2016,20-24 years,20-24,14192,2016
,Illinois,17,2016,2016,25-29 years,25-29,16383,2016
,Illinois,17,2016,2016,30-34 years,30-34,14704,2016
,Illinois,17,2016,2016,35-39 years,35-39,5224,2016
,Illinois,17,2016,2016,40-44 years,40-44,971,2016
,Illinois,17,2016,2016,45-49 years,45-49,93,2016
,Illinois,17,2016,2016,50 years and over,50+,11,2016
,Indiana,18,2016,2016,Under 15 years,15-,45,2016
,Indiana,18,2016,2016,15 - 17 years,15-17,1230,2016
,Indiana,18,2016,2016,18 - 19 years,18-19,3189,2016
,Indiana,18,2016,2016,20-24 years,20-24,9926,2016
,Indiana,18,2016,2016,25-29 years,25-29,9330,2016
,Indiana,18,2016,2016,30-34 years,30-34,5183,2016
,Indiana,18,2016,2016,35-39 years,35-39,1554,2016
,Indiana,18,2016,2016,40-44 years,40-44,264,2016
,Indiana,18,2016,2016,45-49 years,45-49,17,2016
,Iowa,19,2016,2016,Under 15 years,15-,10,2016
,Iowa,19,2016,2016,15 - 17 years,15-17,367,2016
,Iowa,19,2016,2016,18 - 19 years,18-19,1136,2016
,Iowa,19,2016,2016,20-24 years,20-24,4170,2016
,Iowa,19,2016,2016,25-29 years,25-29,4840,2016
,Iowa,19,2016,2016,30-34 years,30-34,2447,2016
,Iowa,19,2016,2016,35-39 years,35-39,656,2016
,Iowa,19,2016,2016,40-44 years,40-44,118,2016
,Kansas,20,2016,2016,Under 15 years,15-,22,2016
,Kansas,20,2016,2016,15 - 17 years,15-17,519,2016
,Kansas,20,2016,2016,18 - 19 years,18-19,1300,2016
,Kansas,20,2016,2016,20-24 years,20-24,4207,2016
,Kansas,20,2016,2016,25-29 years,25-29,4028,2016
,Kansas,20,2016,2016,30-34 years,30-34,2430,2016
,Kansas,20,2016,2016,35-39 years,35-39,678,2016
,Kansas,20,2016,2016,40-44 years,40-44,96,2016
,Kentucky,21,2016,2016,Under 15 years,15-,42,2016
,Kentucky,21,2016,2016,15 - 17 years,15-17,952,2016
,Kentucky,21,2016,2016,18 - 19 years,18-19,2656,2016
,Kentucky,21,2016,2016,20-24 years,20-24,7104,2016
,Kentucky,21,2016,2016,25-29 years,25-29,5891,2016
,Kentucky,21,2016,2016,30-34 years,30-34,3189,2016
,Kentucky,21,2016,2016,35-39 years,35-39,996,2016
,Kentucky,21,2016,2016,40-44 years,40-44,165,2016
,Kentucky,21,2016,2016,45-49 years,45-49,13,2016
,Louisiana,22,2016,2016,Under 15 years,15-,79,2016
,Louisiana,22,2016,2016,15 - 17 years,15-17,1053,2016
,Louisiana,22,2016,2016,18 - 19 years,18-19,2653,2016
,Louisiana,22,2016,2016,20-24 years,20-24,7975,2016
,Louisiana,22,2016,2016,25-29 years,25-29,6148,2016
,Louisiana,22,2016,2016,30-34 years,30-34,3491,2016
,Louisiana,22,2016,2016,35-39 years,35-39,1095,2016
,Louisiana,22,2016,2016,40-44 years,40-44,210,2016
,Louisiana,22,2016,2016,45-49 years,45-49,14,2016
,Maine,23,2016,2016,15 - 17 years,15-17,99,2016
,Maine,23,2016,2016,18 - 19 years,18-19,391,2016
,Maine,23,2016,2016,20-24 years,20-24,1457,2016
,Maine,23,2016,2016,25-29 years,25-29,1671,2016
,Maine,23,2016,2016,30-34 years,30-34,1192,2016
,Maine,23,2016,2016,35-39 years,35-39,429,2016
,Maine,23,2016,2016,40-44 years,40-44,89,2016
,Maryland,24,2016,2016,Under 15 years,15-,37,2016
,Maryland,24,2016,2016,15 - 17 years,15-17,732,2016
,Maryland,24,2016,2016,18 - 19 years,18-19,1818,2016
,Maryland,24,2016,2016,20-24 years,20-24,6411,2016
,Maryland,24,2016,2016,25-29 years,25-29,8277,2016
,Maryland,24,2016,2016,30-34 years,30-34,7581,2016
,Maryland,24,2016,2016,35-39 years,35-39,2924,2016
,Maryland,24,2016,2016,40-44 years,40-44,627,2016
,Maryland,24,2016,2016,45-49 years,45-49,63,2016
,Maryland,24,2016,2016,50 years and over,50+,14,2016
,Massachusetts,25,2016,2016,Under 15 years,15-,12,2016
,Massachusetts,25,2016,2016,15 - 17 years,15-17,456,2016
,Massachusetts,25,2016,2016,18 - 19 years,18-19,1221,2016
,Massachusetts,25,2016,2016,20-24 years,20-24,4980,2016
,Massachusetts,25,2016,2016,25-29 years,25-29,8443,2016
,Massachusetts,25,2016,2016,30-34 years,30-34,10819,2016
,Massachusetts,25,2016,2016,35-39 years,35-39,4060,2016
,Massachusetts,25,2016,2016,40-44 years,40-44,830,2016
,Massachusetts,25,2016,2016,45-49 years,45-49,64,2016
,Massachusetts,25,2016,2016,50 years and over,50+,11,2016
,Michigan,26,2016,2016,Under 15 years,15-,41,2016
,Michigan,26,2016,2016,15 - 17 years,15-17,1312,2016
,Michigan,26,2016,2016,18 - 19 years,18-19,3450,2016
,Michigan,26,2016,2016,20-24 years,20-24,12131,2016
,Michigan,26,2016,2016,25-29 years,25-29,13145,2016
,Michigan,26,2016,2016,30-34 years,30-34,8522,2016
,Michigan,26,2016,2016,35-39 years,35-39,2635,2016
,Michigan,26,2016,2016,40-44 years,40-44,488,2016
,Michigan,26,2016,2016,45-49 years,45-49,31,2016
,Minnesota,27,2016,2016,Under 15 years,15-,15,2016
,Minnesota,27,2016,2016,15 - 17 years,15-17,490,2016
,Minnesota,27,2016,2016,18 - 19 years,18-19,1389,2016
,Minnesota,27,2016,2016,20-24 years,20-24,5460,2016
,Minnesota,27,2016,2016,25-29 years,25-29,8612,2016
,Minnesota,27,2016,2016,30-34 years,30-34,6639,2016
,Minnesota,27,2016,2016,35-39 years,35-39,2147,2016
,Minnesota,27,2016,2016,40-44 years,40-44,351,2016
,Minnesota,27,2016,2016,45-49 years,45-49,33,2016
,Mississippi,28,2016,2016,Under 15 years,15-,51,2016
,Mississippi,28,2016,2016,15 - 17 years,15-17,836,2016
,Mississippi,28,2016,2016,18 - 19 years,18-19,1895,2016
,Mississippi,28,2016,2016,20-24 years,20-24,5425,2016
,Mississippi,28,2016,2016,25-29 years,25-29,3443,2016
,Mississippi,28,2016,2016,30-34 years,30-34,1552,2016
,Mississippi,28,2016,2016,35-39 years,35-39,493,2016
,Mississippi,28,2016,2016,40-44 years,40-44,77,2016
,Missouri,29,2016,2016,Under 15 years,15-,35,2016
,Missouri,29,2016,2016,15 - 17 years,15-17,1021,2016
,Missouri,29,2016,2016,18 - 19 years,18-19,2731,2016
,Missouri,29,2016,2016,20-24 years,20-24,8826,2016
,Missouri,29,2016,2016,25-29 years,25-29,8167,2016
,Missouri,29,2016,2016,30-34 years,30-34,5017,2016
,Missouri,29,2016,2016,35-39 years,35-39,1468,2016
,Missouri,29,2016,2016,40-44 years,40-44,245,2016
,Missouri,29,2016,2016,45-49 years,45-49,19,2016
,Montana,30,2016,2016,15 - 17 years,15-17,156,2016
,Montana,30,2016,2016,18 - 19 years,18-19,450,2016
,Montana,30,2016,2016,20-24 years,20-24,1368,2016
,Montana,30,2016,2016,25-29 years,25-29,1324,2016
,Montana,30,2016,2016,30-34 years,30-34,861,2016
,Montana,30,2016,2016,35-39 years,35-39,305,2016
,Montana,30,2016,2016,40-44 years,40-44,50,2016
,Nebraska,31,2016,2016,Under 15 years,15-,13,2016
,Nebraska,31,2016,2016,15 - 17 years,15-17,298,2016
,Nebraska,31,2016,2016,18 - 19 years,18-19,715,2016
,Nebraska,31,2016,2016,20-24 years,20-24,2454,2016
,Nebraska,31,2016,2016,25-29 years,25-29,3093,2016
,Nebraska,31,2016,2016,30-34 years,30-34,1731,2016
,Nebraska,31,2016,2016,35-39 years,35-39,476,2016
,Nebraska,31,2016,2016,40-44 years,40-44,80,2016
,Nevada,32,2016,2016,Under 15 years,15-,16,2016
,Nevada,32,2016,2016,15 - 17 years,15-17,503,2016
,Nevada,32,2016,2016,18 - 19 years,18-19,1218,2016
,Nevada,32,2016,2016,20-24 years,20-24,4031,2016
,Nevada,32,2016,2016,25-29 years,25-29,3674,2016
,Nevada,32,2016,2016,30-34 years,30-34,2634,2016
,Nevada,32,2016,2016,35-39 years,35-39,1016,2016
,Nevada,32,2016,2016,40-44 years,40-44,221,2016
,Nevada,32,2016,2016,45-49 years,45-49,17,2016
,New Hampshire,33,2016,2016,15 - 17 years,15-17,82,2016
,New Hampshire,33,2016,2016,18 - 19 years,18-19,271,2016
,New Hampshire,33,2016,2016,20-24 years,20-24,1168,2016
,New Hampshire,33,2016,2016,25-29 years,25-29,1672,2016
,New Hampshire,33,2016,2016,30-34 years,30-34,1493,2016
,New Hampshire,33,2016,2016,35-39 years,35-39,492,2016
,New Hampshire,33,2016,2016,40-44 years,40-44,60,2016
,New Jersey,34,2016,2016,Under 15 years,15-,27,2016
,New Jersey,34,2016,2016,15 - 17 years,15-17,735,2016
,New Jersey,34,2016,2016,18 - 19 years,18-19,1849,2016
,New Jersey,34,2016,2016,20-24 years,20-24,8057,2016
,New Jersey,34,2016,2016,25-29 years,25-29,11676,2016
,New Jersey,34,2016,2016,30-34 years,30-34,12785,2016
,New Jersey,34,2016,2016,35-39 years,35-39,4895,2016
,New Jersey,34,2016,2016,40-44 years,40-44,1010,2016
,New Jersey,34,2016,2016,45-49 years,45-49,143,2016
,New Jersey,34,2016,2016,50 years and over,50+,21,2016
,New Mexico,35,2016,2016,Under 15 years,15-,20,2016
,New Mexico,35,2016,2016,15 - 17 years,15-17,575,2016
,New Mexico,35,2016,2016,18 - 19 years,18-19,1131,2016
,New Mexico,35,2016,2016,20-24 years,20-24,3097,2016
,New Mexico,35,2016,2016,25-29 years,25-29,2180,2016
,New Mexico,35,2016,2016,30-34 years,30-34,1224,2016
,New Mexico,35,2016,2016,35-39 years,35-39,462,2016
,New Mexico,35,2016,2016,40-44 years,40-44,85,2016
,New Mexico,35,2016,2016,45-49 years,45-49,10,2016
,New York,36,2016,2016,Under 15 years,15-,85,2016
,New York,36,2016,2016,15 - 17 years,15-17,1900,2016
,New York,36,2016,2016,18 - 19 years,18-19,4985,2016
,New York,36,2016,2016,20-24 years,20-24,21658,2016
,New York,36,2016,2016,25-29 years,25-29,26415,2016
,New York,36,2016,2016,30-34 years,30-34,25876,2016
,New York,36,2016,2016,35-39 years,35-39,11465,2016
,New York,36,2016,2016,40-44 years,40-44,2543,2016
,New York,36,2016,2016,45-49 years,45-49,313,2016
,New York,36,2016,2016,50 years and over,50+,26,2016
,North Carolina,37,2016,2016,Under 15 years,15-,72,2016
,North Carolina,37,2016,2016,15 - 17 years,15-17,1794,2016
,North Carolina,37,2016,2016,18 - 19 years,18-19,4270,2016
,North Carolina,37,2016,2016,20-24 years,20-24,14228,2016
,North Carolina,37,2016,2016,25-29 years,25-29,13706,2016
,North Carolina,37,2016,2016,30-34 years,30-34,9527,2016
,North Carolina,37,2016,2016,35-39 years,35-39,3353,2016
,North Carolina,37,2016,2016,40-44 years,40-44,645,2016
,North Carolina,37,2016,2016,45-49 years,45-49,46,2016
,North Dakota,38,2016,2016,15 - 17 years,15-17,97,2016
,North Dakota,38,2016,2016,18 - 19 years,18-19,295,2016
,North Dakota,38,2016,2016,20-24 years,20-24,1211,2016
,North Dakota,38,2016,2016,25-29 years,25-29,1527,2016
,North Dakota,38,2016,2016,30-34 years,30-34,672,2016
,North Dakota,38,2016,2016,35-39 years,35-39,187,2016
,North Dakota,38,2016,2016,40-44 years,40-44,43,2016
,Ohio,39,2016,2016,Under 15 years,15-,88,2016
,Ohio,39,2016,2016,15 - 17 years,15-17,1891,2016
,Ohio,39,2016,2016,18 - 19 years,18-19,4973,2016
,Ohio,39,2016,2016,20-24 years,20-24,15629,2016
,Ohio,39,2016,2016,25-29 years,25-29,15322,2016
,Ohio,39,2016,2016,30-34 years,30-34,9872,2016
,Ohio,39,2016,2016,35-39 years,35-39,3018,2016
,Ohio,39,2016,2016,40-44 years,40-44,488,2016
,Ohio,39,2016,2016,45-49 years,45-49,38,2016
,Oklahoma,40,2016,2016,Under 15 years,15-,49,2016
,Oklahoma,40,2016,2016,15 - 17 years,15-17,1023,2016
,Oklahoma,40,2016,2016,18 - 19 years,18-19,2455,2016
,Oklahoma,40,2016,2016,20-24 years,20-24,6595,2016
,Oklahoma,40,2016,2016,25-29 years,25-29,4974,2016
,Oklahoma,40,2016,2016,30-34 years,30-34,2772,2016
,Oklahoma,40,2016,2016,35-39 years,35-39,775,2016
,Oklahoma,40,2016,2016,40-44 years,40-44,118,2016
,Oklahoma,40,2016,2016,45-49 years,45-49,11,2016
,Oregon,41,2016,2016,Under 15 years,15-,10,2016
,Oregon,41,2016,2016,15 - 17 years,15-17,453,2016
,Oregon,41,2016,2016,18 - 19 years,18-19,1276,2016
,Oregon,41,2016,2016,20-24 years,20-24,4501,2016
,Oregon,41,2016,2016,25-29 years,25-29,5026,2016
,Oregon,41,2016,2016,30-34 years,30-34,4316,2016
,Oregon,41,2016,2016,35-39 years,35-39,1772,2016
,Oregon,41,2016,2016,40-44 years,40-44,338,2016
,Oregon,41,2016,2016,45-49 years,45-49,29,2016
,Pennsylvania,42,2016,2016,Under 15 years,15-,65,2016
,Pennsylvania,42,2016,2016,15 - 17 years,15-17,1536,2016
,Pennsylvania,42,2016,2016,18 - 19 years,18-19,3791,2016
,Pennsylvania,42,2016,2016,20-24 years,20-24,13563,2016
,Pennsylvania,42,2016,2016,25-29 years,25-29,16268,2016
,Pennsylvania,42,2016,2016,30-34 years,30-34,13228,2016
,Pennsylvania,42,2016,2016,35-39 years,35-39,4127,2016
,Pennsylvania,42,2016,2016,40-44 years,40-44,716,2016
,Pennsylvania,42,2016,2016,45-49 years,45-49,64,2016
,Rhode Island,44,2016,2016,15 - 17 years,15-17,102,2016
,Rhode Island,44,2016,2016,18 - 19 years,18-19,300,2016
,Rhode Island,44,2016,2016,20-24 years,20-24,984,2016
,Rhode Island,44,2016,2016,25-29 years,25-29,1217,2016
,Rhode Island,44,2016,2016,30-34 years,30-34,1137,2016
,Rhode Island,44,2016,2016,35-39 years,35-39,399,2016
,Rhode Island,44,2016,2016,40-44 years,40-44,70,2016
,South Carolina,45,2016,2016,Under 15 years,15-,43,2016
,South Carolina,45,2016,2016,15 - 17 years,15-17,876,2016
,South Carolina,45,2016,2016,18 - 19 years,18-19,2243,2016
,South Carolina,45,2016,2016,20-24 years,20-24,6816,2016
,South Carolina,45,2016,2016,25-29 years,25-29,6248,2016
,South Carolina,45,2016,2016,30-34 years,30-34,3948,2016
,South Carolina,45,2016,2016,35-39 years,35-39,1368,2016
,South Carolina,45,2016,2016,40-44 years,40-44,236,2016
,South Carolina,45,2016,2016,45-49 years,45-49,14,2016
,South Dakota,46,2016,2016,15 - 17 years,15-17,185,2016
,South Dakota,46,2016,2016,18 - 19 years,18-19,384,2016
,South Dakota,46,2016,2016,20-24 years,20-24,1259,2016
,South Dakota,46,2016,2016,25-29 years,25-29,1423,2016
,South Dakota,46,2016,2016,30-34 years,30-34,605,2016
,South Dakota,46,2016,2016,35-39 years,35-39,180,2016
,South Dakota,46,2016,2016,40-44 years,40-44,27,2016
,Tennessee,47,2016,2016,Under 15 years,15-,64,2016
,Tennessee,47,2016,2016,15 - 17 years,15-17,1225,2016
,Tennessee,47,2016,2016,18 - 19 years,18-19,3287,2016
,Tennessee,47,2016,2016,20-24 years,20-24,9536,2016
,Tennessee,47,2016,2016,25-29 years,25-29,8064,2016
,Tennessee,47,2016,2016,30-34 years,30-34,4992,2016
,Tennessee,47,2016,2016,35-39 years,35-39,1594,2016
,Tennessee,47,2016,2016,40-44 years,40-44,261,2016
,Tennessee,47,2016,2016,45-49 years,45-49,22,2016
,Texas,48,2016,2016,Under 15 years,15-,398,2016
,Texas,48,2016,2016,15 - 17 years,15-17,8082,2016
,Texas,48,2016,2016,18 - 19 years,18-19,15939,2016
,Texas,48,2016,2016,20-24 years,20-24,44218,2016
,Texas,48,2016,2016,25-29 years,25-29,39550,2016
,Texas,48,2016,2016,30-34 years,30-34,28327,2016
,Texas,48,2016,2016,35-39 years,35-39,10077,2016
,Texas,48,2016,2016,40-44 years,40-44,2080,2016
,Texas,48,2016,2016,45-49 years,45-49,176,2016
,Texas,48,2016,2016,50 years and over,50+,19,2016
,Utah,49,2016,2016,Under 15 years,15-,10,2016
,Utah,49,2016,2016,15 - 17 years,15-17,415,2016
,Utah,49,2016,2016,18 - 19 years,18-19,1161,2016
,Utah,49,2016,2016,20-24 years,20-24,6060,2016
,Utah,49,2016,2016,25-29 years,25-29,5250,2016
,Utah,49,2016,2016,30-34 years,30-34,2175,2016
,Utah,49,2016,2016,35-39 years,35-39,816,2016
,Utah,49,2016,2016,40-44 years,40-44,138,2016
,Utah,49,2016,2016,45-49 years,45-49,10,2016
,Vermont,50,2016,2016,15 - 17 years,15-17,47,2016
,Vermont,50,2016,2016,18 - 19 years,18-19,147,2016
,Vermont,50,2016,2016,20-24 years,20-24,563,2016
,Vermont,50,2016,2016,25-29 years,25-29,701,2016
,Vermont,50,2016,2016,30-34 years,30-34,620,2016
,Vermont,50,2016,2016,35-39 years,35-39,271,2016
,Vermont,50,2016,2016,40-44 years,40-44,43,2016
,Virginia,51,2016,2016,Under 15 years,15-,45,2016
,Virginia,51,2016,2016,15 - 17 years,15-17,921,2016
,Virginia,51,2016,2016,18 - 19 years,18-19,2605,2016
,Virginia,51,2016,2016,20-24 years,20-24,10373,2016
,Virginia,51,2016,2016,25-29 years,25-29,11866,2016
,Virginia,51,2016,2016,30-34 years,30-34,10169,2016
,Virginia,51,2016,2016,35-39 years,35-39,3809,2016
,Virginia,51,2016,2016,40-44 years,40-44,767,2016
,Virginia,51,2016,2016,45-49 years,45-49,80,2016
,Washington,53,2016,2016,Under 15 years,15-,34,2016
,Washington,53,2016,2016,15 - 17 years,15-17,800,2016
,Washington,53,2016,2016,18 - 19 years,18-19,2253,2016
,Washington,53,2016,2016,20-24 years,20-24,8682,2016
,Washington,53,2016,2016,25-29 years,25-29,10571,2016
,Washington,53,2016,2016,30-34 years,30-34,9383,2016
,Washington,53,2016,2016,35-39 years,35-39,3593,2016
,Washington,53,2016,2016,40-44 years,40-44,602,2016
,Washington,53,2016,2016,45-49 years,45-49,66,2016
,Washington,53,2016,2016,50 years and over,50+,14,2016
,West Virginia,54,2016,2016,Under 15 years,15-,17,2016
,West Virginia,54,2016,2016,15 - 17 years,15-17,342,2016
,West Virginia,54,2016,2016,18 - 19 years,18-19,963,2016
,West Virginia,54,2016,2016,20-24 years,20-24,2624,2016
,West Virginia,54,2016,2016,25-29 years,25-29,2009,2016
,West Virginia,54,2016,2016,30-34 years,30-34,1028,2016
,West Virginia,54,2016,2016,35-39 years,35-39,337,2016
,West Virginia,54,2016,2016,40-44 years,40-44,50,2016
,Wisconsin,55,2016,2016,Under 15 years,15-,22,2016
,Wisconsin,55,2016,2016,15 - 17 years,15-17,626,2016
,Wisconsin,55,2016,2016,18 - 19 years,18-19,1744,2016
,Wisconsin,55,2016,2016,20-24 years,20-24,6007,2016
,Wisconsin,55,2016,2016,25-29 years,25-29,8013,2016
,Wisconsin,55,2016,2016,30-34 years,30-34,5500,2016
,Wisconsin,55,2016,2016,35-39 years,35-39,1632,2016
,Wisconsin,55,2016,2016,40-44 years,40-44,227,2016
,Wisconsin,55,2016,2016,45-49 years,45-49,13,2016
,Wyoming,56,2016,2016,15 - 17 years,15-17,97,2016
,Wyoming,56,2016,2016,18 - 19 years,18-19,302,2016
,Wyoming,56,2016,2016,20-24 years,20-24,876,2016
,Wyoming,56,2016,2016,25-29 years,25-29,752,2016
,Wyoming,56,2016,2016,30-34 years,30-34,407,2016
,Wyoming,56,2016,2016,35-39 years,35-39,142,2016
,Wyoming,56,2016,2016,40-44 years,40-44,24,2016
---,,,,,,,,2016
"Dataset: Natality, 2007-2024",,,,,,,,2016
Query Parameters:,,,,,,,,2016
Live Birth Order: 1st child born alive to mother,,,,,,,,2016
Year: 2016,,,,,,,,2016
Group By: State; Year; Age of Mother 10,,,,,,,,2016
Show Totals: Disabled,,,,,,,,2016
Show Zero Values: False,,,,,,,,2016
Show Suppressed: False,,,,,,,,2016
"Calculate Rates Per: 1,000",,,,,,,,2016
Population Option: No populations shown because rates were not selected.,,,,,,,,2016
---,,,,,,,,2016
Help: See http://wonder.cdc.gov/wonder/help/natality.html for more information.,,,,,,,,2016
---,,,,,,,,2016
"Query Date: Mar 28, 2026 5:17:55 AM",,,,,,,,2016
---,,,,,,,,2016
"Suggested Citation: Centers for Disease Control and Prevention, National Center for Health Statistics. National Vital Statistics",,,,,,,,2016
"System, Natality on CDC WONDER Online Database. Data are from the Natality Records 2007-2024, as compiled from data provided by",,,,,,,,2016
the 57 vital statistics jurisdictions through the Vital Statistics Cooperative Program. Accessed at,,,,,,,,2016
"http://wonder.cdc.gov/natality-current.html on Mar 28, 2026 5:17:55 AM",,,,,,,,2016
---,,,,,,,,2016
Messages:,,,,,,,,2016
1. Totals are not available for these results due to suppression constraints. More Information:,,,,,,,,2016
http://wonder.cdc.gov/wonder/help/faq.html#Privacy.,,,,,,,,2016
2. Rows with zero Births are hidden. Use Quick Options above to show zero rows.,,,,,,,,2016
3. Rows with suppressed Births are hidden. Use Quick Options above to show suppressed rows.,,,,,,,,2016
---,,,,,,,,2016
Caveats:,,,,,,,,2016
1. 'Suppressed' appears when the data do not meet the criteria for confidentiality constraints. More information:,,,,,,,,2016
http://wonder.cdc.gov/wonder/help/natality.html#Assurance of Confidentiality.,,,,,,,,2016
2. Each birth record represents one liveborn infant.,,,,,,,,2016
,Alabama,01,2017,2017,Under 15 years,15-,44,2017
,Alabama,01,2017,2017,15 - 17 years,15-17,1006,2017
,Alabama,01,2017,2017,18 - 19 years,18-19,2545,2017
,Alabama,01,2017,2017,20-24 years,20-24,7854,2017
,Alabama,01,2017,2017,25-29 years,25-29,6359,2017
,Alabama,01,2017,2017,30-34 years,30-34,3308,2017
,Alabama,01,2017,2017,35-39 years,35-39,1047,2017
,Alabama,01,2017,2017,40-44 years,40-44,178,2017
,Alabama,01,2017,2017,45-49 years,45-49,13,2017
,Alaska,02,2017,2017,15 - 17 years,15-17,109,2017
,Alaska,02,2017,2017,18 - 19 years,18-19,310,2017
,Alaska,02,2017,2017,20-24 years,20-24,1148,2017
,Alaska,02,2017,2017,25-29 years,25-29,1069,2017
,Alaska,02,2017,2017,30-34 years,30-34,679,2017
,Alaska,02,2017,2017,35-39 years,35-39,274,2017
,Alaska,02,2017,2017,40-44 years,40-44,42,2017
,Arizona,04,2017,2017,Under 15 years,15-,35,2017
,Arizona,04,2017,2017,15 - 17 years,15-17,1191,2017
,Arizona,04,2017,2017,18 - 19 years,18-19,3009,2017
,Arizona,04,2017,2017,20-24 years,20-24,9284,2017
,Arizona,04,2017,2017,25-29 years,25-29,7961,2017
,Arizona,04,2017,2017,30-34 years,30-34,5127,2017
,Arizona,04,2017,2017,35-39 years,35-39,1920,2017
,Arizona,04,2017,2017,40-44 years,40-44,384,2017
,Arizona,04,2017,2017,45-49 years,45-49,43,2017
,Arkansas,05,2017,2017,Under 15 years,15-,48,2017
,Arkansas,05,2017,2017,15 - 17 years,15-17,686,2017
,Arkansas,05,2017,2017,18 - 19 years,18-19,1879,2017
,Arkansas,05,2017,2017,20-24 years,20-24,4907,2017
,Arkansas,05,2017,2017,25-29 years,25-29,3568,2017
,Arkansas,05,2017,2017,30-34 years,30-34,1714,2017
,Arkansas,05,2017,2017,35-39 years,35-39,507,2017
,Arkansas,05,2017,2017,40-44 years,40-44,87,2017
,California,06,2017,2017,Under 15 years,15-,150,2017
,California,06,2017,2017,15 - 17 years,15-17,4441,2017
,California,06,2017,2017,18 - 19 years,18-19,11510,2017
,California,06,2017,2017,20-24 years,20-24,42035,2017
,California,06,2017,2017,25-29 years,25-29,48950,2017
,California,06,2017,2017,30-34 years,30-34,48532,2017
,California,06,2017,2017,35-39 years,35-39,21487,2017
,California,06,2017,2017,40-44 years,40-44,4490,2017
,California,06,2017,2017,45-49 years,45-49,456,2017
,California,06,2017,2017,50 years and over,50+,62,2017
,Colorado,08,2017,2017,Under 15 years,15-,20,2017
,Colorado,08,2017,2017,15 - 17 years,15-17,680,2017
,Colorado,08,2017,2017,18 - 19 years,18-19,1739,2017
,Colorado,08,2017,2017,20-24 years,20-24,5902,2017
,Colorado,08,2017,2017,25-29 years,25-29,7172,2017
,Colorado,08,2017,2017,30-34 years,30-34,6653,2017
,Colorado,08,2017,2017,35-39 years,35-39,2706,2017
,Colorado,08,2017,2017,40-44 years,40-44,499,2017
,Colorado,08,2017,2017,45-49 years,45-49,40,2017
,Connecticut,09,2017,2017,Under 15 years,15-,10,2017
,Connecticut,09,2017,2017,15 - 17 years,15-17,262,2017
,Connecticut,09,2017,2017,18 - 19 years,18-19,668,2017
,Connecticut,09,2017,2017,20-24 years,20-24,2751,2017
,Connecticut,09,2017,2017,25-29 years,25-29,4039,2017
,Connecticut,09,2017,2017,30-34 years,30-34,4573,2017
,Connecticut,09,2017,2017,35-39 years,35-39,1662,2017
,Connecticut,09,2017,2017,40-44 years,40-44,338,2017
,Connecticut,09,2017,2017,45-49 years,45-49,33,2017
,Delaware,10,2017,2017,15 - 17 years,15-17,155,2017
,Delaware,10,2017,2017,18 - 19 years,18-19,329,2017
,Delaware,10,2017,2017,20-24 years,20-24,1103,2017
,Delaware,10,2017,2017,25-29 years,25-29,1226,2017
,Delaware,10,2017,2017,30-34 years,30-34,938,2017
,Delaware,10,2017,2017,35-39 years,35-39,296,2017
,Delaware,10,2017,2017,40-44 years,40-44,47,2017
,District of Columbia,11,2017,2017,Under 15 years,15-,11,2017
,District of Columbia,11,2017,2017,15 - 17 years,15-17,108,2017
,District of Columbia,11,2017,2017,18 - 19 years,18-19,216,2017
,District of Columbia,11,2017,2017,20-24 years,20-24,720,2017
,District of Columbia,11,2017,2017,25-29 years,25-29,725,2017
,District of Columbia,11,2017,2017,30-34 years,30-34,1539,2017
,District of Columbia,11,2017,2017,35-39 years,35-39,828,2017
,District of Columbia,11,2017,2017,40-44 years,40-44,170,2017
,District of Columbia,11,2017,2017,45-49 years,45-49,11,2017
,Florida,12,2017,2017,Under 15 years,15-,106,2017
,Florida,12,2017,2017,15 - 17 years,15-17,2339,2017
,Florida,12,2017,2017,18 - 19 years,18-19,6621,2017
,Florida,12,2017,2017,20-24 years,20-24,23586,2017
,Florida,12,2017,2017,25-29 years,25-29,25756,2017
,Florida,12,2017,2017,30-34 years,30-34,19815,2017
,Florida,12,2017,2017,35-39 years,35-39,7805,2017
,Florida,12,2017,2017,40-44 years,40-44,1574,2017
,Florida,12,2017,2017,45-49 years,45-49,154,2017
,Florida,12,2017,2017,50 years and over,50+,20,2017
,Georgia,13,2017,2017,Under 15 years,15-,77,2017
,Georgia,13,2017,2017,15 - 17 years,15-17,1775,2017
,Georgia,13,2017,2017,18 - 19 years,18-19,4681,2017
,Georgia,13,2017,2017,20-24 years,20-24,15019,2017
,Georgia,13,2017,2017,25-29 years,25-29,13672,2017
,Georgia,13,2017,2017,30-34 years,30-34,9447,2017
,Georgia,13,2017,2017,35-39 years,35-39,3547,2017
,Georgia,13,2017,2017,40-44 years,40-44,760,2017
,Georgia,13,2017,2017,45-49 years,45-49,77,2017
,Hawaii,15,2017,2017,15 - 17 years,15-17,131,2017
,Hawaii,15,2017,2017,18 - 19 years,18-19,477,2017
,Hawaii,15,2017,2017,20-24 years,20-24,1940,2017
,Hawaii,15,2017,2017,25-29 years,25-29,1805,2017
,Hawaii,15,2017,2017,30-34 years,30-34,1526,2017
,Hawaii,15,2017,2017,35-39 years,35-39,767,2017
,Hawaii,15,2017,2017,40-44 years,40-44,187,2017
,Hawaii,15,2017,2017,45-49 years,45-49,30,2017
,Idaho,16,2017,2017,Under 15 years,15-,10,2017
,Idaho,16,2017,2017,15 - 17 years,15-17,203,2017
,Idaho,16,2017,2017,18 - 19 years,18-19,739,2017
,Idaho,16,2017,2017,20-24 years,20-24,2946,2017
,Idaho,16,2017,2017,25-29 years,25-29,2189,2017
,Idaho,16,2017,2017,30-34 years,30-34,1056,2017
,Idaho,16,2017,2017,35-39 years,35-39,366,2017
,Idaho,16,2017,2017,40-44 years,40-44,64,2017
,Illinois,17,2017,2017,Under 15 years,15-,58,2017
,Illinois,17,2017,2017,15 - 17 years,15-17,1647,2017
,Illinois,17,2017,2017,18 - 19 years,18-19,4273,2017
,Illinois,17,2017,2017,20-24 years,20-24,13483,2017
,Illinois,17,2017,2017,25-29 years,25-29,15543,2017
,Illinois,17,2017,2017,30-34 years,30-34,14477,2017
,Illinois,17,2017,2017,35-39 years,35-39,5223,2017
,Illinois,17,2017,2017,40-44 years,40-44,931,2017
,Illinois,17,2017,2017,45-49 years,45-49,105,2017
,Illinois,17,2017,2017,50 years and over,50+,16,2017
,Indiana,18,2017,2017,Under 15 years,15-,53,2017
,Indiana,18,2017,2017,15 - 17 years,15-17,1108,2017
,Indiana,18,2017,2017,18 - 19 years,18-19,3191,2017
,Indiana,18,2017,2017,20-24 years,20-24,9601,2017
,Indiana,18,2017,2017,25-29 years,25-29,8900,2017
,Indiana,18,2017,2017,30-34 years,30-34,4935,2017
,Indiana,18,2017,2017,35-39 years,35-39,1506,2017
,Indiana,18,2017,2017,40-44 years,40-44,254,2017
,Indiana,18,2017,2017,45-49 years,45-49,25,2017
,Iowa,19,2017,2017,Under 15 years,15-,22,2017
,Iowa,19,2017,2017,15 - 17 years,15-17,371,2017
,Iowa,19,2017,2017,18 - 19 years,18-19,1063,2017
,Iowa,19,2017,2017,20-24 years,20-24,3850,2017
,Iowa,19,2017,2017,25-29 years,25-29,4688,2017
,Iowa,19,2017,2017,30-34 years,30-34,2450,2017
,Iowa,19,2017,2017,35-39 years,35-39,768,2017
,Iowa,19,2017,2017,40-44 years,40-44,104,2017
,Kansas,20,2017,2017,Under 15 years,15-,12,2017
,Kansas,20,2017,2017,15 - 17 years,15-17,426,2017
,Kansas,20,2017,2017,18 - 19 years,18-19,1262,2017
,Kansas,20,2017,2017,20-24 years,20-24,3947,2017
,Kansas,20,2017,2017,25-29 years,25-29,4074,2017
,Kansas,20,2017,2017,30-34 years,30-34,2352,2017
,Kansas,20,2017,2017,35-39 years,35-39,681,2017
,Kansas,20,2017,2017,40-44 years,40-44,104,2017
,Kansas,20,2017,2017,45-49 years,45-49,10,2017
,Kentucky,21,2017,2017,Under 15 years,15-,36,2017
,Kentucky,21,2017,2017,15 - 17 years,15-17,798,2017
,Kentucky,21,2017,2017,18 - 19 years,18-19,2517,2017
,Kentucky,21,2017,2017,20-24 years,20-24,6896,2017
,Kentucky,21,2017,2017,25-29 years,25-29,5778,2017
,Kentucky,21,2017,2017,30-34 years,30-34,3115,2017
,Kentucky,21,2017,2017,35-39 years,35-39,1004,2017
,Kentucky,21,2017,2017,40-44 years,40-44,176,2017
,Louisiana,22,2017,2017,Under 15 years,15-,56,2017
,Louisiana,22,2017,2017,15 - 17 years,15-17,946,2017
,Louisiana,22,2017,2017,18 - 19 years,18-19,2554,2017
,Louisiana,22,2017,2017,20-24 years,20-24,7829,2017
,Louisiana,22,2017,2017,25-29 years,25-29,5876,2017
,Louisiana,22,2017,2017,30-34 years,30-34,3410,2017
,Louisiana,22,2017,2017,35-39 years,35-39,1143,2017
,Louisiana,22,2017,2017,40-44 years,40-44,167,2017
,Louisiana,22,2017,2017,45-49 years,45-49,12,2017
,Maine,23,2017,2017,15 - 17 years,15-17,98,2017
,Maine,23,2017,2017,18 - 19 years,18-19,339,2017
,Maine,23,2017,2017,20-24 years,20-24,1319,2017
,Maine,23,2017,2017,25-29 years,25-29,1596,2017
,Maine,23,2017,2017,30-34 years,30-34,1236,2017
,Maine,23,2017,2017,35-39 years,35-39,442,2017
,Maine,23,2017,2017,40-44 years,40-44,66,2017
,Maryland,24,2017,2017,Under 15 years,15-,39,2017
,Maryland,24,2017,2017,15 - 17 years,15-17,651,2017
,Maryland,24,2017,2017,18 - 19 years,18-19,1587,2017
,Maryland,24,2017,2017,20-24 years,20-24,6195,2017
,Maryland,24,2017,2017,25-29 years,25-29,8015,2017
,Maryland,24,2017,2017,30-34 years,30-34,7380,2017
,Maryland,24,2017,2017,35-39 years,35-39,2995,2017
,Maryland,24,2017,2017,40-44 years,40-44,622,2017
,Maryland,24,2017,2017,45-49 years,45-49,73,2017
,Massachusetts,25,2017,2017,Under 15 years,15-,15,2017
,Massachusetts,25,2017,2017,15 - 17 years,15-17,430,2017
,Massachusetts,25,2017,2017,18 - 19 years,18-19,1191,2017
,Massachusetts,25,2017,2017,20-24 years,20-24,4755,2017
,Massachusetts,25,2017,2017,25-29 years,25-29,8246,2017
,Massachusetts,25,2017,2017,30-34 years,30-34,10792,2017
,Massachusetts,25,2017,2017,35-39 years,35-39,4196,2017
,Massachusetts,25,2017,2017,40-44 years,40-44,785,2017
,Massachusetts,25,2017,2017,45-49 years,45-49,88,2017
,Michigan,26,2017,2017,Under 15 years,15-,56,2017
,Michigan,26,2017,2017,15 - 17 years,15-17,1229,2017
,Michigan,26,2017,2017,18 - 19 years,18-19,3232,2017
,Michigan,26,2017,2017,20-24 years,20-24,11521,2017
,Michigan,26,2017,2017,25-29 years,25-29,13183,2017
,Michigan,26,2017,2017,30-34 years,30-34,8565,2017
,Michigan,26,2017,2017,35-39 years,35-39,2703,2017
,Michigan,26,2017,2017,40-44 years,40-44,487,2017
,Michigan,26,2017,2017,45-49 years,45-49,39,2017
,Minnesota,27,2017,2017,Under 15 years,15-,12,2017
,Minnesota,27,2017,2017,15 - 17 years,15-17,441,2017
,Minnesota,27,2017,2017,18 - 19 years,18-19,1330,2017
,Minnesota,27,2017,2017,20-24 years,20-24,5146,2017
,Minnesota,27,2017,2017,25-29 years,25-29,8315,2017
,Minnesota,27,2017,2017,30-34 years,30-34,6867,2017
,Minnesota,27,2017,2017,35-39 years,35-39,2213,2017
,Minnesota,27,2017,2017,40-44 years,40-44,338,2017
,Minnesota,27,2017,2017,45-49 years,45-49,20,2017
,Mississippi,28,2017,2017,Under 15 years,15-,37,2017
,Mississippi,28,2017,2017,15 - 17 years,15-17,737,2017
,Mississippi,28,2017,2017,18 - 19 years,18-19,1872,2017
,Mississippi,28,2017,2017,20-24 years,20-24,5355,2017
,Mississippi,28,2017,2017,25-29 years,25-29,3458,2017
,Mississippi,28,2017,2017,30-34 years,30-34,1502,2017
,Mississippi,28,2017,2017,35-39 years,35-39,488,2017
,Mississippi,28,2017,2017,40-44 years,40-44,86,2017
,Missouri,29,2017,2017,Under 15 years,15-,21,2017
,Missouri,29,2017,2017,15 - 17 years,15-17,938,2017
,Missouri,29,2017,2017,18 - 19 years,18-19,2629,2017
,Missouri,29,2017,2017,20-24 years,20-24,8207,2017
,Missouri,29,2017,2017,25-29 years,25-29,7979,2017
,Missouri,29,2017,2017,30-34 years,30-34,4784,2017
,Missouri,29,2017,2017,35-39 years,35-39,1558,2017
,Missouri,29,2017,2017,40-44 years,40-44,256,2017
,Missouri,29,2017,2017,45-49 years,45-49,17,2017
,Montana,30,2017,2017,15 - 17 years,15-17,139,2017
,Montana,30,2017,2017,18 - 19 years,18-19,408,2017
,Montana,30,2017,2017,20-24 years,20-24,1325,2017
,Montana,30,2017,2017,25-29 years,25-29,1289,2017
,Montana,30,2017,2017,30-34 years,30-34,900,2017
,Montana,30,2017,2017,35-39 years,35-39,321,2017
,Montana,30,2017,2017,40-44 years,40-44,43,2017
,Nebraska,31,2017,2017,15 - 17 years,15-17,274,2017
,Nebraska,31,2017,2017,18 - 19 years,18-19,675,2017
,Nebraska,31,2017,2017,20-24 years,20-24,2547,2017
,Nebraska,31,2017,2017,25-29 years,25-29,2982,2017
,Nebraska,31,2017,2017,30-34 years,30-34,1628,2017
,Nebraska,31,2017,2017,35-39 years,35-39,484,2017
,Nebraska,31,2017,2017,40-44 years,40-44,67,2017
,Nevada,32,2017,2017,Under 15 years,15-,22,2017
,Nevada,32,2017,2017,15 - 17 years,15-17,457,2017
,Nevada,32,2017,2017,18 - 19 years,18-19,1136,2017
,Nevada,32,2017,2017,20-24 years,20-24,4018,2017
,Nevada,32,2017,2017,25-29 years,25-29,3681,2017
,Nevada,32,2017,2017,30-34 years,30-34,2632,2017
,Nevada,32,2017,2017,35-39 years,35-39,1055,2017
,Nevada,32,2017,2017,40-44 years,40-44,225,2017
,Nevada,32,2017,2017,45-49 years,45-49,24,2017
,New Hampshire,33,2017,2017,15 - 17 years,15-17,65,2017
,New Hampshire,33,2017,2017,18 - 19 years,18-19,247,2017
,New Hampshire,33,2017,2017,20-24 years,20-24,1054,2017
,New Hampshire,33,2017,2017,25-29 years,25-29,1740,2017
,New Hampshire,33,2017,2017,30-34 years,30-34,1462,2017
,New Hampshire,33,2017,2017,35-39 years,35-39,477,2017
,New Hampshire,33,2017,2017,40-44 years,40-44,74,2017
,New Jersey,34,2017,2017,Under 15 years,15-,27,2017
,New Jersey,34,2017,2017,15 - 17 years,15-17,638,2017
,New Jersey,34,2017,2017,18 - 19 years,18-19,1776,2017
,New Jersey,34,2017,2017,20-24 years,20-24,7686,2017
,New Jersey,34,2017,2017,25-29 years,25-29,11493,2017
,New Jersey,34,2017,2017,30-34 years,30-34,13057,2017
,New Jersey,34,2017,2017,35-39 years,35-39,4960,2017
,New Jersey,34,2017,2017,40-44 years,40-44,1091,2017
,New Jersey,34,2017,2017,45-49 years,45-49,146,2017
,New Jersey,34,2017,2017,50 years and over,50+,23,2017
,New Mexico,35,2017,2017,Under 15 years,15-,17,2017
,New Mexico,35,2017,2017,15 - 17 years,15-17,546,2017
,New Mexico,35,2017,2017,18 - 19 years,18-19,1059,2017
,New Mexico,35,2017,2017,20-24 years,20-24,2902,2017
,New Mexico,35,2017,2017,25-29 years,25-29,1987,2017
,New Mexico,35,2017,2017,30-34 years,30-34,1229,2017
,New Mexico,35,2017,2017,35-39 years,35-39,452,2017
,New Mexico,35,2017,2017,40-44 years,40-44,92,2017
,New York,36,2017,2017,Under 15 years,15-,68,2017
,New York,36,2017,2017,15 - 17 years,15-17,1671,2017
,New York,36,2017,2017,18 - 19 years,18-19,4746,2017
,New York,36,2017,2017,20-24 years,20-24,20460,2017
,New York,36,2017,2017,25-29 years,25-29,25021,2017
,New York,36,2017,2017,30-34 years,30-34,25721,2017
,New York,36,2017,2017,35-39 years,35-39,11513,2017
,New York,36,2017,2017,40-44 years,40-44,2542,2017
,New York,36,2017,2017,45-49 years,45-49,294,2017
,New York,36,2017,2017,50 years and over,50+,41,2017
,North Carolina,37,2017,2017,Under 15 years,15-,79,2017
,North Carolina,37,2017,2017,15 - 17 years,15-17,1650,2017
,North Carolina,37,2017,2017,18 - 19 years,18-19,4164,2017
,North Carolina,37,2017,2017,20-24 years,20-24,14311,2017
,North Carolina,37,2017,2017,25-29 years,25-29,13664,2017
,North Carolina,37,2017,2017,30-34 years,30-34,9520,2017
,North Carolina,37,2017,2017,35-39 years,35-39,3453,2017
,North Carolina,37,2017,2017,40-44 years,40-44,664,2017
,North Carolina,37,2017,2017,45-49 years,45-49,52,2017
,North Dakota,38,2017,2017,15 - 17 years,15-17,74,2017
,North Dakota,38,2017,2017,18 - 19 years,18-19,234,2017
,North Dakota,38,2017,2017,20-24 years,20-24,1080,2017
,North Dakota,38,2017,2017,25-29 years,25-29,1442,2017
,North Dakota,38,2017,2017,30-34 years,30-34,663,2017
,North Dakota,38,2017,2017,35-39 years,35-39,162,2017
,North Dakota,38,2017,2017,40-44 years,40-44,29,2017
,Ohio,39,2017,2017,Under 15 years,15-,78,2017
,Ohio,39,2017,2017,15 - 17 years,15-17,1740,2017
,Ohio,39,2017,2017,18 - 19 years,18-19,4806,2017
,Ohio,39,2017,2017,20-24 years,20-24,15144,2017
,Ohio,39,2017,2017,25-29 years,25-29,15071,2017
,Ohio,39,2017,2017,30-34 years,30-34,10174,2017
,Ohio,39,2017,2017,35-39 years,35-39,3118,2017
,Ohio,39,2017,2017,40-44 years,40-44,510,2017
,Ohio,39,2017,2017,45-49 years,45-49,33,2017
,Oklahoma,40,2017,2017,Under 15 years,15-,42,2017
,Oklahoma,40,2017,2017,15 - 17 years,15-17,887,2017
,Oklahoma,40,2017,2017,18 - 19 years,18-19,2233,2017
,Oklahoma,40,2017,2017,20-24 years,20-24,6309,2017
,Oklahoma,40,2017,2017,25-29 years,25-29,4911,2017
,Oklahoma,40,2017,2017,30-34 years,30-34,2587,2017
,Oklahoma,40,2017,2017,35-39 years,35-39,732,2017
,Oklahoma,40,2017,2017,40-44 years,40-44,104,2017
,Oklahoma,40,2017,2017,45-49 years,45-49,12,2017
,Oregon,41,2017,2017,Under 15 years,15-,13,2017
,Oregon,41,2017,2017,15 - 17 years,15-17,357,2017
,Oregon,41,2017,2017,18 - 19 years,18-19,1212,2017
,Oregon,41,2017,2017,20-24 years,20-24,4186,2017
,Oregon,41,2017,2017,25-29 years,25-29,4796,2017
,Oregon,41,2017,2017,30-34 years,30-34,4095,2017
,Oregon,41,2017,2017,35-39 years,35-39,1799,2017
,Oregon,41,2017,2017,40-44 years,40-44,368,2017
,Oregon,41,2017,2017,45-49 years,45-49,22,2017
,Pennsylvania,42,2017,2017,Under 15 years,15-,57,2017
,Pennsylvania,42,2017,2017,15 - 17 years,15-17,1385,2017
,Pennsylvania,42,2017,2017,18 - 19 years,18-19,3597,2017
,Pennsylvania,42,2017,2017,20-24 years,20-24,13215,2017
,Pennsylvania,42,2017,2017,25-29 years,25-29,15933,2017
,Pennsylvania,42,2017,2017,30-34 years,30-34,13175,2017
,Pennsylvania,42,2017,2017,35-39 years,35-39,4315,2017
,Pennsylvania,42,2017,2017,40-44 years,40-44,743,2017
,Pennsylvania,42,2017,2017,45-49 years,45-49,61,2017
,Rhode Island,44,2017,2017,15 - 17 years,15-17,83,2017
,Rhode Island,44,2017,2017,18 - 19 years,18-19,258,2017
,Rhode Island,44,2017,2017,20-24 years,20-24,989,2017
,Rhode Island,44,2017,2017,25-29 years,25-29,1245,2017
,Rhode Island,44,2017,2017,30-34 years,30-34,1150,2017
,Rhode Island,44,2017,2017,35-39 years,35-39,443,2017
,Rhode Island,44,2017,2017,40-44 years,40-44,67,2017
,South Carolina,45,2017,2017,Under 15 years,15-,39,2017
,South Carolina,45,2017,2017,15 - 17 years,15-17,804,2017
,South Carolina,45,2017,2017,18 - 19 years,18-19,2067,2017
,South Carolina,45,2017,2017,20-24 years,20-24,6792,2017
,South Carolina,45,2017,2017,25-29 years,25-29,6153,2017
,South Carolina,45,2017,2017,30-34 years,30-34,3904,2017
,South Carolina,45,2017,2017,35-39 years,35-39,1310,2017
,South Carolina,45,2017,2017,40-44 years,40-44,235,2017
,South Carolina,45,2017,2017,45-49 years,45-49,18,2017
,South Dakota,46,2017,2017,15 - 17 years,15-17,133,2017
,South Dakota,46,2017,2017,18 - 19 years,18-19,359,2017
,South Dakota,46,2017,2017,20-24 years,20-24,1219,2017
,South Dakota,46,2017,2017,25-29 years,25-29,1309,2017
,South Dakota,46,2017,2017,30-34 years,30-34,683,2017
,South Dakota,46,2017,2017,35-39 years,35-39,174,2017
,South Dakota,46,2017,2017,40-44 years,40-44,31,2017
,Tennessee,47,2017,2017,Under 15 years,15-,67,2017
,Tennessee,47,2017,2017,15 - 17 years,15-17,1196,2017
,Tennessee,47,2017,2017,18 - 19 years,18-19,3321,2017
,Tennessee,47,2017,2017,20-24 years,20-24,9895,2017
,Tennessee,47,2017,2017,25-29 years,25-29,8751,2017
,Tennessee,47,2017,2017,30-34 years,30-34,5194,2017
,Tennessee,47,2017,2017,35-39 years,35-39,1695,2017
,Tennessee,47,2017,2017,40-44 years,40-44,301,2017
,Tennessee,47,2017,2017,45-49 years,45-49,28,2017
,Texas,48,2017,2017,Under 15 years,15-,298,2017
,Texas,48,2017,2017,15 - 17 years,15-17,6975,2017
,Texas,48,2017,2017,18 - 19 years,18-19,14853,2017
,Texas,48,2017,2017,20-24 years,20-24,41308,2017
,Texas,48,2017,2017,25-29 years,25-29,37580,2017
,Texas,48,2017,2017,30-34 years,30-34,26538,2017
,Texas,48,2017,2017,35-39 years,35-39,9487,2017
,Texas,48,2017,2017,40-44 years,40-44,1804,2017
,Texas,48,2017,2017,45-49 years,45-49,167,2017
,Texas,48,2017,2017,50 years and over,50+,19,2017
,Utah,49,2017,2017,15 - 17 years,15-17,402,2017
,Utah,49,2017,2017,18 - 19 years,18-19,1155,2017
,Utah,49,2017,2017,20-24 years,20-24,6042,2017
,Utah,49,2017,2017,25-29 years,25-29,5144,2017
,Utah,49,2017,2017,30-34 years,30-34,2275,2017
,Utah,49,2017,2017,35-39 years,35-39,799,2017
,Utah,49,2017,2017,40-44 years,40-44,142,2017
,Utah,49,2017,2017,45-49 years,45-49,14,2017
,Vermont,50,2017,2017,15 - 17 years,15-17,34,2017
,Vermont,50,2017,2017,18 - 19 years,18-19,149,2017
,Vermont,50,2017,2017,20-24 years,20-24,482,2017
,Vermont,50,2017,2017,25-29 years,25-29,721,2017
,Vermont,50,2017,2017,30-34 years,30-34,694,2017
,Vermont,50,2017,2017,35-39 years,35-39,291,2017
,Vermont,50,2017,2017,40-44 years,40-44,49,2017
,Virginia,51,2017,2017,Under 15 years,15-,40,2017
,Virginia,51,2017,2017,15 - 17 years,15-17,854,2017
,Virginia,51,2017,2017,18 - 19 years,18-19,2536,2017
,Virginia,51,2017,2017,20-24 years,20-24,10027,2017
,Virginia,51,2017,2017,25-29 years,25-29,11496,2017
,Virginia,51,2017,2017,30-34 years,30-34,9861,2017
,Virginia,51,2017,2017,35-39 years,35-39,3793,2017
,Virginia,51,2017,2017,40-44 years,40-44,708,2017
,Virginia,51,2017,2017,45-49 years,45-49,72,2017
,Washington,53,2017,2017,Under 15 years,15-,23,2017
,Washington,53,2017,2017,15 - 17 years,15-17,679,2017
,Washington,53,2017,2017,18 - 19 years,18-19,2007,2017
,Washington,53,2017,2017,20-24 years,20-24,8357,2017
,Washington,53,2017,2017,25-29 years,25-29,10189,2017
,Washington,53,2017,2017,30-34 years,30-34,9007,2017
,Washington,53,2017,2017,35-39 years,35-39,3621,2017
,Washington,53,2017,2017,40-44 years,40-44,654,2017
,Washington,53,2017,2017,45-49 years,45-49,74,2017
,West Virginia,54,2017,2017,15 - 17 years,15-17,266,2017
,West Virginia,54,2017,2017,18 - 19 years,18-19,872,2017
,West Virginia,54,2017,2017,20-24 years,20-24,2586,2017
,West Virginia,54,2017,2017,25-29 years,25-29,1942,2017
,West Virginia,54,2017,2017,30-34 years,30-34,1006,2017
,West Virginia,54,2017,2017,35-39 years,35-39,331,2017
,West Virginia,54,2017,2017,40-44 years,40-44,58,2017
,Wisconsin,55,2017,2017,Under 15 years,15-,24,2017
,Wisconsin,55,2017,2017,15 - 17 years,15-17,568,2017
,Wisconsin,55,2017,2017,18 - 19 years,18-19,1575,2017
,Wisconsin,55,2017,2017,20-24 years,20-24,5898,2017
,Wisconsin,55,2017,2017,25-29 years,25-29,7734,2017
,Wisconsin,55,2017,2017,30-34 years,30-34,5266,2017
,Wisconsin,55,2017,2017,35-39 years,35-39,1590,2017
,Wisconsin,55,2017,2017,40-44 years,40-44,229,2017
,Wisconsin,55,2017,2017,45-49 years,45-49,17,2017
,Wyoming,56,2017,2017,15 - 17 years,15-17,87,2017
,Wyoming,56,2017,2017,18 - 19 years,18-19,278,2017
,Wyoming,56,2017,2017,20-24 years,20-24,796,2017
,Wyoming,56,2017,2017,25-29 years,25-29,746,2017
,Wyoming,56,2017,2017,30-34 years,30-34,430,2017
,Wyoming,56,2017,2017,35-39 years,35-39,130,2017
,Wyoming,56,2017,2017,40-44 years,40-44,23,2017
---,,,,,,,,2017
"Dataset: Natality, 2007-2024",,,,,,,,2017
Query Parameters:,,,,,,,,2017
Live Birth Order: 1st child born alive to mother,,,,,,,,2017
Year: 2017,,,,,,,,2017
Group By: State; Year; Age of Mother 10,,,,,,,,2017
Show Totals: Disabled,,,,,,,,2017
Show Zero Values: False,,,,,,,,2017
Show Suppressed: False,,,,,,,,2017
"Calculate Rates Per: 1,000",,,,,,,,2017
Population Option: No populations shown because rates were not selected.,,,,,,,,2017
---,,,,,,,,2017
Help: See http://wonder.cdc.gov/wonder/help/natality.html for more information.,,,,,,,,2017
---,,,,,,,,2017
"Query Date: Mar 28, 2026 5:18:05 AM",,,,,,,,2017
---,,,,,,,,2017
"Suggested Citation: Centers for Disease Control and Prevention, National Center for Health Statistics. National Vital Statistics",,,,,,,,2017
"System, Natality on CDC WONDER Online Database. Data are from the Natality Records 2007-2024, as compiled from data provided by",,,,,,,,2017
the 57 vital statistics jurisdictions through the Vital Statistics Cooperative Program. Accessed at,,,,,,,,2017
"http://wonder.cdc.gov/natality-current.html on Mar 28, 2026 5:18:05 AM",,,,,,,,2017
---,,,,,,,,2017
Messages:,,,,,,,,2017
1. Totals are not available for these results due to suppression constraints. More Information:,,,,,,,,2017
http://wonder.cdc.gov/wonder/help/faq.html#Privacy.,,,,,,,,2017
2. Rows with zero Births are hidden. Use Quick Options above to show zero rows.,,,,,,,,2017
3. Rows with suppressed Births are hidden. Use Quick Options above to show suppressed rows.,,,,,,,,2017
---,,,,,,,,2017
Caveats:,,,,,,,,2017
1. 'Suppressed' appears when the data do not meet the criteria for confidentiality constraints. More information:,,,,,,,,2017
http://wonder.cdc.gov/wonder/help/natality.html#Assurance of Confidentiality.,,,,,,,,2017
2. Each birth record represents one liveborn infant.,,,,,,,,2017
,Alabama,01,2018,2018,Under 15 years,15-,38,2018
,Alabama,01,2018,2018,15 - 17 years,15-17,916,2018
,Alabama,01,2018,2018,18 - 19 years,18-19,2350,2018
,Alabama,01,2018,2018,20-24 years,20-24,7892,2018
,Alabama,01,2018,2018,25-29 years,25-29,6347,2018
,Alabama,01,2018,2018,30-34 years,30-34,3200,2018
,Alabama,01,2018,2018,35-39 years,35-39,991,2018
,Alabama,01,2018,2018,40-44 years,40-44,214,2018
,Alaska,02,2018,2018,15 - 17 years,15-17,76,2018
,Alaska,02,2018,2018,18 - 19 years,18-19,286,2018
,Alaska,02,2018,2018,20-24 years,20-24,1132,2018
,Alaska,02,2018,2018,25-29 years,25-29,1024,2018
,Alaska,02,2018,2018,30-34 years,30-34,716,2018
,Alaska,02,2018,2018,35-39 years,35-39,243,2018
,Alaska,02,2018,2018,40-44 years,40-44,32,2018
,Arizona,04,2018,2018,Under 15 years,15-,30,2018
,Arizona,04,2018,2018,15 - 17 years,15-17,1126,2018
,Arizona,04,2018,2018,18 - 19 years,18-19,2795,2018
,Arizona,04,2018,2018,20-24 years,20-24,9118,2018
,Arizona,04,2018,2018,25-29 years,25-29,7915,2018
,Arizona,04,2018,2018,30-34 years,30-34,5225,2018
,Arizona,04,2018,2018,35-39 years,35-39,2058,2018
,Arizona,04,2018,2018,40-44 years,40-44,384,2018
,Arizona,04,2018,2018,45-49 years,45-49,42,2018
,Arkansas,05,2018,2018,Under 15 years,15-,27,2018
,Arkansas,05,2018,2018,15 - 17 years,15-17,641,2018
,Arkansas,05,2018,2018,18 - 19 years,18-19,1786,2018
,Arkansas,05,2018,2018,20-24 years,20-24,5006,2018
,Arkansas,05,2018,2018,25-29 years,25-29,3456,2018
,Arkansas,05,2018,2018,30-34 years,30-34,1672,2018
,Arkansas,05,2018,2018,35-39 years,35-39,538,2018
,Arkansas,05,2018,2018,40-44 years,40-44,94,2018
,California,06,2018,2018,Under 15 years,15-,129,2018
,California,06,2018,2018,15 - 17 years,15-17,3924,2018
,California,06,2018,2018,18 - 19 years,18-19,10477,2018
,California,06,2018,2018,20-24 years,20-24,38987,2018
,California,06,2018,2018,25-29 years,25-29,47182,2018
,California,06,2018,2018,30-34 years,30-34,48521,2018
,California,06,2018,2018,35-39 years,35-39,22287,2018
,California,06,2018,2018,40-44 years,40-44,4497,2018
,California,06,2018,2018,45-49 years,45-49,489,2018
,California,06,2018,2018,50 years and over,50+,67,2018
,Colorado,08,2018,2018,Under 15 years,15-,18,2018
,Colorado,08,2018,2018,15 - 17 years,15-17,606,2018
,Colorado,08,2018,2018,18 - 19 years,18-19,1579,2018
,Colorado,08,2018,2018,20-24 years,20-24,5847,2018
,Colorado,08,2018,2018,25-29 years,25-29,6840,2018
,Colorado,08,2018,2018,30-34 years,30-34,6974,2018
,Colorado,08,2018,2018,35-39 years,35-39,2738,2018
,Colorado,08,2018,2018,40-44 years,40-44,446,2018
,Colorado,08,2018,2018,45-49 years,45-49,46,2018
,Connecticut,09,2018,2018,15 - 17 years,15-17,201,2018
,Connecticut,09,2018,2018,18 - 19 years,18-19,665,2018
,Connecticut,09,2018,2018,20-24 years,20-24,2618,2018
,Connecticut,09,2018,2018,25-29 years,25-29,3980,2018
,Connecticut,09,2018,2018,30-34 years,30-34,4427,2018
,Connecticut,09,2018,2018,35-39 years,35-39,1635,2018
,Connecticut,09,2018,2018,40-44 years,40-44,335,2018
,Connecticut,09,2018,2018,45-49 years,45-49,37,2018
,Delaware,10,2018,2018,15 - 17 years,15-17,117,2018
,Delaware,10,2018,2018,18 - 19 years,18-19,308,2018
,Delaware,10,2018,2018,20-24 years,20-24,1142,2018
,Delaware,10,2018,2018,25-29 years,25-29,1170,2018
,Delaware,10,2018,2018,30-34 years,30-34,951,2018
,Delaware,10,2018,2018,35-39 years,35-39,307,2018
,Delaware,10,2018,2018,40-44 years,40-44,61,2018
,District of Columbia,11,2018,2018,15 - 17 years,15-17,119,2018
,District of Columbia,11,2018,2018,18 - 19 years,18-19,192,2018
,District of Columbia,11,2018,2018,20-24 years,20-24,638,2018
,District of Columbia,11,2018,2018,25-29 years,25-29,628,2018
,District of Columbia,11,2018,2018,30-34 years,30-34,1547,2018
,District of Columbia,11,2018,2018,35-39 years,35-39,865,2018
,District of Columbia,11,2018,2018,40-44 years,40-44,183,2018
,District of Columbia,11,2018,2018,45-49 years,45-49,18,2018
,Florida,12,2018,2018,Under 15 years,15-,92,2018
,Florida,12,2018,2018,15 - 17 years,15-17,2174,2018
,Florida,12,2018,2018,18 - 19 years,18-19,6026,2018
,Florida,12,2018,2018,20-24 years,20-24,22690,2018
,Florida,12,2018,2018,25-29 years,25-29,25471,2018
,Florida,12,2018,2018,30-34 years,30-34,19963,2018
,Florida,12,2018,2018,35-39 years,35-39,8124,2018
,Florida,12,2018,2018,40-44 years,40-44,1677,2018
,Florida,12,2018,2018,45-49 years,45-49,174,2018
,Florida,12,2018,2018,50 years and over,50+,18,2018
,Georgia,13,2018,2018,Under 15 years,15-,86,2018
,Georgia,13,2018,2018,15 - 17 years,15-17,1773,2018
,Georgia,13,2018,2018,18 - 19 years,18-19,4475,2018
,Georgia,13,2018,2018,20-24 years,20-24,14584,2018
,Georgia,13,2018,2018,25-29 years,25-29,13604,2018
,Georgia,13,2018,2018,30-34 years,30-34,9662,2018
,Georgia,13,2018,2018,35-39 years,35-39,3732,2018
,Georgia,13,2018,2018,40-44 years,40-44,705,2018
,Georgia,13,2018,2018,45-49 years,45-49,77,2018
,Hawaii,15,2018,2018,15 - 17 years,15-17,156,2018
,Hawaii,15,2018,2018,18 - 19 years,18-19,408,2018
,Hawaii,15,2018,2018,20-24 years,20-24,1754,2018
,Hawaii,15,2018,2018,25-29 years,25-29,1771,2018
,Hawaii,15,2018,2018,30-34 years,30-34,1538,2018
,Hawaii,15,2018,2018,35-39 years,35-39,832,2018
,Hawaii,15,2018,2018,40-44 years,40-44,178,2018
,Hawaii,15,2018,2018,45-49 years,45-49,23,2018
,Idaho,16,2018,2018,15 - 17 years,15-17,201,2018
,Idaho,16,2018,2018,18 - 19 years,18-19,630,2018
,Idaho,16,2018,2018,20-24 years,20-24,2892,2018
,Idaho,16,2018,2018,25-29 years,25-29,2059,2018
,Idaho,16,2018,2018,30-34 years,30-34,1147,2018
,Idaho,16,2018,2018,35-39 years,35-39,387,2018
,Idaho,16,2018,2018,40-44 years,40-44,53,2018
,Illinois,17,2018,2018,Under 15 years,15-,57,2018
,Illinois,17,2018,2018,15 - 17 years,15-17,1479,2018
,Illinois,17,2018,2018,18 - 19 years,18-19,3907,2018
,Illinois,17,2018,2018,20-24 years,20-24,12776,2018
,Illinois,17,2018,2018,25-29 years,25-29,15258,2018
,Illinois,17,2018,2018,30-34 years,30-34,14056,2018
,Illinois,17,2018,2018,35-39 years,35-39,5401,2018
,Illinois,17,2018,2018,40-44 years,40-44,1025,2018
,Illinois,17,2018,2018,45-49 years,45-49,83,2018
,Illinois,17,2018,2018,50 years and over,50+,10,2018
,Indiana,18,2018,2018,Under 15 years,15-,45,2018
,Indiana,18,2018,2018,15 - 17 years,15-17,1035,2018
,Indiana,18,2018,2018,18 - 19 years,18-19,3054,2018
,Indiana,18,2018,2018,20-24 years,20-24,9858,2018
,Indiana,18,2018,2018,25-29 years,25-29,8669,2018
,Indiana,18,2018,2018,30-34 years,30-34,4975,2018
,Indiana,18,2018,2018,35-39 years,35-39,1464,2018
,Indiana,18,2018,2018,40-44 years,40-44,252,2018
,Indiana,18,2018,2018,45-49 years,45-49,13,2018
,Iowa,19,2018,2018,Under 15 years,15-,10,2018
,Iowa,19,2018,2018,15 - 17 years,15-17,362,2018
,Iowa,19,2018,2018,18 - 19 years,18-19,988,2018
,Iowa,19,2018,2018,20-24 years,20-24,3775,2018
,Iowa,19,2018,2018,25-29 years,25-29,4725,2018
,Iowa,19,2018,2018,30-34 years,30-34,2353,2018
,Iowa,19,2018,2018,35-39 years,35-39,676,2018
,Iowa,19,2018,2018,40-44 years,40-44,99,2018
,Kansas,20,2018,2018,Under 15 years,15-,11,2018
,Kansas,20,2018,2018,15 - 17 years,15-17,432,2018
,Kansas,20,2018,2018,18 - 19 years,18-19,1225,2018
,Kansas,20,2018,2018,20-24 years,20-24,4005,2018
,Kansas,20,2018,2018,25-29 years,25-29,4052,2018
,Kansas,20,2018,2018,30-34 years,30-34,2389,2018
,Kansas,20,2018,2018,35-39 years,35-39,653,2018
,Kansas,20,2018,2018,40-44 years,40-44,93,2018
,Kentucky,21,2018,2018,Under 15 years,15-,25,2018
,Kentucky,21,2018,2018,15 - 17 years,15-17,822,2018
,Kentucky,21,2018,2018,18 - 19 years,18-19,2360,2018
,Kentucky,21,2018,2018,20-24 years,20-24,6958,2018
,Kentucky,21,2018,2018,25-29 years,25-29,5635,2018
,Kentucky,21,2018,2018,30-34 years,30-34,3070,2018
,Kentucky,21,2018,2018,35-39 years,35-39,1009,2018
,Kentucky,21,2018,2018,40-44 years,40-44,153,2018
,Kentucky,21,2018,2018,45-49 years,45-49,11,2018
,Louisiana,22,2018,2018,Under 15 years,15-,52,2018
,Louisiana,22,2018,2018,15 - 17 years,15-17,917,2018
,Louisiana,22,2018,2018,18 - 19 years,18-19,2394,2018
,Louisiana,22,2018,2018,20-24 years,20-24,7683,2018
,Louisiana,22,2018,2018,25-29 years,25-29,5763,2018
,Louisiana,22,2018,2018,30-34 years,30-34,3171,2018
,Louisiana,22,2018,2018,35-39 years,35-39,1109,2018
,Louisiana,22,2018,2018,40-44 years,40-44,192,2018
,Louisiana,22,2018,2018,45-49 years,45-49,10,2018
,Maine,23,2018,2018,15 - 17 years,15-17,92,2018
,Maine,23,2018,2018,18 - 19 years,18-19,277,2018
,Maine,23,2018,2018,20-24 years,20-24,1257,2018
,Maine,23,2018,2018,25-29 years,25-29,1577,2018
,Maine,23,2018,2018,30-34 years,30-34,1328,2018
,Maine,23,2018,2018,35-39 years,35-39,463,2018
,Maine,23,2018,2018,40-44 years,40-44,87,2018
,Maryland,24,2018,2018,Under 15 years,15-,33,2018
,Maryland,24,2018,2018,15 - 17 years,15-17,621,2018
,Maryland,24,2018,2018,18 - 19 years,18-19,1662,2018
,Maryland,24,2018,2018,20-24 years,20-24,5836,2018
,Maryland,24,2018,2018,25-29 years,25-29,7753,2018
,Maryland,24,2018,2018,30-34 years,30-34,7548,2018
,Maryland,24,2018,2018,35-39 years,35-39,3066,2018
,Maryland,24,2018,2018,40-44 years,40-44,628,2018
,Maryland,24,2018,2018,45-49 years,45-49,74,2018
,Maryland,24,2018,2018,50 years and over,50+,12,2018
,Massachusetts,25,2018,2018,Under 15 years,15-,17,2018
,Massachusetts,25,2018,2018,15 - 17 years,15-17,348,2018
,Massachusetts,25,2018,2018,18 - 19 years,18-19,1094,2018
,Massachusetts,25,2018,2018,20-24 years,20-24,4665,2018
,Massachusetts,25,2018,2018,25-29 years,25-29,7859,2018
,Massachusetts,25,2018,2018,30-34 years,30-34,10972,2018
,Massachusetts,25,2018,2018,35-39 years,35-39,4310,2018
,Massachusetts,25,2018,2018,40-44 years,40-44,772,2018
,Massachusetts,25,2018,2018,45-49 years,45-49,68,2018
,Michigan,26,2018,2018,Under 15 years,15-,45,2018
,Michigan,26,2018,2018,15 - 17 years,15-17,1026,2018
,Michigan,26,2018,2018,18 - 19 years,18-19,3200,2018
,Michigan,26,2018,2018,20-24 years,20-24,11154,2018
,Michigan,26,2018,2018,25-29 years,25-29,13188,2018
,Michigan,26,2018,2018,30-34 years,30-34,8836,2018
,Michigan,26,2018,2018,35-39 years,35-39,2736,2018
,Michigan,26,2018,2018,40-44 years,40-44,487,2018
,Michigan,26,2018,2018,45-49 years,45-49,41,2018
,Minnesota,27,2018,2018,Under 15 years,15-,20,2018
,Minnesota,27,2018,2018,15 - 17 years,15-17,372,2018
,Minnesota,27,2018,2018,18 - 19 years,18-19,1161,2018
,Minnesota,27,2018,2018,20-24 years,20-24,4927,2018
,Minnesota,27,2018,2018,25-29 years,25-29,8067,2018
,Minnesota,27,2018,2018,30-34 years,30-34,6681,2018
,Minnesota,27,2018,2018,35-39 years,35-39,2164,2018
,Minnesota,27,2018,2018,40-44 years,40-44,310,2018
,Minnesota,27,2018,2018,45-49 years,45-49,25,2018
,Mississippi,28,2018,2018,Under 15 years,15-,49,2018
,Mississippi,28,2018,2018,15 - 17 years,15-17,657,2018
,Mississippi,28,2018,2018,18 - 19 years,18-19,1681,2018
,Mississippi,28,2018,2018,20-24 years,20-24,5203,2018
,Mississippi,28,2018,2018,25-29 years,25-29,3469,2018
,Mississippi,28,2018,2018,30-34 years,30-34,1488,2018
,Mississippi,28,2018,2018,35-39 years,35-39,544,2018
,Mississippi,28,2018,2018,40-44 years,40-44,86,2018
,Missouri,29,2018,2018,Under 15 years,15-,29,2018
,Missouri,29,2018,2018,15 - 17 years,15-17,928,2018
,Missouri,29,2018,2018,18 - 19 years,18-19,2564,2018
,Missouri,29,2018,2018,20-24 years,20-24,8260,2018
,Missouri,29,2018,2018,25-29 years,25-29,8155,2018
,Missouri,29,2018,2018,30-34 years,30-34,4953,2018
,Missouri,29,2018,2018,35-39 years,35-39,1537,2018
,Missouri,29,2018,2018,40-44 years,40-44,269,2018
,Missouri,29,2018,2018,45-49 years,45-49,18,2018
,Montana,30,2018,2018,15 - 17 years,15-17,116,2018
,Montana,30,2018,2018,18 - 19 years,18-19,325,2018
,Montana,30,2018,2018,20-24 years,20-24,1221,2018
,Montana,30,2018,2018,25-29 years,25-29,1243,2018
,Montana,30,2018,2018,30-34 years,30-34,877,2018
,Montana,30,2018,2018,35-39 years,35-39,304,2018
,Montana,30,2018,2018,40-44 years,40-44,47,2018
,Nebraska,31,2018,2018,15 - 17 years,15-17,240,2018
,Nebraska,31,2018,2018,18 - 19 years,18-19,669,2018
,Nebraska,31,2018,2018,20-24 years,20-24,2379,2018
,Nebraska,31,2018,2018,25-29 years,25-29,3006,2018
,Nebraska,31,2018,2018,30-34 years,30-34,1750,2018
,Nebraska,31,2018,2018,35-39 years,35-39,488,2018
,Nebraska,31,2018,2018,40-44 years,40-44,68,2018
,Nevada,32,2018,2018,Under 15 years,15-,14,2018
,Nevada,32,2018,2018,15 - 17 years,15-17,417,2018
,Nevada,32,2018,2018,18 - 19 years,18-19,1066,2018
,Nevada,32,2018,2018,20-24 years,20-24,4036,2018
,Nevada,32,2018,2018,25-29 years,25-29,3603,2018
,Nevada,32,2018,2018,30-34 years,30-34,2503,2018
,Nevada,32,2018,2018,35-39 years,35-39,1080,2018
,Nevada,32,2018,2018,40-44 years,40-44,238,2018
,Nevada,32,2018,2018,45-49 years,45-49,27,2018
,New Hampshire,33,2018,2018,15 - 17 years,15-17,58,2018
,New Hampshire,33,2018,2018,18 - 19 years,18-19,229,2018
,New Hampshire,33,2018,2018,20-24 years,20-24,995,2018
,New Hampshire,33,2018,2018,25-29 years,25-29,1643,2018
,New Hampshire,33,2018,2018,30-34 years,30-34,1561,2018
,New Hampshire,33,2018,2018,35-39 years,35-39,510,2018
,New Hampshire,33,2018,2018,40-44 years,40-44,78,2018
,New Jersey,34,2018,2018,Under 15 years,15-,26,2018
,New Jersey,34,2018,2018,15 - 17 years,15-17,680,2018
,New Jersey,34,2018,2018,18 - 19 years,18-19,1809,2018
,New Jersey,34,2018,2018,20-24 years,20-24,7516,2018
,New Jersey,34,2018,2018,25-29 years,25-29,10960,2018
,New Jersey,34,2018,2018,30-34 years,30-34,13082,2018
,New Jersey,34,2018,2018,35-39 years,35-39,5088,2018
,New Jersey,34,2018,2018,40-44 years,40-44,1156,2018
,New Jersey,34,2018,2018,45-49 years,45-49,125,2018
,New Jersey,34,2018,2018,50 years and over,50+,23,2018
,New Mexico,35,2018,2018,Under 15 years,15-,19,2018
,New Mexico,35,2018,2018,15 - 17 years,15-17,424,2018
,New Mexico,35,2018,2018,18 - 19 years,18-19,1031,2018
,New Mexico,35,2018,2018,20-24 years,20-24,2783,2018
,New Mexico,35,2018,2018,25-29 years,25-29,2072,2018
,New Mexico,35,2018,2018,30-34 years,30-34,1230,2018
,New Mexico,35,2018,2018,35-39 years,35-39,487,2018
,New Mexico,35,2018,2018,40-44 years,40-44,108,2018
,New York,36,2018,2018,Under 15 years,15-,56,2018
,New York,36,2018,2018,15 - 17 years,15-17,1535,2018
,New York,36,2018,2018,18 - 19 years,18-19,4373,2018
,New York,36,2018,2018,20-24 years,20-24,19605,2018
,New York,36,2018,2018,25-29 years,25-29,24284,2018
,New York,36,2018,2018,30-34 years,30-34,26459,2018
,New York,36,2018,2018,35-39 years,35-39,11601,2018
,New York,36,2018,2018,40-44 years,40-44,2587,2018
,New York,36,2018,2018,45-49 years,45-49,310,2018
,New York,36,2018,2018,50 years and over,50+,48,2018
,North Carolina,37,2018,2018,Under 15 years,15-,72,2018
,North Carolina,37,2018,2018,15 - 17 years,15-17,1462,2018
,North Carolina,37,2018,2018,18 - 19 years,18-19,3917,2018
,North Carolina,37,2018,2018,20-24 years,20-24,13862,2018
,North Carolina,37,2018,2018,25-29 years,25-29,13516,2018
,North Carolina,37,2018,2018,30-34 years,30-34,9819,2018
,North Carolina,37,2018,2018,35-39 years,35-39,3623,2018
,North Carolina,37,2018,2018,40-44 years,40-44,621,2018
,North Carolina,37,2018,2018,45-49 years,45-49,57,2018
,North Dakota,38,2018,2018,15 - 17 years,15-17,90,2018
,North Dakota,38,2018,2018,18 - 19 years,18-19,220,2018
,North Dakota,38,2018,2018,20-24 years,20-24,1080,2018
,North Dakota,38,2018,2018,25-29 years,25-29,1442,2018
,North Dakota,38,2018,2018,30-34 years,30-34,677,2018
,North Dakota,38,2018,2018,35-39 years,35-39,204,2018
,North Dakota,38,2018,2018,40-44 years,40-44,26,2018
,Ohio,39,2018,2018,Under 15 years,15-,56,2018
,Ohio,39,2018,2018,15 - 17 years,15-17,1549,2018
,Ohio,39,2018,2018,18 - 19 years,18-19,4349,2018
,Ohio,39,2018,2018,20-24 years,20-24,14627,2018
,Ohio,39,2018,2018,25-29 years,25-29,15012,2018
,Ohio,39,2018,2018,30-34 years,30-34,10084,2018
,Ohio,39,2018,2018,35-39 years,35-39,3194,2018
,Ohio,39,2018,2018,40-44 years,40-44,501,2018
,Ohio,39,2018,2018,45-49 years,45-49,43,2018
,Oklahoma,40,2018,2018,Under 15 years,15-,32,2018
,Oklahoma,40,2018,2018,15 - 17 years,15-17,767,2018
,Oklahoma,40,2018,2018,18 - 19 years,18-19,2133,2018
,Oklahoma,40,2018,2018,20-24 years,20-24,6248,2018
,Oklahoma,40,2018,2018,25-29 years,25-29,4916,2018
,Oklahoma,40,2018,2018,30-34 years,30-34,2666,2018
,Oklahoma,40,2018,2018,35-39 years,35-39,760,2018
,Oklahoma,40,2018,2018,40-44 years,40-44,121,2018
,Oregon,41,2018,2018,15 - 17 years,15-17,347,2018
,Oregon,41,2018,2018,18 - 19 years,18-19,1049,2018
,Oregon,41,2018,2018,20-24 years,20-24,4117,2018
,Oregon,41,2018,2018,25-29 years,25-29,4596,2018
,Oregon,41,2018,2018,30-34 years,30-34,4239,2018
,Oregon,41,2018,2018,35-39 years,35-39,1769,2018
,Oregon,41,2018,2018,40-44 years,40-44,307,2018
,Oregon,41,2018,2018,45-49 years,45-49,23,2018
,Pennsylvania,42,2018,2018,Under 15 years,15-,60,2018
,Pennsylvania,42,2018,2018,15 - 17 years,15-17,1334,2018
,Pennsylvania,42,2018,2018,18 - 19 years,18-19,3385,2018
,Pennsylvania,42,2018,2018,20-24 years,20-24,12509,2018
,Pennsylvania,42,2018,2018,25-29 years,25-29,15566,2018
,Pennsylvania,42,2018,2018,30-34 years,30-34,13521,2018
,Pennsylvania,42,2018,2018,35-39 years,35-39,4323,2018
,Pennsylvania,42,2018,2018,40-44 years,40-44,712,2018
,Pennsylvania,42,2018,2018,45-49 years,45-49,62,2018
,Rhode Island,44,2018,2018,15 - 17 years,15-17,97,2018
,Rhode Island,44,2018,2018,18 - 19 years,18-19,243,2018
,Rhode Island,44,2018,2018,20-24 years,20-24,880,2018
,Rhode Island,44,2018,2018,25-29 years,25-29,1172,2018
,Rhode Island,44,2018,2018,30-34 years,30-34,1158,2018
,Rhode Island,44,2018,2018,35-39 years,35-39,445,2018
,Rhode Island,44,2018,2018,40-44 years,40-44,88,2018
,South Carolina,45,2018,2018,Under 15 years,15-,35,2018
,South Carolina,45,2018,2018,15 - 17 years,15-17,793,2018
,South Carolina,45,2018,2018,18 - 19 years,18-19,2184,2018
,South Carolina,45,2018,2018,20-24 years,20-24,6668,2018
,South Carolina,45,2018,2018,25-29 years,25-29,6333,2018
,South Carolina,45,2018,2018,30-34 years,30-34,3942,2018
,South Carolina,45,2018,2018,35-39 years,35-39,1401,2018
,South Carolina,45,2018,2018,40-44 years,40-44,235,2018
,South Carolina,45,2018,2018,45-49 years,45-49,32,2018
,South Dakota,46,2018,2018,15 - 17 years,15-17,155,2018
,South Dakota,46,2018,2018,18 - 19 years,18-19,328,2018
,South Dakota,46,2018,2018,20-24 years,20-24,1125,2018
,South Dakota,46,2018,2018,25-29 years,25-29,1339,2018
,South Dakota,46,2018,2018,30-34 years,30-34,673,2018
,South Dakota,46,2018,2018,35-39 years,35-39,190,2018
,South Dakota,46,2018,2018,40-44 years,40-44,20,2018
,Tennessee,47,2018,2018,Under 15 years,15-,64,2018
,Tennessee,47,2018,2018,15 - 17 years,15-17,1095,2018
,Tennessee,47,2018,2018,18 - 19 years,18-19,3269,2018
,Tennessee,47,2018,2018,20-24 years,20-24,9796,2018
,Tennessee,47,2018,2018,25-29 years,25-29,8715,2018
,Tennessee,47,2018,2018,30-34 years,30-34,5218,2018
,Tennessee,47,2018,2018,35-39 years,35-39,1866,2018
,Tennessee,47,2018,2018,40-44 years,40-44,281,2018
,Tennessee,47,2018,2018,45-49 years,45-49,20,2018
,Texas,48,2018,2018,Under 15 years,15-,302,2018
,Texas,48,2018,2018,15 - 17 years,15-17,6251,2018
,Texas,48,2018,2018,18 - 19 years,18-19,14142,2018
,Texas,48,2018,2018,20-24 years,20-24,40547,2018
,Texas,48,2018,2018,25-29 years,25-29,37789,2018
,Texas,48,2018,2018,30-34 years,30-34,26828,2018
,Texas,48,2018,2018,35-39 years,35-39,9873,2018
,Texas,48,2018,2018,40-44 years,40-44,1896,2018
,Texas,48,2018,2018,45-49 years,45-49,153,2018
,Texas,48,2018,2018,50 years and over,50+,16,2018
,Utah,49,2018,2018,15 - 17 years,15-17,349,2018
,Utah,49,2018,2018,18 - 19 years,18-19,1023,2018
,Utah,49,2018,2018,20-24 years,20-24,6010,2018
,Utah,49,2018,2018,25-29 years,25-29,5234,2018
,Utah,49,2018,2018,30-34 years,30-34,2225,2018
,Utah,49,2018,2018,35-39 years,35-39,839,2018
,Utah,49,2018,2018,40-44 years,40-44,160,2018
,Utah,49,2018,2018,45-49 years,45-49,12,2018
,Vermont,50,2018,2018,15 - 17 years,15-17,25,2018
,Vermont,50,2018,2018,18 - 19 years,18-19,130,2018
,Vermont,50,2018,2018,20-24 years,20-24,460,2018
,Vermont,50,2018,2018,25-29 years,25-29,639,2018
,Vermont,50,2018,2018,30-34 years,30-34,652,2018
,Vermont,50,2018,2018,35-39 years,35-39,263,2018
,Vermont,50,2018,2018,40-44 years,40-44,42,2018
,Virginia,51,2018,2018,Under 15 years,15-,39,2018
,Virginia,51,2018,2018,15 - 17 years,15-17,842,2018
,Virginia,51,2018,2018,18 - 19 years,18-19,2447,2018
,Virginia,51,2018,2018,20-24 years,20-24,9518,2018
,Virginia,51,2018,2018,25-29 years,25-29,11427,2018
,Virginia,51,2018,2018,30-34 years,30-34,9931,2018
,Virginia,51,2018,2018,35-39 years,35-39,3849,2018
,Virginia,51,2018,2018,40-44 years,40-44,751,2018
,Virginia,51,2018,2018,45-49 years,45-49,86,2018
,Virginia,51,2018,2018,50 years and over,50+,12,2018
,Washington,53,2018,2018,Under 15 years,15-,15,2018
,Washington,53,2018,2018,15 - 17 years,15-17,601,2018
,Washington,53,2018,2018,18 - 19 years,18-19,1797,2018
,Washington,53,2018,2018,20-24 years,20-24,7866,2018
,Washington,53,2018,2018,25-29 years,25-29,9864,2018
,Washington,53,2018,2018,30-34 years,30-34,9114,2018
,Washington,53,2018,2018,35-39 years,35-39,3687,2018
,Washington,53,2018,2018,40-44 years,40-44,681,2018
,Washington,53,2018,2018,45-49 years,45-49,63,2018
,West Virginia,54,2018,2018,Under 15 years,15-,10,2018
,West Virginia,54,2018,2018,15 - 17 years,15-17,246,2018
,West Virginia,54,2018,2018,18 - 19 years,18-19,849,2018
,West Virginia,54,2018,2018,20-24 years,20-24,2525,2018
,West Virginia,54,2018,2018,25-29 years,25-29,1914,2018
,West Virginia,54,2018,2018,30-34 years,30-34,960,2018
,West Virginia,54,2018,2018,35-39 years,35-39,338,2018
,West Virginia,54,2018,2018,40-44 years,40-44,55,2018
,Wisconsin,55,2018,2018,Under 15 years,15-,26,2018
,Wisconsin,55,2018,2018,15 - 17 years,15-17,503,2018
,Wisconsin,55,2018,2018,18 - 19 years,18-19,1509,2018
,Wisconsin,55,2018,2018,20-24 years,20-24,5575,2018
,Wisconsin,55,2018,2018,25-29 years,25-29,7342,2018
,Wisconsin,55,2018,2018,30-34 years,30-34,5541,2018
,Wisconsin,55,2018,2018,35-39 years,35-39,1690,2018
,Wisconsin,55,2018,2018,40-44 years,40-44,241,2018
,Wisconsin,55,2018,2018,45-49 years,45-49,17,2018
,Wyoming,56,2018,2018,15 - 17 years,15-17,66,2018
,Wyoming,56,2018,2018,18 - 19 years,18-19,257,2018
,Wyoming,56,2018,2018,20-24 years,20-24,783,2018
,Wyoming,56,2018,2018,25-29 years,25-29,696,2018
,Wyoming,56,2018,2018,30-34 years,30-34,419,2018
,Wyoming,56,2018,2018,35-39 years,35-39,152,2018
,Wyoming,56,2018,2018,40-44 years,40-44,32,2018
---,,,,,,,,2018
"Dataset: Natality, 2007-2024",,,,,,,,2018
Query Parameters:,,,,,,,,2018
Live Birth Order: 1st child born alive to mother,,,,,,,,2018
Year: 2018,,,,,,,,2018
Group By: State; Year; Age of Mother 10,,,,,,,,2018
Show Totals: Disabled,,,,,,,,2018
Show Zero Values: False,,,,,,,,2018
Show Suppressed: False,,,,,,,,2018
"Calculate Rates Per: 1,000",,,,,,,,2018
Population Option: No populations shown because rates were not selected.,,,,,,,,2018
---,,,,,,,,2018
Help: See http://wonder.cdc.gov/wonder/help/natality.html for more information.,,,,,,,,2018
---,,,,,,,,2018
"Query Date: Mar 28, 2026 5:18:15 AM",,,,,,,,2018
---,,,,,,,,2018
"Suggested Citation: Centers for Disease Control and Prevention, National Center for Health Statistics. National Vital Statistics",,,,,,,,2018
"System, Natality on CDC WONDER Online Database. Data are from the Natality Records 2007-2024, as compiled from data provided by",,,,,,,,2018
the 57 vital statistics jurisdictions through the Vital Statistics Cooperative Program. Accessed at,,,,,,,,2018
"http://wonder.cdc.gov/natality-current.html on Mar 28, 2026 5:18:15 AM",,,,,,,,2018
---,,,,,,,,2018
Messages:,,,,,,,,2018
1. Totals are not available for these results due to suppression constraints. More Information:,,,,,,,,2018
http://wonder.cdc.gov/wonder/help/faq.html#Privacy.,,,,,,,,2018
2. Rows with zero Births are hidden. Use Quick Options above to show zero rows.,,,,,,,,2018
3. Rows with suppressed Births are hidden. Use Quick Options above to show suppressed rows.,,,,,,,,2018
---,,,,,,,,2018
Caveats:,,,,,,,,2018
1. 'Suppressed' appears when the data do not meet the criteria for confidentiality constraints. More information:,,,,,,,,2018
http://wonder.cdc.gov/wonder/help/natality.html#Assurance of Confidentiality.,,,,,,,,2018
2. Each birth record represents one liveborn infant.,,,,,,,,2018
,Alabama,01,2019,2019,Under 15 years,15-,45,2019
,Alabama,01,2019,2019,15 - 17 years,15-17,848,2019
,Alabama,01,2019,2019,18 - 19 years,18-19,2432,2019
,Alabama,01,2019,2019,20-24 years,20-24,7818,2019
,Alabama,01,2019,2019,25-29 years,25-29,6093,2019
,Alabama,01,2019,2019,30-34 years,30-34,3222,2019
,Alabama,01,2019,2019,35-39 years,35-39,950,2019
,Alabama,01,2019,2019,40-44 years,40-44,166,2019
,Alabama,01,2019,2019,45-49 years,45-49,14,2019
,Alaska,02,2019,2019,15 - 17 years,15-17,73,2019
,Alaska,02,2019,2019,18 - 19 years,18-19,259,2019
,Alaska,02,2019,2019,20-24 years,20-24,1107,2019
,Alaska,02,2019,2019,25-29 years,25-29,937,2019
,Alaska,02,2019,2019,30-34 years,30-34,649,2019
,Alaska,02,2019,2019,35-39 years,35-39,268,2019
,Alaska,02,2019,2019,40-44 years,40-44,48,2019
,Arizona,04,2019,2019,Under 15 years,15-,37,2019
,Arizona,04,2019,2019,15 - 17 years,15-17,1068,2019
,Arizona,04,2019,2019,18 - 19 years,18-19,2658,2019
,Arizona,04,2019,2019,20-24 years,20-24,8873,2019
,Arizona,04,2019,2019,25-29 years,25-29,8046,2019
,Arizona,04,2019,2019,30-34 years,30-34,5359,2019
,Arizona,04,2019,2019,35-39 years,35-39,2015,2019
,Arizona,04,2019,2019,40-44 years,40-44,360,2019
,Arizona,04,2019,2019,45-49 years,45-49,36,2019
,Arkansas,05,2019,2019,Under 15 years,15-,28,2019
,Arkansas,05,2019,2019,15 - 17 years,15-17,590,2019
,Arkansas,05,2019,2019,18 - 19 years,18-19,1781,2019
,Arkansas,05,2019,2019,20-24 years,20-24,4978,2019
,Arkansas,05,2019,2019,25-29 years,25-29,3390,2019
,Arkansas,05,2019,2019,30-34 years,30-34,1712,2019
,Arkansas,05,2019,2019,35-39 years,35-39,543,2019
,Arkansas,05,2019,2019,40-44 years,40-44,76,2019
,California,06,2019,2019,Under 15 years,15-,120,2019
,California,06,2019,2019,15 - 17 years,15-17,3454,2019
,California,06,2019,2019,18 - 19 years,18-19,9778,2019
,California,06,2019,2019,20-24 years,20-24,38067,2019
,California,06,2019,2019,25-29 years,25-29,46699,2019
,California,06,2019,2019,30-34 years,30-34,49404,2019
,California,06,2019,2019,35-39 years,35-39,22901,2019
,California,06,2019,2019,40-44 years,40-44,4700,2019
,California,06,2019,2019,45-49 years,45-49,474,2019
,California,06,2019,2019,50 years and over,50+,75,2019
,Colorado,08,2019,2019,Under 15 years,15-,21,2019
,Colorado,08,2019,2019,15 - 17 years,15-17,610,2019
,Colorado,08,2019,2019,18 - 19 years,18-19,1574,2019
,Colorado,08,2019,2019,20-24 years,20-24,5748,2019
,Colorado,08,2019,2019,25-29 years,25-29,6972,2019
,Colorado,08,2019,2019,30-34 years,30-34,7099,2019
,Colorado,08,2019,2019,35-39 years,35-39,2938,2019
,Colorado,08,2019,2019,40-44 years,40-44,494,2019
,Colorado,08,2019,2019,45-49 years,45-49,45,2019
,Connecticut,09,2019,2019,15 - 17 years,15-17,213,2019
,Connecticut,09,2019,2019,18 - 19 years,18-19,573,2019
,Connecticut,09,2019,2019,20-24 years,20-24,2457,2019
,Connecticut,09,2019,2019,25-29 years,25-29,3830,2019
,Connecticut,09,2019,2019,30-34 years,30-34,4651,2019
,Connecticut,09,2019,2019,35-39 years,35-39,1542,2019
,Connecticut,09,2019,2019,40-44 years,40-44,321,2019
,Connecticut,09,2019,2019,45-49 years,45-49,33,2019
,Delaware,10,2019,2019,15 - 17 years,15-17,106,2019
,Delaware,10,2019,2019,18 - 19 years,18-19,265,2019
,Delaware,10,2019,2019,20-24 years,20-24,1028,2019
,Delaware,10,2019,2019,25-29 years,25-29,1334,2019
,Delaware,10,2019,2019,30-34 years,30-34,1004,2019
,Delaware,10,2019,2019,35-39 years,35-39,301,2019
,Delaware,10,2019,2019,40-44 years,40-44,64,2019
,District of Columbia,11,2019,2019,15 - 17 years,15-17,85,2019
,District of Columbia,11,2019,2019,18 - 19 years,18-19,174,2019
,District of Columbia,11,2019,2019,20-24 years,20-24,571,2019
,District of Columbia,11,2019,2019,25-29 years,25-29,641,2019
,District of Columbia,11,2019,2019,30-34 years,30-34,1422,2019
,District of Columbia,11,2019,2019,35-39 years,35-39,838,2019
,District of Columbia,11,2019,2019,40-44 years,40-44,168,2019
,District of Columbia,11,2019,2019,45-49 years,45-49,17,2019
,District of Columbia,11,2019,2019,50 years and over,50+,12,2019
,Florida,12,2019,2019,Under 15 years,15-,104,2019
,Florida,12,2019,2019,15 - 17 years,15-17,1995,2019
,Florida,12,2019,2019,18 - 19 years,18-19,6076,2019
,Florida,12,2019,2019,20-24 years,20-24,22113,2019
,Florida,12,2019,2019,25-29 years,25-29,24960,2019
,Florida,12,2019,2019,30-34 years,30-34,20181,2019
,Florida,12,2019,2019,35-39 years,35-39,8354,2019
,Florida,12,2019,2019,40-44 years,40-44,1675,2019
,Florida,12,2019,2019,45-49 years,45-49,171,2019
,Florida,12,2019,2019,50 years and over,50+,17,2019
,Georgia,13,2019,2019,Under 15 years,15-,87,2019
,Georgia,13,2019,2019,15 - 17 years,15-17,1579,2019
,Georgia,13,2019,2019,18 - 19 years,18-19,4356,2019
,Georgia,13,2019,2019,20-24 years,20-24,14424,2019
,Georgia,13,2019,2019,25-29 years,25-29,13527,2019
,Georgia,13,2019,2019,30-34 years,30-34,9451,2019
,Georgia,13,2019,2019,35-39 years,35-39,3647,2019
,Georgia,13,2019,2019,40-44 years,40-44,746,2019
,Georgia,13,2019,2019,45-49 years,45-49,59,2019
,Georgia,13,2019,2019,50 years and over,50+,10,2019
,Hawaii,15,2019,2019,15 - 17 years,15-17,114,2019
,Hawaii,15,2019,2019,18 - 19 years,18-19,411,2019
,Hawaii,15,2019,2019,20-24 years,20-24,1791,2019
,Hawaii,15,2019,2019,25-29 years,25-29,1779,2019
,Hawaii,15,2019,2019,30-34 years,30-34,1424,2019
,Hawaii,15,2019,2019,35-39 years,35-39,809,2019
,Hawaii,15,2019,2019,40-44 years,40-44,185,2019
,Hawaii,15,2019,2019,45-49 years,45-49,17,2019
,Idaho,16,2019,2019,15 - 17 years,15-17,177,2019
,Idaho,16,2019,2019,18 - 19 years,18-19,606,2019
,Idaho,16,2019,2019,20-24 years,20-24,2912,2019
,Idaho,16,2019,2019,25-29 years,25-29,2298,2019
,Idaho,16,2019,2019,30-34 years,30-34,1117,2019
,Idaho,16,2019,2019,35-39 years,35-39,418,2019
,Idaho,16,2019,2019,40-44 years,40-44,60,2019
,Illinois,17,2019,2019,Under 15 years,15-,63,2019
,Illinois,17,2019,2019,15 - 17 years,15-17,1314,2019
,Illinois,17,2019,2019,18 - 19 years,18-19,3687,2019
,Illinois,17,2019,2019,20-24 years,20-24,12403,2019
,Illinois,17,2019,2019,25-29 years,25-29,14520,2019
,Illinois,17,2019,2019,30-34 years,30-34,14074,2019
,Illinois,17,2019,2019,35-39 years,35-39,5456,2019
,Illinois,17,2019,2019,40-44 years,40-44,1008,2019
,Illinois,17,2019,2019,45-49 years,45-49,101,2019
,Illinois,17,2019,2019,50 years and over,50+,22,2019
,Indiana,18,2019,2019,Under 15 years,15-,32,2019
,Indiana,18,2019,2019,15 - 17 years,15-17,982,2019
,Indiana,18,2019,2019,18 - 19 years,18-19,2934,2019
,Indiana,18,2019,2019,20-24 years,20-24,9566,2019
,Indiana,18,2019,2019,25-29 years,25-29,8657,2019
,Indiana,18,2019,2019,30-34 years,30-34,4735,2019
,Indiana,18,2019,2019,35-39 years,35-39,1439,2019
,Indiana,18,2019,2019,40-44 years,40-44,280,2019
,Indiana,18,2019,2019,45-49 years,45-49,15,2019
,Iowa,19,2019,2019,Under 15 years,15-,12,2019
,Iowa,19,2019,2019,15 - 17 years,15-17,284,2019
,Iowa,19,2019,2019,18 - 19 years,18-19,928,2019
,Iowa,19,2019,2019,20-24 years,20-24,3726,2019
,Iowa,19,2019,2019,25-29 years,25-29,4654,2019
,Iowa,19,2019,2019,30-34 years,30-34,2397,2019
,Iowa,19,2019,2019,35-39 years,35-39,707,2019
,Iowa,19,2019,2019,40-44 years,40-44,108,2019
,Kansas,20,2019,2019,Under 15 years,15-,18,2019
,Kansas,20,2019,2019,15 - 17 years,15-17,380,2019
,Kansas,20,2019,2019,18 - 19 years,18-19,1145,2019
,Kansas,20,2019,2019,20-24 years,20-24,3836,2019
,Kansas,20,2019,2019,25-29 years,25-29,3782,2019
,Kansas,20,2019,2019,30-34 years,30-34,2316,2019
,Kansas,20,2019,2019,35-39 years,35-39,660,2019
,Kansas,20,2019,2019,40-44 years,40-44,118,2019
,Kentucky,21,2019,2019,Under 15 years,15-,33,2019
,Kentucky,21,2019,2019,15 - 17 years,15-17,717,2019
,Kentucky,21,2019,2019,18 - 19 years,18-19,2138,2019
,Kentucky,21,2019,2019,20-24 years,20-24,6782,2019
,Kentucky,21,2019,2019,25-29 years,25-29,5706,2019
,Kentucky,21,2019,2019,30-34 years,30-34,3042,2019
,Kentucky,21,2019,2019,35-39 years,35-39,996,2019
,Kentucky,21,2019,2019,40-44 years,40-44,163,2019
,Kentucky,21,2019,2019,45-49 years,45-49,11,2019
,Louisiana,22,2019,2019,Under 15 years,15-,56,2019
,Louisiana,22,2019,2019,15 - 17 years,15-17,886,2019
,Louisiana,22,2019,2019,18 - 19 years,18-19,2464,2019
,Louisiana,22,2019,2019,20-24 years,20-24,7275,2019
,Louisiana,22,2019,2019,25-29 years,25-29,5580,2019
,Louisiana,22,2019,2019,30-34 years,30-34,3313,2019
,Louisiana,22,2019,2019,35-39 years,35-39,1115,2019
,Louisiana,22,2019,2019,40-44 years,40-44,190,2019
,Louisiana,22,2019,2019,45-49 years,45-49,12,2019
,Maine,23,2019,2019,15 - 17 years,15-17,54,2019
,Maine,23,2019,2019,18 - 19 years,18-19,237,2019
,Maine,23,2019,2019,20-24 years,20-24,1171,2019
,Maine,23,2019,2019,25-29 years,25-29,1459,2019
,Maine,23,2019,2019,30-34 years,30-34,1257,2019
,Maine,23,2019,2019,35-39 years,35-39,429,2019
,Maine,23,2019,2019,40-44 years,40-44,72,2019
,Maryland,24,2019,2019,Under 15 years,15-,41,2019
,Maryland,24,2019,2019,15 - 17 years,15-17,621,2019
,Maryland,24,2019,2019,18 - 19 years,18-19,1593,2019
,Maryland,24,2019,2019,20-24 years,20-24,5707,2019
,Maryland,24,2019,2019,25-29 years,25-29,7708,2019
,Maryland,24,2019,2019,30-34 years,30-34,7421,2019
,Maryland,24,2019,2019,35-39 years,35-39,2954,2019
,Maryland,24,2019,2019,40-44 years,40-44,558,2019
,Maryland,24,2019,2019,45-49 years,45-49,72,2019
,Maryland,24,2019,2019,50 years and over,50+,12,2019
,Massachusetts,25,2019,2019,Under 15 years,15-,19,2019
,Massachusetts,25,2019,2019,15 - 17 years,15-17,344,2019
,Massachusetts,25,2019,2019,18 - 19 years,18-19,1005,2019
,Massachusetts,25,2019,2019,20-24 years,20-24,4408,2019
,Massachusetts,25,2019,2019,25-29 years,25-29,7512,2019
,Massachusetts,25,2019,2019,30-34 years,30-34,11180,2019
,Massachusetts,25,2019,2019,35-39 years,35-39,4289,2019
,Massachusetts,25,2019,2019,40-44 years,40-44,860,2019
,Massachusetts,25,2019,2019,45-49 years,45-49,71,2019
,Michigan,26,2019,2019,Under 15 years,15-,49,2019
,Michigan,26,2019,2019,15 - 17 years,15-17,938,2019
,Michigan,26,2019,2019,18 - 19 years,18-19,3025,2019
,Michigan,26,2019,2019,20-24 years,20-24,10988,2019
,Michigan,26,2019,2019,25-29 years,25-29,12825,2019
,Michigan,26,2019,2019,30-34 years,30-34,8990,2019
,Michigan,26,2019,2019,35-39 years,35-39,2779,2019
,Michigan,26,2019,2019,40-44 years,40-44,487,2019
,Michigan,26,2019,2019,45-49 years,45-49,43,2019
,Minnesota,27,2019,2019,Under 15 years,15-,11,2019
,Minnesota,27,2019,2019,15 - 17 years,15-17,377,2019
,Minnesota,27,2019,2019,18 - 19 years,18-19,1141,2019
,Minnesota,27,2019,2019,20-24 years,20-24,4725,2019
,Minnesota,27,2019,2019,25-29 years,25-29,7600,2019
,Minnesota,27,2019,2019,30-34 years,30-34,6502,2019
,Minnesota,27,2019,2019,35-39 years,35-39,2015,2019
,Minnesota,27,2019,2019,40-44 years,40-44,346,2019
,Minnesota,27,2019,2019,45-49 years,45-49,28,2019
,Mississippi,28,2019,2019,Under 15 years,15-,42,2019
,Mississippi,28,2019,2019,15 - 17 years,15-17,686,2019
,Mississippi,28,2019,2019,18 - 19 years,18-19,1707,2019
,Mississippi,28,2019,2019,20-24 years,20-24,5170,2019
,Mississippi,28,2019,2019,25-29 years,25-29,3448,2019
,Mississippi,28,2019,2019,30-34 years,30-34,1495,2019
,Mississippi,28,2019,2019,35-39 years,35-39,484,2019
,Mississippi,28,2019,2019,40-44 years,40-44,83,2019
,Missouri,29,2019,2019,Under 15 years,15-,41,2019
,Missouri,29,2019,2019,15 - 17 years,15-17,790,2019
,Missouri,29,2019,2019,18 - 19 years,18-19,2427,2019
,Missouri,29,2019,2019,20-24 years,20-24,8012,2019
,Missouri,29,2019,2019,25-29 years,25-29,7961,2019
,Missouri,29,2019,2019,30-34 years,30-34,4857,2019
,Missouri,29,2019,2019,35-39 years,35-39,1557,2019
,Missouri,29,2019,2019,40-44 years,40-44,255,2019
,Missouri,29,2019,2019,45-49 years,45-49,17,2019
,Montana,30,2019,2019,15 - 17 years,15-17,106,2019
,Montana,30,2019,2019,18 - 19 years,18-19,318,2019
,Montana,30,2019,2019,20-24 years,20-24,1176,2019
,Montana,30,2019,2019,25-29 years,25-29,1222,2019
,Montana,30,2019,2019,30-34 years,30-34,817,2019
,Montana,30,2019,2019,35-39 years,35-39,312,2019
,Montana,30,2019,2019,40-44 years,40-44,54,2019
,Nebraska,31,2019,2019,Under 15 years,15-,18,2019
,Nebraska,31,2019,2019,15 - 17 years,15-17,246,2019
,Nebraska,31,2019,2019,18 - 19 years,18-19,570,2019
,Nebraska,31,2019,2019,20-24 years,20-24,2414,2019
,Nebraska,31,2019,2019,25-29 years,25-29,3035,2019
,Nebraska,31,2019,2019,30-34 years,30-34,1735,2019
,Nebraska,31,2019,2019,35-39 years,35-39,484,2019
,Nebraska,31,2019,2019,40-44 years,40-44,81,2019
,Nevada,32,2019,2019,Under 15 years,15-,13,2019
,Nevada,32,2019,2019,15 - 17 years,15-17,364,2019
,Nevada,32,2019,2019,18 - 19 years,18-19,1022,2019
,Nevada,32,2019,2019,20-24 years,20-24,3755,2019
,Nevada,32,2019,2019,25-29 years,25-29,3748,2019
,Nevada,32,2019,2019,30-34 years,30-34,2618,2019
,Nevada,32,2019,2019,35-39 years,35-39,1066,2019
,Nevada,32,2019,2019,40-44 years,40-44,203,2019
,Nevada,32,2019,2019,45-49 years,45-49,18,2019
,New Hampshire,33,2019,2019,15 - 17 years,15-17,40,2019
,New Hampshire,33,2019,2019,18 - 19 years,18-19,200,2019
,New Hampshire,33,2019,2019,20-24 years,20-24,937,2019
,New Hampshire,33,2019,2019,25-29 years,25-29,1642,2019
,New Hampshire,33,2019,2019,30-34 years,30-34,1526,2019
,New Hampshire,33,2019,2019,35-39 years,35-39,431,2019
,New Hampshire,33,2019,2019,40-44 years,40-44,82,2019
,New Jersey,34,2019,2019,Under 15 years,15-,28,2019
,New Jersey,34,2019,2019,15 - 17 years,15-17,636,2019
,New Jersey,34,2019,2019,18 - 19 years,18-19,1659,2019
,New Jersey,34,2019,2019,20-24 years,20-24,7067,2019
,New Jersey,34,2019,2019,25-29 years,25-29,10520,2019
,New Jersey,34,2019,2019,30-34 years,30-34,12910,2019
,New Jersey,34,2019,2019,35-39 years,35-39,4895,2019
,New Jersey,34,2019,2019,40-44 years,40-44,1032,2019
,New Jersey,34,2019,2019,45-49 years,45-49,119,2019
,New Jersey,34,2019,2019,50 years and over,50+,11,2019
,New Mexico,35,2019,2019,Under 15 years,15-,20,2019
,New Mexico,35,2019,2019,15 - 17 years,15-17,414,2019
,New Mexico,35,2019,2019,18 - 19 years,18-19,999,2019
,New Mexico,35,2019,2019,20-24 years,20-24,2791,2019
,New Mexico,35,2019,2019,25-29 years,25-29,2093,2019
,New Mexico,35,2019,2019,30-34 years,30-34,1269,2019
,New Mexico,35,2019,2019,35-39 years,35-39,507,2019
,New Mexico,35,2019,2019,40-44 years,40-44,66,2019
,New York,36,2019,2019,Under 15 years,15-,58,2019
,New York,36,2019,2019,15 - 17 years,15-17,1470,2019
,New York,36,2019,2019,18 - 19 years,18-19,4198,2019
,New York,36,2019,2019,20-24 years,20-24,18851,2019
,New York,36,2019,2019,25-29 years,25-29,23235,2019
,New York,36,2019,2019,30-34 years,30-34,25475,2019
,New York,36,2019,2019,35-39 years,35-39,11429,2019
,New York,36,2019,2019,40-44 years,40-44,2604,2019
,New York,36,2019,2019,45-49 years,45-49,290,2019
,New York,36,2019,2019,50 years and over,50+,49,2019
,North Carolina,37,2019,2019,Under 15 years,15-,84,2019
,North Carolina,37,2019,2019,15 - 17 years,15-17,1394,2019
,North Carolina,37,2019,2019,18 - 19 years,18-19,3830,2019
,North Carolina,37,2019,2019,20-24 years,20-24,13731,2019
,North Carolina,37,2019,2019,25-29 years,25-29,13132,2019
,North Carolina,37,2019,2019,30-34 years,30-34,9674,2019
,North Carolina,37,2019,2019,35-39 years,35-39,3454,2019
,North Carolina,37,2019,2019,40-44 years,40-44,634,2019
,North Carolina,37,2019,2019,45-49 years,45-49,37,2019
,North Dakota,38,2019,2019,15 - 17 years,15-17,62,2019
,North Dakota,38,2019,2019,18 - 19 years,18-19,233,2019
,North Dakota,38,2019,2019,20-24 years,20-24,1001,2019
,North Dakota,38,2019,2019,25-29 years,25-29,1329,2019
,North Dakota,38,2019,2019,30-34 years,30-34,667,2019
,North Dakota,38,2019,2019,35-39 years,35-39,195,2019
,North Dakota,38,2019,2019,40-44 years,40-44,27,2019
,Ohio,39,2019,2019,Under 15 years,15-,80,2019
,Ohio,39,2019,2019,15 - 17 years,15-17,1378,2019
,Ohio,39,2019,2019,18 - 19 years,18-19,4361,2019
,Ohio,39,2019,2019,20-24 years,20-24,14425,2019
,Ohio,39,2019,2019,25-29 years,25-29,14667,2019
,Ohio,39,2019,2019,30-34 years,30-34,9997,2019
,Ohio,39,2019,2019,35-39 years,35-39,3116,2019
,Ohio,39,2019,2019,40-44 years,40-44,551,2019
,Ohio,39,2019,2019,45-49 years,45-49,39,2019
,Oklahoma,40,2019,2019,Under 15 years,15-,28,2019
,Oklahoma,40,2019,2019,15 - 17 years,15-17,788,2019
,Oklahoma,40,2019,2019,18 - 19 years,18-19,2106,2019
,Oklahoma,40,2019,2019,20-24 years,20-24,6341,2019
,Oklahoma,40,2019,2019,25-29 years,25-29,4588,2019
,Oklahoma,40,2019,2019,30-34 years,30-34,2460,2019
,Oklahoma,40,2019,2019,35-39 years,35-39,826,2019
,Oklahoma,40,2019,2019,40-44 years,40-44,140,2019
,Oregon,41,2019,2019,15 - 17 years,15-17,277,2019
,Oregon,41,2019,2019,18 - 19 years,18-19,954,2019
,Oregon,41,2019,2019,20-24 years,20-24,4012,2019
,Oregon,41,2019,2019,25-29 years,25-29,4613,2019
,Oregon,41,2019,2019,30-34 years,30-34,4198,2019
,Oregon,41,2019,2019,35-39 years,35-39,1765,2019
,Oregon,41,2019,2019,40-44 years,40-44,304,2019
,Oregon,41,2019,2019,45-49 years,45-49,21,2019
,Pennsylvania,42,2019,2019,Under 15 years,15-,61,2019
,Pennsylvania,42,2019,2019,15 - 17 years,15-17,1253,2019
,Pennsylvania,42,2019,2019,18 - 19 years,18-19,3247,2019
,Pennsylvania,42,2019,2019,20-24 years,20-24,12367,2019
,Pennsylvania,42,2019,2019,25-29 years,25-29,15381,2019
,Pennsylvania,42,2019,2019,30-34 years,30-34,13463,2019
,Pennsylvania,42,2019,2019,35-39 years,35-39,4534,2019
,Pennsylvania,42,2019,2019,40-44 years,40-44,725,2019
,Pennsylvania,42,2019,2019,45-49 years,45-49,60,2019
,Rhode Island,44,2019,2019,15 - 17 years,15-17,78,2019
,Rhode Island,44,2019,2019,18 - 19 years,18-19,228,2019
,Rhode Island,44,2019,2019,20-24 years,20-24,866,2019
,Rhode Island,44,2019,2019,25-29 years,25-29,1210,2019
,Rhode Island,44,2019,2019,30-34 years,30-34,1107,2019
,Rhode Island,44,2019,2019,35-39 years,35-39,444,2019
,Rhode Island,44,2019,2019,40-44 years,40-44,69,2019
,South Carolina,45,2019,2019,Under 15 years,15-,36,2019
,South Carolina,45,2019,2019,15 - 17 years,15-17,745,2019
,South Carolina,45,2019,2019,18 - 19 years,18-19,2172,2019
,South Carolina,45,2019,2019,20-24 years,20-24,6636,2019
,South Carolina,45,2019,2019,25-29 years,25-29,6225,2019
,South Carolina,45,2019,2019,30-34 years,30-34,3992,2019
,South Carolina,45,2019,2019,35-39 years,35-39,1372,2019
,South Carolina,45,2019,2019,40-44 years,40-44,260,2019
,South Carolina,45,2019,2019,45-49 years,45-49,16,2019
,South Dakota,46,2019,2019,15 - 17 years,15-17,135,2019
,South Dakota,46,2019,2019,18 - 19 years,18-19,312,2019
,South Dakota,46,2019,2019,20-24 years,20-24,1144,2019
,South Dakota,46,2019,2019,25-29 years,25-29,1255,2019
,South Dakota,46,2019,2019,30-34 years,30-34,623,2019
,South Dakota,46,2019,2019,35-39 years,35-39,185,2019
,South Dakota,46,2019,2019,40-44 years,40-44,22,2019
,Tennessee,47,2019,2019,Under 15 years,15-,58,2019
,Tennessee,47,2019,2019,15 - 17 years,15-17,1022,2019
,Tennessee,47,2019,2019,18 - 19 years,18-19,3038,2019
,Tennessee,47,2019,2019,20-24 years,20-24,9882,2019
,Tennessee,47,2019,2019,25-29 years,25-29,8629,2019
,Tennessee,47,2019,2019,30-34 years,30-34,5400,2019
,Tennessee,47,2019,2019,35-39 years,35-39,1854,2019
,Tennessee,47,2019,2019,40-44 years,40-44,330,2019
,Tennessee,47,2019,2019,45-49 years,45-49,33,2019
,Texas,48,2019,2019,Under 15 years,15-,272,2019
,Texas,48,2019,2019,15 - 17 years,15-17,5988,2019
,Texas,48,2019,2019,18 - 19 years,18-19,13778,2019
,Texas,48,2019,2019,20-24 years,20-24,41058,2019
,Texas,48,2019,2019,25-29 years,25-29,37484,2019
,Texas,48,2019,2019,30-34 years,30-34,27098,2019
,Texas,48,2019,2019,35-39 years,35-39,10237,2019
,Texas,48,2019,2019,40-44 years,40-44,1898,2019
,Texas,48,2019,2019,45-49 years,45-49,156,2019
,Texas,48,2019,2019,50 years and over,50+,13,2019
,Utah,49,2019,2019,Under 15 years,15-,10,2019
,Utah,49,2019,2019,15 - 17 years,15-17,270,2019
,Utah,49,2019,2019,18 - 19 years,18-19,993,2019
,Utah,49,2019,2019,20-24 years,20-24,5780,2019
,Utah,49,2019,2019,25-29 years,25-29,5353,2019
,Utah,49,2019,2019,30-34 years,30-34,2231,2019
,Utah,49,2019,2019,35-39 years,35-39,790,2019
,Utah,49,2019,2019,40-44 years,40-44,154,2019
,Vermont,50,2019,2019,15 - 17 years,15-17,30,2019
,Vermont,50,2019,2019,18 - 19 years,18-19,98,2019
,Vermont,50,2019,2019,20-24 years,20-24,439,2019
,Vermont,50,2019,2019,25-29 years,25-29,614,2019
,Vermont,50,2019,2019,30-34 years,30-34,672,2019
,Vermont,50,2019,2019,35-39 years,35-39,247,2019
,Vermont,50,2019,2019,40-44 years,40-44,49,2019
,Virginia,51,2019,2019,Under 15 years,15-,29,2019
,Virginia,51,2019,2019,15 - 17 years,15-17,767,2019
,Virginia,51,2019,2019,18 - 19 years,18-19,2322,2019
,Virginia,51,2019,2019,20-24 years,20-24,9297,2019
,Virginia,51,2019,2019,25-29 years,25-29,11082,2019
,Virginia,51,2019,2019,30-34 years,30-34,9838,2019
,Virginia,51,2019,2019,35-39 years,35-39,3904,2019
,Virginia,51,2019,2019,40-44 years,40-44,735,2019
,Virginia,51,2019,2019,45-49 years,45-49,73,2019
,Virginia,51,2019,2019,50 years and over,50+,10,2019
,Washington,53,2019,2019,Under 15 years,15-,22,2019
,Washington,53,2019,2019,15 - 17 years,15-17,555,2019
,Washington,53,2019,2019,18 - 19 years,18-19,1806,2019
,Washington,53,2019,2019,20-24 years,20-24,7501,2019
,Washington,53,2019,2019,25-29 years,25-29,9415,2019
,Washington,53,2019,2019,30-34 years,30-34,8834,2019
,Washington,53,2019,2019,35-39 years,35-39,3687,2019
,Washington,53,2019,2019,40-44 years,40-44,654,2019
,Washington,53,2019,2019,45-49 years,45-49,57,2019
,West Virginia,54,2019,2019,15 - 17 years,15-17,257,2019
,West Virginia,54,2019,2019,18 - 19 years,18-19,825,2019
,West Virginia,54,2019,2019,20-24 years,20-24,2533,2019
,West Virginia,54,2019,2019,25-29 years,25-29,1833,2019
,West Virginia,54,2019,2019,30-34 years,30-34,930,2019
,West Virginia,54,2019,2019,35-39 years,35-39,325,2019
,West Virginia,54,2019,2019,40-44 years,40-44,59,2019
,Wisconsin,55,2019,2019,Under 15 years,15-,21,2019
,Wisconsin,55,2019,2019,15 - 17 years,15-17,443,2019
,Wisconsin,55,2019,2019,18 - 19 years,18-19,1494,2019
,Wisconsin,55,2019,2019,20-24 years,20-24,5397,2019
,Wisconsin,55,2019,2019,25-29 years,25-29,7513,2019
,Wisconsin,55,2019,2019,30-34 years,30-34,5409,2019
,Wisconsin,55,2019,2019,35-39 years,35-39,1617,2019
,Wisconsin,55,2019,2019,40-44 years,40-44,209,2019
,Wisconsin,55,2019,2019,45-49 years,45-49,14,2019
,Wyoming,56,2019,2019,15 - 17 years,15-17,69,2019
,Wyoming,56,2019,2019,18 - 19 years,18-19,205,2019
,Wyoming,56,2019,2019,20-24 years,20-24,832,2019
,Wyoming,56,2019,2019,25-29 years,25-29,658,2019
,Wyoming,56,2019,2019,30-34 years,30-34,417,2019
,Wyoming,56,2019,2019,35-39 years,35-39,174,2019
,Wyoming,56,2019,2019,40-44 years,40-44,28,2019
---,,,,,,,,2019
"Dataset: Natality, 2007-2024",,,,,,,,2019
Query Parameters:,,,,,,,,2019
Live Birth Order: 1st child born alive to mother,,,,,,,,2019
Year: 2019,,,,,,,,2019
Group By: State; Year; Age of Mother 10,,,,,,,,2019
Show Totals: Disabled,,,,,,,,2019
Show Zero Values: False,,,,,,,,2019
Show Suppressed: False,,,,,,,,2019
"Calculate Rates Per: 1,000",,,,,,,,2019
Population Option: No populations shown because rates were not selected.,,,,,,,,2019
---,,,,,,,,2019
Help: See http://wonder.cdc.gov/wonder/help/natality.html for more information.,,,,,,,,2019
---,,,,,,,,2019
"Query Date: Mar 28, 2026 5:18:24 AM",,,,,,,,2019
---,,,,,,,,2019
"Suggested Citation: Centers for Disease Control and Prevention, National Center for Health Statistics. National Vital Statistics",,,,,,,,2019
"System, Natality on CDC WONDER Online Database. Data are from the Natality Records 2007-2024, as compiled from data provided by",,,,,,,,2019
the 57 vital statistics jurisdictions through the Vital Statistics Cooperative Program. Accessed at,,,,,,,,2019
"http://wonder.cdc.gov/natality-current.html on Mar 28, 2026 5:18:24 AM",,,,,,,,2019
---,,,,,,,,2019
Messages:,,,,,,,,2019
1. Totals are not available for these results due to suppression constraints. More Information:,,,,,,,,2019
http://wonder.cdc.gov/wonder/help/faq.html#Privacy.,,,,,,,,2019
2. Rows with zero Births are hidden. Use Quick Options above to show zero rows.,,,,,,,,2019
3. Rows with suppressed Births are hidden. Use Quick Options above to show suppressed rows.,,,,,,,,2019
---,,,,,,,,2019
Caveats:,,,,,,,,2019
1. 'Suppressed' appears when the data do not meet the criteria for confidentiality constraints. More information:,,,,,,,,2019
http://wonder.cdc.gov/wonder/help/natality.html#Assurance of Confidentiality.,,,,,,,,2019
2. Each birth record represents one liveborn infant.,,,,,,,,2019
,Alabama,01,2020,2020,Under 15 years,15-,48,2020
,Alabama,01,2020,2020,15 - 17 years,15-17,848,2020
,Alabama,01,2020,2020,18 - 19 years,18-19,2289,2020
,Alabama,01,2020,2020,20-24 years,20-24,7617,2020
,Alabama,01,2020,2020,25-29 years,25-29,6201,2020
,Alabama,01,2020,2020,30-34 years,30-34,3232,2020
,Alabama,01,2020,2020,35-39 years,35-39,1078,2020
,Alabama,01,2020,2020,40-44 years,40-44,183,2020
,Alaska,02,2020,2020,15 - 17 years,15-17,57,2020
,Alaska,02,2020,2020,18 - 19 years,18-19,272,2020
,Alaska,02,2020,2020,20-24 years,20-24,1026,2020
,Alaska,02,2020,2020,25-29 years,25-29,971,2020
,Alaska,02,2020,2020,30-34 years,30-34,643,2020
,Alaska,02,2020,2020,35-39 years,35-39,247,2020
,Alaska,02,2020,2020,40-44 years,40-44,42,2020
,Arizona,04,2020,2020,Under 15 years,15-,28,2020
,Arizona,04,2020,2020,15 - 17 years,15-17,942,2020
,Arizona,04,2020,2020,18 - 19 years,18-19,2444,2020
,Arizona,04,2020,2020,20-24 years,20-24,8683,2020
,Arizona,04,2020,2020,25-29 years,25-29,8143,2020
,Arizona,04,2020,2020,30-34 years,30-34,5556,2020
,Arizona,04,2020,2020,35-39 years,35-39,2049,2020
,Arizona,04,2020,2020,40-44 years,40-44,385,2020
,Arizona,04,2020,2020,45-49 years,45-49,19,2020
,Arkansas,05,2020,2020,Under 15 years,15-,43,2020
,Arkansas,05,2020,2020,15 - 17 years,15-17,570,2020
,Arkansas,05,2020,2020,18 - 19 years,18-19,1649,2020
,Arkansas,05,2020,2020,20-24 years,20-24,4794,2020
,Arkansas,05,2020,2020,25-29 years,25-29,3400,2020
,Arkansas,05,2020,2020,30-34 years,30-34,1706,2020
,Arkansas,05,2020,2020,35-39 years,35-39,535,2020
,Arkansas,05,2020,2020,40-44 years,40-44,95,2020
,California,06,2020,2020,Under 15 years,15-,116,2020
,California,06,2020,2020,15 - 17 years,15-17,3181,2020
,California,06,2020,2020,18 - 19 years,18-19,8586,2020
,California,06,2020,2020,20-24 years,20-24,35238,2020
,California,06,2020,2020,25-29 years,25-29,43266,2020
,California,06,2020,2020,30-34 years,30-34,47750,2020
,California,06,2020,2020,35-39 years,35-39,22615,2020
,California,06,2020,2020,40-44 years,40-44,4529,2020
,California,06,2020,2020,45-49 years,45-49,446,2020
,California,06,2020,2020,50 years and over,50+,54,2020
,Colorado,08,2020,2020,Under 15 years,15-,16,2020
,Colorado,08,2020,2020,15 - 17 years,15-17,534,2020
,Colorado,08,2020,2020,18 - 19 years,18-19,1429,2020
,Colorado,08,2020,2020,20-24 years,20-24,5686,2020
,Colorado,08,2020,2020,25-29 years,25-29,6952,2020
,Colorado,08,2020,2020,30-34 years,30-34,7332,2020
,Colorado,08,2020,2020,35-39 years,35-39,3012,2020
,Colorado,08,2020,2020,40-44 years,40-44,543,2020
,Colorado,08,2020,2020,45-49 years,45-49,34,2020
,Connecticut,09,2020,2020,Under 15 years,15-,15,2020
,Connecticut,09,2020,2020,15 - 17 years,15-17,200,2020
,Connecticut,09,2020,2020,18 - 19 years,18-19,585,2020
,Connecticut,09,2020,2020,20-24 years,20-24,2461,2020
,Connecticut,09,2020,2020,25-29 years,25-29,3732,2020
,Connecticut,09,2020,2020,30-34 years,30-34,4479,2020
,Connecticut,09,2020,2020,35-39 years,35-39,1681,2020
,Connecticut,09,2020,2020,40-44 years,40-44,297,2020
,Connecticut,09,2020,2020,45-49 years,45-49,33,2020
,Delaware,10,2020,2020,15 - 17 years,15-17,102,2020
,Delaware,10,2020,2020,18 - 19 years,18-19,281,2020
,Delaware,10,2020,2020,20-24 years,20-24,1066,2020
,Delaware,10,2020,2020,25-29 years,25-29,1185,2020
,Delaware,10,2020,2020,30-34 years,30-34,970,2020
,Delaware,10,2020,2020,35-39 years,35-39,374,2020
,Delaware,10,2020,2020,40-44 years,40-44,61,2020
,District of Columbia,11,2020,2020,15 - 17 years,15-17,79,2020
,District of Columbia,11,2020,2020,18 - 19 years,18-19,175,2020
,District of Columbia,11,2020,2020,20-24 years,20-24,585,2020
,District of Columbia,11,2020,2020,25-29 years,25-29,626,2020
,District of Columbia,11,2020,2020,30-34 years,30-34,1354,2020
,District of Columbia,11,2020,2020,35-39 years,35-39,902,2020
,District of Columbia,11,2020,2020,40-44 years,40-44,189,2020
,District of Columbia,11,2020,2020,45-49 years,45-49,22,2020
,Florida,12,2020,2020,Under 15 years,15-,86,2020
,Florida,12,2020,2020,15 - 17 years,15-17,1931,2020
,Florida,12,2020,2020,18 - 19 years,18-19,5723,2020
,Florida,12,2020,2020,20-24 years,20-24,21419,2020
,Florida,12,2020,2020,25-29 years,25-29,23715,2020
,Florida,12,2020,2020,30-34 years,30-34,20349,2020
,Florida,12,2020,2020,35-39 years,35-39,8283,2020
,Florida,12,2020,2020,40-44 years,40-44,1687,2020
,Florida,12,2020,2020,45-49 years,45-49,145,2020
,Florida,12,2020,2020,50 years and over,50+,18,2020
,Georgia,13,2020,2020,Under 15 years,15-,94,2020
,Georgia,13,2020,2020,15 - 17 years,15-17,1535,2020
,Georgia,13,2020,2020,18 - 19 years,18-19,4018,2020
,Georgia,13,2020,2020,20-24 years,20-24,14294,2020
,Georgia,13,2020,2020,25-29 years,25-29,13216,2020
,Georgia,13,2020,2020,30-34 years,30-34,9750,2020
,Georgia,13,2020,2020,35-39 years,35-39,3742,2020
,Georgia,13,2020,2020,40-44 years,40-44,787,2020
,Georgia,13,2020,2020,45-49 years,45-49,64,2020
,Georgia,13,2020,2020,50 years and over,50+,12,2020
,Hawaii,15,2020,2020,15 - 17 years,15-17,97,2020
,Hawaii,15,2020,2020,18 - 19 years,18-19,326,2020
,Hawaii,15,2020,2020,20-24 years,20-24,1685,2020
,Hawaii,15,2020,2020,25-29 years,25-29,1679,2020
,Hawaii,15,2020,2020,30-34 years,30-34,1529,2020
,Hawaii,15,2020,2020,35-39 years,35-39,772,2020
,Hawaii,15,2020,2020,40-44 years,40-44,170,2020
,Idaho,16,2020,2020,15 - 17 years,15-17,186,2020
,Idaho,16,2020,2020,18 - 19 years,18-19,588,2020
,Idaho,16,2020,2020,20-24 years,20-24,2870,2020
,Idaho,16,2020,2020,25-29 years,25-29,2267,2020
,Idaho,16,2020,2020,30-34 years,30-34,1197,2020
,Idaho,16,2020,2020,35-39 years,35-39,440,2020
,Idaho,16,2020,2020,40-44 years,40-44,90,2020
,Illinois,17,2020,2020,Under 15 years,15-,46,2020
,Illinois,17,2020,2020,15 - 17 years,15-17,1223,2020
,Illinois,17,2020,2020,18 - 19 years,18-19,3335,2020
,Illinois,17,2020,2020,20-24 years,20-24,11577,2020
,Illinois,17,2020,2020,25-29 years,25-29,14027,2020
,Illinois,17,2020,2020,30-34 years,30-34,13826,2020
,Illinois,17,2020,2020,35-39 years,35-39,5288,2020
,Illinois,17,2020,2020,40-44 years,40-44,1043,2020
,Illinois,17,2020,2020,45-49 years,45-49,102,2020
,Illinois,17,2020,2020,50 years and over,50+,11,2020
,Indiana,18,2020,2020,Under 15 years,15-,38,2020
,Indiana,18,2020,2020,15 - 17 years,15-17,848,2020
,Indiana,18,2020,2020,18 - 19 years,18-19,2620,2020
,Indiana,18,2020,2020,20-24 years,20-24,9185,2020
,Indiana,18,2020,2020,25-29 years,25-29,8632,2020
,Indiana,18,2020,2020,30-34 years,30-34,4968,2020
,Indiana,18,2020,2020,35-39 years,35-39,1488,2020
,Indiana,18,2020,2020,40-44 years,40-44,218,2020
,Indiana,18,2020,2020,45-49 years,45-49,13,2020
,Iowa,19,2020,2020,Under 15 years,15-,14,2020
,Iowa,19,2020,2020,15 - 17 years,15-17,294,2020
,Iowa,19,2020,2020,18 - 19 years,18-19,869,2020
,Iowa,19,2020,2020,20-24 years,20-24,3620,2020
,Iowa,19,2020,2020,25-29 years,25-29,4506,2020
,Iowa,19,2020,2020,30-34 years,30-34,2368,2020
,Iowa,19,2020,2020,35-39 years,35-39,690,2020
,Iowa,19,2020,2020,40-44 years,40-44,93,2020
,Kansas,20,2020,2020,Under 15 years,15-,15,2020
,Kansas,20,2020,2020,15 - 17 years,15-17,363,2020
,Kansas,20,2020,2020,18 - 19 years,18-19,1106,2020
,Kansas,20,2020,2020,20-24 years,20-24,3914,2020
,Kansas,20,2020,2020,25-29 years,25-29,3668,2020
,Kansas,20,2020,2020,30-34 years,30-34,2298,2020
,Kansas,20,2020,2020,35-39 years,35-39,673,2020
,Kansas,20,2020,2020,40-44 years,40-44,101,2020
,Kansas,20,2020,2020,45-49 years,45-49,10,2020
,Kentucky,21,2020,2020,Under 15 years,15-,29,2020
,Kentucky,21,2020,2020,15 - 17 years,15-17,677,2020
,Kentucky,21,2020,2020,18 - 19 years,18-19,2125,2020
,Kentucky,21,2020,2020,20-24 years,20-24,6854,2020
,Kentucky,21,2020,2020,25-29 years,25-29,5473,2020
,Kentucky,21,2020,2020,30-34 years,30-34,3090,2020
,Kentucky,21,2020,2020,35-39 years,35-39,1040,2020
,Kentucky,21,2020,2020,40-44 years,40-44,185,2020
,Louisiana,22,2020,2020,Under 15 years,15-,61,2020
,Louisiana,22,2020,2020,15 - 17 years,15-17,869,2020
,Louisiana,22,2020,2020,18 - 19 years,18-19,2238,2020
,Louisiana,22,2020,2020,20-24 years,20-24,7095,2020
,Louisiana,22,2020,2020,25-29 years,25-29,5563,2020
,Louisiana,22,2020,2020,30-34 years,30-34,3137,2020
,Louisiana,22,2020,2020,35-39 years,35-39,1232,2020
,Louisiana,22,2020,2020,40-44 years,40-44,196,2020
,Louisiana,22,2020,2020,45-49 years,45-49,13,2020
,Maine,23,2020,2020,15 - 17 years,15-17,78,2020
,Maine,23,2020,2020,18 - 19 years,18-19,266,2020
,Maine,23,2020,2020,20-24 years,20-24,1060,2020
,Maine,23,2020,2020,25-29 years,25-29,1412,2020
,Maine,23,2020,2020,30-34 years,30-34,1308,2020
,Maine,23,2020,2020,35-39 years,35-39,459,2020
,Maine,23,2020,2020,40-44 years,40-44,65,2020
,Maryland,24,2020,2020,Under 15 years,15-,36,2020
,Maryland,24,2020,2020,15 - 17 years,15-17,622,2020
,Maryland,24,2020,2020,18 - 19 years,18-19,1480,2020
,Maryland,24,2020,2020,20-24 years,20-24,5438,2020
,Maryland,24,2020,2020,25-29 years,25-29,7211,2020
,Maryland,24,2020,2020,30-34 years,30-34,7499,2020
,Maryland,24,2020,2020,35-39 years,35-39,3041,2020
,Maryland,24,2020,2020,40-44 years,40-44,633,2020
,Maryland,24,2020,2020,45-49 years,45-49,66,2020
,Maryland,24,2020,2020,50 years and over,50+,14,2020
,Massachusetts,25,2020,2020,Under 15 years,15-,17,2020
,Massachusetts,25,2020,2020,15 - 17 years,15-17,306,2020
,Massachusetts,25,2020,2020,18 - 19 years,18-19,896,2020
,Massachusetts,25,2020,2020,20-24 years,20-24,4160,2020
,Massachusetts,25,2020,2020,25-29 years,25-29,7114,2020
,Massachusetts,25,2020,2020,30-34 years,30-34,11064,2020
,Massachusetts,25,2020,2020,35-39 years,35-39,4406,2020
,Massachusetts,25,2020,2020,40-44 years,40-44,833,2020
,Massachusetts,25,2020,2020,45-49 years,45-49,60,2020
,Massachusetts,25,2020,2020,50 years and over,50+,14,2020
,Michigan,26,2020,2020,Under 15 years,15-,42,2020
,Michigan,26,2020,2020,15 - 17 years,15-17,934,2020
,Michigan,26,2020,2020,18 - 19 years,18-19,2657,2020
,Michigan,26,2020,2020,20-24 years,20-24,10252,2020
,Michigan,26,2020,2020,25-29 years,25-29,12449,2020
,Michigan,26,2020,2020,30-34 years,30-34,9219,2020
,Michigan,26,2020,2020,35-39 years,35-39,2856,2020
,Michigan,26,2020,2020,40-44 years,40-44,515,2020
,Michigan,26,2020,2020,45-49 years,45-49,42,2020
,Minnesota,27,2020,2020,Under 15 years,15-,20,2020
,Minnesota,27,2020,2020,15 - 17 years,15-17,356,2020
,Minnesota,27,2020,2020,18 - 19 years,18-19,1021,2020
,Minnesota,27,2020,2020,20-24 years,20-24,4490,2020
,Minnesota,27,2020,2020,25-29 years,25-29,7486,2020
,Minnesota,27,2020,2020,30-34 years,30-34,6394,2020
,Minnesota,27,2020,2020,35-39 years,35-39,2010,2020
,Minnesota,27,2020,2020,40-44 years,40-44,335,2020
,Minnesota,27,2020,2020,45-49 years,45-49,17,2020
,Mississippi,28,2020,2020,Under 15 years,15-,45,2020
,Mississippi,28,2020,2020,15 - 17 years,15-17,660,2020
,Mississippi,28,2020,2020,18 - 19 years,18-19,1626,2020
,Mississippi,28,2020,2020,20-24 years,20-24,5204,2020
,Mississippi,28,2020,2020,25-29 years,25-29,3471,2020
,Mississippi,28,2020,2020,30-34 years,30-34,1401,2020
,Mississippi,28,2020,2020,35-39 years,35-39,496,2020
,Mississippi,28,2020,2020,40-44 years,40-44,100,2020
,Missouri,29,2020,2020,Under 15 years,15-,35,2020
,Missouri,29,2020,2020,15 - 17 years,15-17,799,2020
,Missouri,29,2020,2020,18 - 19 years,18-19,2182,2020
,Missouri,29,2020,2020,20-24 years,20-24,7797,2020
,Missouri,29,2020,2020,25-29 years,25-29,7513,2020
,Missouri,29,2020,2020,30-34 years,30-34,4881,2020
,Missouri,29,2020,2020,35-39 years,35-39,1551,2020
,Missouri,29,2020,2020,40-44 years,40-44,263,2020
,Missouri,29,2020,2020,45-49 years,45-49,16,2020
,Montana,30,2020,2020,15 - 17 years,15-17,85,2020
,Montana,30,2020,2020,18 - 19 years,18-19,279,2020
,Montana,30,2020,2020,20-24 years,20-24,1136,2020
,Montana,30,2020,2020,25-29 years,25-29,1181,2020
,Montana,30,2020,2020,30-34 years,30-34,887,2020
,Montana,30,2020,2020,35-39 years,35-39,344,2020
,Montana,30,2020,2020,40-44 years,40-44,52,2020
,Nebraska,31,2020,2020,Under 15 years,15-,12,2020
,Nebraska,31,2020,2020,15 - 17 years,15-17,238,2020
,Nebraska,31,2020,2020,18 - 19 years,18-19,606,2020
,Nebraska,31,2020,2020,20-24 years,20-24,2294,2020
,Nebraska,31,2020,2020,25-29 years,25-29,2927,2020
,Nebraska,31,2020,2020,30-34 years,30-34,1703,2020
,Nebraska,31,2020,2020,35-39 years,35-39,499,2020
,Nebraska,31,2020,2020,40-44 years,40-44,81,2020
,Nevada,32,2020,2020,15 - 17 years,15-17,338,2020
,Nevada,32,2020,2020,18 - 19 years,18-19,965,2020
,Nevada,32,2020,2020,20-24 years,20-24,3579,2020
,Nevada,32,2020,2020,25-29 years,25-29,3625,2020
,Nevada,32,2020,2020,30-34 years,30-34,2739,2020
,Nevada,32,2020,2020,35-39 years,35-39,1123,2020
,Nevada,32,2020,2020,40-44 years,40-44,199,2020
,Nevada,32,2020,2020,45-49 years,45-49,24,2020
,New Hampshire,33,2020,2020,15 - 17 years,15-17,46,2020
,New Hampshire,33,2020,2020,18 - 19 years,18-19,202,2020
,New Hampshire,33,2020,2020,20-24 years,20-24,939,2020
,New Hampshire,33,2020,2020,25-29 years,25-29,1569,2020
,New Hampshire,33,2020,2020,30-34 years,30-34,1578,2020
,New Hampshire,33,2020,2020,35-39 years,35-39,558,2020
,New Hampshire,33,2020,2020,40-44 years,40-44,81,2020
,New Jersey,34,2020,2020,Under 15 years,15-,31,2020
,New Jersey,34,2020,2020,15 - 17 years,15-17,561,2020
,New Jersey,34,2020,2020,18 - 19 years,18-19,1569,2020
,New Jersey,34,2020,2020,20-24 years,20-24,6901,2020
,New Jersey,34,2020,2020,25-29 years,25-29,10156,2020
,New Jersey,34,2020,2020,30-34 years,30-34,13164,2020
,New Jersey,34,2020,2020,35-39 years,35-39,5071,2020
,New Jersey,34,2020,2020,40-44 years,40-44,1033,2020
,New Jersey,34,2020,2020,45-49 years,45-49,120,2020
,New Jersey,34,2020,2020,50 years and over,50+,11,2020
,New Mexico,35,2020,2020,Under 15 years,15-,11,2020
,New Mexico,35,2020,2020,15 - 17 years,15-17,362,2020
,New Mexico,35,2020,2020,18 - 19 years,18-19,907,2020
,New Mexico,35,2020,2020,20-24 years,20-24,2859,2020
,New Mexico,35,2020,2020,25-29 years,25-29,2091,2020
,New Mexico,35,2020,2020,30-34 years,30-34,1259,2020
,New Mexico,35,2020,2020,35-39 years,35-39,507,2020
,New Mexico,35,2020,2020,40-44 years,40-44,97,2020
,New York,36,2020,2020,Under 15 years,15-,76,2020
,New York,36,2020,2020,15 - 17 years,15-17,1262,2020
,New York,36,2020,2020,18 - 19 years,18-19,3667,2020
,New York,36,2020,2020,20-24 years,20-24,17567,2020
,New York,36,2020,2020,25-29 years,25-29,21320,2020
,New York,36,2020,2020,30-34 years,30-34,24787,2020
,New York,36,2020,2020,35-39 years,35-39,11019,2020
,New York,36,2020,2020,40-44 years,40-44,2352,2020
,New York,36,2020,2020,45-49 years,45-49,270,2020
,New York,36,2020,2020,50 years and over,50+,35,2020
,North Carolina,37,2020,2020,Under 15 years,15-,61,2020
,North Carolina,37,2020,2020,15 - 17 years,15-17,1266,2020
,North Carolina,37,2020,2020,18 - 19 years,18-19,3649,2020
,North Carolina,37,2020,2020,20-24 years,20-24,13301,2020
,North Carolina,37,2020,2020,25-29 years,25-29,13057,2020
,North Carolina,37,2020,2020,30-34 years,30-34,9790,2020
,North Carolina,37,2020,2020,35-39 years,35-39,3521,2020
,North Carolina,37,2020,2020,40-44 years,40-44,685,2020
,North Carolina,37,2020,2020,45-49 years,45-49,53,2020
,North Dakota,38,2020,2020,15 - 17 years,15-17,74,2020
,North Dakota,38,2020,2020,18 - 19 years,18-19,198,2020
,North Dakota,38,2020,2020,20-24 years,20-24,1015,2020
,North Dakota,38,2020,2020,25-29 years,25-29,1260,2020
,North Dakota,38,2020,2020,30-34 years,30-34,732,2020
,North Dakota,38,2020,2020,35-39 years,35-39,189,2020
,North Dakota,38,2020,2020,40-44 years,40-44,19,2020
,Ohio,39,2020,2020,Under 15 years,15-,87,2020
,Ohio,39,2020,2020,15 - 17 years,15-17,1368,2020
,Ohio,39,2020,2020,18 - 19 years,18-19,3993,2020
,Ohio,39,2020,2020,20-24 years,20-24,13650,2020
,Ohio,39,2020,2020,25-29 years,25-29,14238,2020
,Ohio,39,2020,2020,30-34 years,30-34,10132,2020
,Ohio,39,2020,2020,35-39 years,35-39,3150,2020
,Ohio,39,2020,2020,40-44 years,40-44,501,2020
,Ohio,39,2020,2020,45-49 years,45-49,43,2020
,Oklahoma,40,2020,2020,Under 15 years,15-,36,2020
,Oklahoma,40,2020,2020,15 - 17 years,15-17,725,2020
,Oklahoma,40,2020,2020,18 - 19 years,18-19,1976,2020
,Oklahoma,40,2020,2020,20-24 years,20-24,6194,2020
,Oklahoma,40,2020,2020,25-29 years,25-29,4756,2020
,Oklahoma,40,2020,2020,30-34 years,30-34,2539,2020
,Oklahoma,40,2020,2020,35-39 years,35-39,769,2020
,Oklahoma,40,2020,2020,40-44 years,40-44,132,2020
,Oregon,41,2020,2020,Under 15 years,15-,10,2020
,Oregon,41,2020,2020,15 - 17 years,15-17,242,2020
,Oregon,41,2020,2020,18 - 19 years,18-19,819,2020
,Oregon,41,2020,2020,20-24 years,20-24,3745,2020
,Oregon,41,2020,2020,25-29 years,25-29,4442,2020
,Oregon,41,2020,2020,30-34 years,30-34,4257,2020
,Oregon,41,2020,2020,35-39 years,35-39,1897,2020
,Oregon,41,2020,2020,40-44 years,40-44,330,2020
,Oregon,41,2020,2020,45-49 years,45-49,28,2020
,Pennsylvania,42,2020,2020,Under 15 years,15-,57,2020
,Pennsylvania,42,2020,2020,15 - 17 years,15-17,1191,2020
,Pennsylvania,42,2020,2020,18 - 19 years,18-19,3009,2020
,Pennsylvania,42,2020,2020,20-24 years,20-24,11860,2020
,Pennsylvania,42,2020,2020,25-29 years,25-29,14542,2020
,Pennsylvania,42,2020,2020,30-34 years,30-34,13608,2020
,Pennsylvania,42,2020,2020,35-39 years,35-39,4727,2020
,Pennsylvania,42,2020,2020,40-44 years,40-44,735,2020
,Pennsylvania,42,2020,2020,45-49 years,45-49,58,2020
,Rhode Island,44,2020,2020,15 - 17 years,15-17,69,2020
,Rhode Island,44,2020,2020,18 - 19 years,18-19,216,2020
,Rhode Island,44,2020,2020,20-24 years,20-24,852,2020
,Rhode Island,44,2020,2020,25-29 years,25-29,1158,2020
,Rhode Island,44,2020,2020,30-34 years,30-34,1270,2020
,Rhode Island,44,2020,2020,35-39 years,35-39,467,2020
,Rhode Island,44,2020,2020,40-44 years,40-44,80,2020
,South Carolina,45,2020,2020,Under 15 years,15-,36,2020
,South Carolina,45,2020,2020,15 - 17 years,15-17,703,2020
,South Carolina,45,2020,2020,18 - 19 years,18-19,1924,2020
,South Carolina,45,2020,2020,20-24 years,20-24,6495,2020
,South Carolina,45,2020,2020,25-29 years,25-29,6144,2020
,South Carolina,45,2020,2020,30-34 years,30-34,4116,2020
,South Carolina,45,2020,2020,35-39 years,35-39,1388,2020
,South Carolina,45,2020,2020,40-44 years,40-44,255,2020
,South Carolina,45,2020,2020,45-49 years,45-49,18,2020
,South Dakota,46,2020,2020,15 - 17 years,15-17,136,2020
,South Dakota,46,2020,2020,18 - 19 years,18-19,314,2020
,South Dakota,46,2020,2020,20-24 years,20-24,1036,2020
,South Dakota,46,2020,2020,25-29 years,25-29,1292,2020
,South Dakota,46,2020,2020,30-34 years,30-34,618,2020
,South Dakota,46,2020,2020,35-39 years,35-39,158,2020
,South Dakota,46,2020,2020,40-44 years,40-44,31,2020
,Tennessee,47,2020,2020,Under 15 years,15-,50,2020
,Tennessee,47,2020,2020,15 - 17 years,15-17,1043,2020
,Tennessee,47,2020,2020,18 - 19 years,18-19,3029,2020
,Tennessee,47,2020,2020,20-24 years,20-24,9469,2020
,Tennessee,47,2020,2020,25-29 years,25-29,8583,2020
,Tennessee,47,2020,2020,30-34 years,30-34,5462,2020
,Tennessee,47,2020,2020,35-39 years,35-39,1813,2020
,Tennessee,47,2020,2020,40-44 years,40-44,320,2020
,Tennessee,47,2020,2020,45-49 years,45-49,14,2020
,Texas,48,2020,2020,Under 15 years,15-,252,2020
,Texas,48,2020,2020,15 - 17 years,15-17,5532,2020
,Texas,48,2020,2020,18 - 19 years,18-19,13216,2020
,Texas,48,2020,2020,20-24 years,20-24,41013,2020
,Texas,48,2020,2020,25-29 years,25-29,37641,2020
,Texas,48,2020,2020,30-34 years,30-34,27723,2020
,Texas,48,2020,2020,35-39 years,35-39,10523,2020
,Texas,48,2020,2020,40-44 years,40-44,2039,2020
,Texas,48,2020,2020,45-49 years,45-49,147,2020
,Texas,48,2020,2020,50 years and over,50+,18,2020
,Utah,49,2020,2020,15 - 17 years,15-17,304,2020
,Utah,49,2020,2020,18 - 19 years,18-19,879,2020
,Utah,49,2020,2020,20-24 years,20-24,5529,2020
,Utah,49,2020,2020,25-29 years,25-29,5418,2020
,Utah,49,2020,2020,30-34 years,30-34,2313,2020
,Utah,49,2020,2020,35-39 years,35-39,854,2020
,Utah,49,2020,2020,40-44 years,40-44,150,2020
,Utah,49,2020,2020,45-49 years,45-49,10,2020
,Vermont,50,2020,2020,15 - 17 years,15-17,27,2020
,Vermont,50,2020,2020,18 - 19 years,18-19,102,2020
,Vermont,50,2020,2020,20-24 years,20-24,417,2020
,Vermont,50,2020,2020,25-29 years,25-29,560,2020
,Vermont,50,2020,2020,30-34 years,30-34,645,2020
,Vermont,50,2020,2020,35-39 years,35-39,302,2020
,Vermont,50,2020,2020,40-44 years,40-44,55,2020
,Virginia,51,2020,2020,Under 15 years,15-,31,2020
,Virginia,51,2020,2020,15 - 17 years,15-17,757,2020
,Virginia,51,2020,2020,18 - 19 years,18-19,2221,2020
,Virginia,51,2020,2020,20-24 years,20-24,9006,2020
,Virginia,51,2020,2020,25-29 years,25-29,10676,2020
,Virginia,51,2020,2020,30-34 years,30-34,9831,2020
,Virginia,51,2020,2020,35-39 years,35-39,3858,2020
,Virginia,51,2020,2020,40-44 years,40-44,774,2020
,Virginia,51,2020,2020,45-49 years,45-49,67,2020
,Virginia,51,2020,2020,50 years and over,50+,12,2020
,Washington,53,2020,2020,Under 15 years,15-,25,2020
,Washington,53,2020,2020,15 - 17 years,15-17,520,2020
,Washington,53,2020,2020,18 - 19 years,18-19,1586,2020
,Washington,53,2020,2020,20-24 years,20-24,7193,2020
,Washington,53,2020,2020,25-29 years,25-29,9210,2020
,Washington,53,2020,2020,30-34 years,30-34,9093,2020
,Washington,53,2020,2020,35-39 years,35-39,3713,2020
,Washington,53,2020,2020,40-44 years,40-44,640,2020
,Washington,53,2020,2020,45-49 years,45-49,60,2020
,West Virginia,54,2020,2020,Under 15 years,15-,14,2020
,West Virginia,54,2020,2020,15 - 17 years,15-17,257,2020
,West Virginia,54,2020,2020,18 - 19 years,18-19,695,2020
,West Virginia,54,2020,2020,20-24 years,20-24,2416,2020
,West Virginia,54,2020,2020,25-29 years,25-29,1806,2020
,West Virginia,54,2020,2020,30-34 years,30-34,970,2020
,West Virginia,54,2020,2020,35-39 years,35-39,310,2020
,West Virginia,54,2020,2020,40-44 years,40-44,57,2020
,Wisconsin,55,2020,2020,Under 15 years,15-,30,2020
,Wisconsin,55,2020,2020,15 - 17 years,15-17,426,2020
,Wisconsin,55,2020,2020,18 - 19 years,18-19,1361,2020
,Wisconsin,55,2020,2020,20-24 years,20-24,5155,2020
,Wisconsin,55,2020,2020,25-29 years,25-29,7304,2020
,Wisconsin,55,2020,2020,30-34 years,30-34,5423,2020
,Wisconsin,55,2020,2020,35-39 years,35-39,1648,2020
,Wisconsin,55,2020,2020,40-44 years,40-44,229,2020
,Wisconsin,55,2020,2020,45-49 years,45-49,14,2020
,Wyoming,56,2020,2020,15 - 17 years,15-17,54,2020
,Wyoming,56,2020,2020,18 - 19 years,18-19,232,2020
,Wyoming,56,2020,2020,20-24 years,20-24,784,2020
,Wyoming,56,2020,2020,25-29 years,25-29,648,2020
,Wyoming,56,2020,2020,30-34 years,30-34,354,2020
,Wyoming,56,2020,2020,35-39 years,35-39,131,2020
,Wyoming,56,2020,2020,40-44 years,40-44,27,2020
---,,,,,,,,2020
"Dataset: Natality, 2007-2024",,,,,,,,2020
Query Parameters:,,,,,,,,2020
Live Birth Order: 1st child born alive to mother,,,,,,,,2020
Year: 2020,,,,,,,,2020
Group By: State; Year; Age of Mother 10,,,,,,,,2020
Show Totals: Disabled,,,,,,,,2020
Show Zero Values: False,,,,,,,,2020
Show Suppressed: False,,,,,,,,2020
"Calculate Rates Per: 1,000",,,,,,,,2020
Population Option: No populations shown because rates were not selected.,,,,,,,,2020
---,,,,,,,,2020
Help: See http://wonder.cdc.gov/wonder/help/natality.html for more information.,,,,,,,,2020
---,,,,,,,,2020
"Query Date: Mar 28, 2026 5:18:33 AM",,,,,,,,2020
---,,,,,,,,2020
"Suggested Citation: Centers for Disease Control and Prevention, National Center for Health Statistics. National Vital Statistics",,,,,,,,2020
"System, Natality on CDC WONDER Online Database. Data are from the Natality Records 2007-2024, as compiled from data provided by",,,,,,,,2020
the 57 vital statistics jurisdictions through the Vital Statistics Cooperative Program. Accessed at,,,,,,,,2020
"http://wonder.cdc.gov/natality-current.html on Mar 28, 2026 5:18:33 AM",,,,,,,,2020
---,,,,,,,,2020
Messages:,,,,,,,,2020
1. Totals are not available for these results due to suppression constraints. More Information:,,,,,,,,2020
http://wonder.cdc.gov/wonder/help/faq.html#Privacy.,,,,,,,,2020
2. Rows with zero Births are hidden. Use Quick Options above to show zero rows.,,,,,,,,2020
3. Rows with suppressed Births are hidden. Use Quick Options above to show suppressed rows.,,,,,,,,2020
---,,,,,,,,2020
Caveats:,,,,,,,,2020
1. 'Suppressed' appears when the data do not meet the criteria for confidentiality constraints. More information:,,,,,,,,2020
http://wonder.cdc.gov/wonder/help/natality.html#Assurance of Confidentiality.,,,,,,,,2020
2. Each birth record represents one liveborn infant.,,,,,,,,2020
,Alabama,01,2021,2021,Under 15 years,15-,57,2021
,Alabama,01,2021,2021,15 - 17 years,15-17,874,2021
,Alabama,01,2021,2021,18 - 19 years,18-19,2204,2021
,Alabama,01,2021,2021,20-24 years,20-24,7573,2021
,Alabama,01,2021,2021,25-29 years,25-29,6559,2021
,Alabama,01,2021,2021,30-34 years,30-34,3317,2021
,Alabama,01,2021,2021,35-39 years,35-39,1089,2021
,Alabama,01,2021,2021,40-44 years,40-44,164,2021
,Alabama,01,2021,2021,45-49 years,45-49,12,2021
,Alaska,02,2021,2021,15 - 17 years,15-17,88,2021
,Alaska,02,2021,2021,18 - 19 years,18-19,232,2021
,Alaska,02,2021,2021,20-24 years,20-24,1037,2021
,Alaska,02,2021,2021,25-29 years,25-29,908,2021
,Alaska,02,2021,2021,30-34 years,30-34,678,2021
,Alaska,02,2021,2021,35-39 years,35-39,276,2021
,Alaska,02,2021,2021,40-44 years,40-44,45,2021
,Arizona,04,2021,2021,Under 15 years,15-,44,2021
,Arizona,04,2021,2021,15 - 17 years,15-17,819,2021
,Arizona,04,2021,2021,18 - 19 years,18-19,2205,2021
,Arizona,04,2021,2021,20-24 years,20-24,8719,2021
,Arizona,04,2021,2021,25-29 years,25-29,8414,2021
,Arizona,04,2021,2021,30-34 years,30-34,5897,2021
,Arizona,04,2021,2021,35-39 years,35-39,2185,2021
,Arizona,04,2021,2021,40-44 years,40-44,409,2021
,Arizona,04,2021,2021,45-49 years,45-49,34,2021
,Arkansas,05,2021,2021,Under 15 years,15-,32,2021
,Arkansas,05,2021,2021,15 - 17 years,15-17,570,2021
,Arkansas,05,2021,2021,18 - 19 years,18-19,1594,2021
,Arkansas,05,2021,2021,20-24 years,20-24,4997,2021
,Arkansas,05,2021,2021,25-29 years,25-29,3588,2021
,Arkansas,05,2021,2021,30-34 years,30-34,1890,2021
,Arkansas,05,2021,2021,35-39 years,35-39,566,2021
,Arkansas,05,2021,2021,40-44 years,40-44,95,2021
,California,06,2021,2021,Under 15 years,15-,129,2021
,California,06,2021,2021,15 - 17 years,15-17,2743,2021
,California,06,2021,2021,18 - 19 years,18-19,8006,2021
,California,06,2021,2021,20-24 years,20-24,34102,2021
,California,06,2021,2021,25-29 years,25-29,42859,2021
,California,06,2021,2021,30-34 years,30-34,49442,2021
,California,06,2021,2021,35-39 years,35-39,23505,2021
,California,06,2021,2021,40-44 years,40-44,4824,2021
,California,06,2021,2021,45-49 years,45-49,460,2021
,California,06,2021,2021,50 years and over,50+,77,2021
,Colorado,08,2021,2021,Under 15 years,15-,31,2021
,Colorado,08,2021,2021,15 - 17 years,15-17,507,2021
,Colorado,08,2021,2021,18 - 19 years,18-19,1317,2021
,Colorado,08,2021,2021,20-24 years,20-24,5616,2021
,Colorado,08,2021,2021,25-29 years,25-29,7000,2021
,Colorado,08,2021,2021,30-34 years,30-34,7974,2021
,Colorado,08,2021,2021,35-39 years,35-39,3346,2021
,Colorado,08,2021,2021,40-44 years,40-44,519,2021
,Colorado,08,2021,2021,45-49 years,45-49,39,2021
,Connecticut,09,2021,2021,Under 15 years,15-,11,2021
,Connecticut,09,2021,2021,15 - 17 years,15-17,191,2021
,Connecticut,09,2021,2021,18 - 19 years,18-19,542,2021
,Connecticut,09,2021,2021,20-24 years,20-24,2355,2021
,Connecticut,09,2021,2021,25-29 years,25-29,3748,2021
,Connecticut,09,2021,2021,30-34 years,30-34,5030,2021
,Connecticut,09,2021,2021,35-39 years,35-39,1865,2021
,Connecticut,09,2021,2021,40-44 years,40-44,310,2021
,Connecticut,09,2021,2021,45-49 years,45-49,35,2021
,Delaware,10,2021,2021,15 - 17 years,15-17,75,2021
,Delaware,10,2021,2021,18 - 19 years,18-19,296,2021
,Delaware,10,2021,2021,20-24 years,20-24,1094,2021
,Delaware,10,2021,2021,25-29 years,25-29,1182,2021
,Delaware,10,2021,2021,30-34 years,30-34,1026,2021
,Delaware,10,2021,2021,35-39 years,35-39,343,2021
,Delaware,10,2021,2021,40-44 years,40-44,61,2021
,District of Columbia,11,2021,2021,15 - 17 years,15-17,57,2021
,District of Columbia,11,2021,2021,18 - 19 years,18-19,159,2021
,District of Columbia,11,2021,2021,20-24 years,20-24,568,2021
,District of Columbia,11,2021,2021,25-29 years,25-29,590,2021
,District of Columbia,11,2021,2021,30-34 years,30-34,1408,2021
,District of Columbia,11,2021,2021,35-39 years,35-39,890,2021
,District of Columbia,11,2021,2021,40-44 years,40-44,202,2021
,District of Columbia,11,2021,2021,45-49 years,45-49,17,2021
,Florida,12,2021,2021,Under 15 years,15-,94,2021
,Florida,12,2021,2021,15 - 17 years,15-17,1783,2021
,Florida,12,2021,2021,18 - 19 years,18-19,5150,2021
,Florida,12,2021,2021,20-24 years,20-24,21361,2021
,Florida,12,2021,2021,25-29 years,25-29,24697,2021
,Florida,12,2021,2021,30-34 years,30-34,21815,2021
,Florida,12,2021,2021,35-39 years,35-39,8952,2021
,Florida,12,2021,2021,40-44 years,40-44,1823,2021
,Florida,12,2021,2021,45-49 years,45-49,164,2021
,Florida,12,2021,2021,50 years and over,50+,21,2021
,Georgia,13,2021,2021,Under 15 years,15-,77,2021
,Georgia,13,2021,2021,15 - 17 years,15-17,1438,2021
,Georgia,13,2021,2021,18 - 19 years,18-19,3776,2021
,Georgia,13,2021,2021,20-24 years,20-24,14006,2021
,Georgia,13,2021,2021,25-29 years,25-29,13705,2021
,Georgia,13,2021,2021,30-34 years,30-34,10058,2021
,Georgia,13,2021,2021,35-39 years,35-39,3724,2021
,Georgia,13,2021,2021,40-44 years,40-44,804,2021
,Georgia,13,2021,2021,45-49 years,45-49,70,2021
,Georgia,13,2021,2021,50 years and over,50+,11,2021
,Hawaii,15,2021,2021,15 - 17 years,15-17,79,2021
,Hawaii,15,2021,2021,18 - 19 years,18-19,324,2021
,Hawaii,15,2021,2021,20-24 years,20-24,1508,2021
,Hawaii,15,2021,2021,25-29 years,25-29,1595,2021
,Hawaii,15,2021,2021,30-34 years,30-34,1557,2021
,Hawaii,15,2021,2021,35-39 years,35-39,749,2021
,Hawaii,15,2021,2021,40-44 years,40-44,195,2021
,Hawaii,15,2021,2021,45-49 years,45-49,12,2021
,Idaho,16,2021,2021,15 - 17 years,15-17,168,2021
,Idaho,16,2021,2021,18 - 19 years,18-19,520,2021
,Idaho,16,2021,2021,20-24 years,20-24,2910,2021
,Idaho,16,2021,2021,25-29 years,25-29,2478,2021
,Idaho,16,2021,2021,30-34 years,30-34,1383,2021
,Idaho,16,2021,2021,35-39 years,35-39,453,2021
,Idaho,16,2021,2021,40-44 years,40-44,85,2021
,Illinois,17,2021,2021,Under 15 years,15-,59,2021
,Illinois,17,2021,2021,15 - 17 years,15-17,1017,2021
,Illinois,17,2021,2021,18 - 19 years,18-19,2858,2021
,Illinois,17,2021,2021,20-24 years,20-24,11154,2021
,Illinois,17,2021,2021,25-29 years,25-29,13893,2021
,Illinois,17,2021,2021,30-34 years,30-34,14397,2021
,Illinois,17,2021,2021,35-39 years,35-39,5453,2021
,Illinois,17,2021,2021,40-44 years,40-44,1008,2021
,Illinois,17,2021,2021,45-49 years,45-49,82,2021
,Indiana,18,2021,2021,Under 15 years,15-,38,2021
,Indiana,18,2021,2021,15 - 17 years,15-17,861,2021
,Indiana,18,2021,2021,18 - 19 years,18-19,2345,2021
,Indiana,18,2021,2021,20-24 years,20-24,9139,2021
,Indiana,18,2021,2021,25-29 years,25-29,8895,2021
,Indiana,18,2021,2021,30-34 years,30-34,5198,2021
,Indiana,18,2021,2021,35-39 years,35-39,1624,2021
,Indiana,18,2021,2021,40-44 years,40-44,274,2021
,Indiana,18,2021,2021,45-49 years,45-49,14,2021
,Iowa,19,2021,2021,Under 15 years,15-,19,2021
,Iowa,19,2021,2021,15 - 17 years,15-17,273,2021
,Iowa,19,2021,2021,18 - 19 years,18-19,865,2021
,Iowa,19,2021,2021,20-24 years,20-24,3556,2021
,Iowa,19,2021,2021,25-29 years,25-29,4498,2021
,Iowa,19,2021,2021,30-34 years,30-34,2526,2021
,Iowa,19,2021,2021,35-39 years,35-39,740,2021
,Iowa,19,2021,2021,40-44 years,40-44,125,2021
,Kansas,20,2021,2021,Under 15 years,15-,15,2021
,Kansas,20,2021,2021,15 - 17 years,15-17,324,2021
,Kansas,20,2021,2021,18 - 19 years,18-19,1043,2021
,Kansas,20,2021,2021,20-24 years,20-24,3755,2021
,Kansas,20,2021,2021,25-29 years,25-29,3812,2021
,Kansas,20,2021,2021,30-34 years,30-34,2307,2021
,Kansas,20,2021,2021,35-39 years,35-39,720,2021
,Kansas,20,2021,2021,40-44 years,40-44,98,2021
,Kentucky,21,2021,2021,Under 15 years,15-,43,2021
,Kentucky,21,2021,2021,15 - 17 years,15-17,638,2021
,Kentucky,21,2021,2021,18 - 19 years,18-19,2047,2021
,Kentucky,21,2021,2021,20-24 years,20-24,6621,2021
,Kentucky,21,2021,2021,25-29 years,25-29,5658,2021
,Kentucky,21,2021,2021,30-34 years,30-34,3227,2021
,Kentucky,21,2021,2021,35-39 years,35-39,985,2021
,Kentucky,21,2021,2021,40-44 years,40-44,155,2021
,Kentucky,21,2021,2021,45-49 years,45-49,11,2021
,Louisiana,22,2021,2021,Under 15 years,15-,67,2021
,Louisiana,22,2021,2021,15 - 17 years,15-17,888,2021
,Louisiana,22,2021,2021,18 - 19 years,18-19,2116,2021
,Louisiana,22,2021,2021,20-24 years,20-24,7205,2021
,Louisiana,22,2021,2021,25-29 years,25-29,5573,2021
,Louisiana,22,2021,2021,30-34 years,30-34,3258,2021
,Louisiana,22,2021,2021,35-39 years,35-39,1199,2021
,Louisiana,22,2021,2021,40-44 years,40-44,211,2021
,Louisiana,22,2021,2021,45-49 years,45-49,14,2021
,Maine,23,2021,2021,15 - 17 years,15-17,71,2021
,Maine,23,2021,2021,18 - 19 years,18-19,197,2021
,Maine,23,2021,2021,20-24 years,20-24,1124,2021
,Maine,23,2021,2021,25-29 years,25-29,1492,2021
,Maine,23,2021,2021,30-34 years,30-34,1369,2021
,Maine,23,2021,2021,35-39 years,35-39,541,2021
,Maine,23,2021,2021,40-44 years,40-44,64,2021
,Maryland,24,2021,2021,Under 15 years,15-,38,2021
,Maryland,24,2021,2021,15 - 17 years,15-17,474,2021
,Maryland,24,2021,2021,18 - 19 years,18-19,1397,2021
,Maryland,24,2021,2021,20-24 years,20-24,5395,2021
,Maryland,24,2021,2021,25-29 years,25-29,7007,2021
,Maryland,24,2021,2021,30-34 years,30-34,7675,2021
,Maryland,24,2021,2021,35-39 years,35-39,3137,2021
,Maryland,24,2021,2021,40-44 years,40-44,700,2021
,Maryland,24,2021,2021,45-49 years,45-49,60,2021
,Massachusetts,25,2021,2021,Under 15 years,15-,13,2021
,Massachusetts,25,2021,2021,15 - 17 years,15-17,299,2021
,Massachusetts,25,2021,2021,18 - 19 years,18-19,862,2021
,Massachusetts,25,2021,2021,20-24 years,20-24,4018,2021
,Massachusetts,25,2021,2021,25-29 years,25-29,6978,2021
,Massachusetts,25,2021,2021,30-34 years,30-34,11528,2021
,Massachusetts,25,2021,2021,35-39 years,35-39,4611,2021
,Massachusetts,25,2021,2021,40-44 years,40-44,825,2021
,Massachusetts,25,2021,2021,45-49 years,45-49,65,2021
,Michigan,26,2021,2021,Under 15 years,15-,53,2021
,Michigan,26,2021,2021,15 - 17 years,15-17,831,2021
,Michigan,26,2021,2021,18 - 19 years,18-19,2436,2021
,Michigan,26,2021,2021,20-24 years,20-24,9860,2021
,Michigan,26,2021,2021,25-29 years,25-29,12334,2021
,Michigan,26,2021,2021,30-34 years,30-34,9538,2021
,Michigan,26,2021,2021,35-39 years,35-39,2971,2021
,Michigan,26,2021,2021,40-44 years,40-44,496,2021
,Michigan,26,2021,2021,45-49 years,45-49,35,2021
,Minnesota,27,2021,2021,Under 15 years,15-,25,2021
,Minnesota,27,2021,2021,15 - 17 years,15-17,390,2021
,Minnesota,27,2021,2021,18 - 19 years,18-19,971,2021
,Minnesota,27,2021,2021,20-24 years,20-24,4347,2021
,Minnesota,27,2021,2021,25-29 years,25-29,7408,2021
,Minnesota,27,2021,2021,30-34 years,30-34,6545,2021
,Minnesota,27,2021,2021,35-39 years,35-39,2188,2021
,Minnesota,27,2021,2021,40-44 years,40-44,337,2021
,Minnesota,27,2021,2021,45-49 years,45-49,20,2021
,Mississippi,28,2021,2021,Under 15 years,15-,52,2021
,Mississippi,28,2021,2021,15 - 17 years,15-17,616,2021
,Mississippi,28,2021,2021,18 - 19 years,18-19,1517,2021
,Mississippi,28,2021,2021,20-24 years,20-24,5017,2021
,Mississippi,28,2021,2021,25-29 years,25-29,3481,2021
,Mississippi,28,2021,2021,30-34 years,30-34,1513,2021
,Mississippi,28,2021,2021,35-39 years,35-39,473,2021
,Mississippi,28,2021,2021,40-44 years,40-44,89,2021
,Missouri,29,2021,2021,Under 15 years,15-,36,2021
,Missouri,29,2021,2021,15 - 17 years,15-17,729,2021
,Missouri,29,2021,2021,18 - 19 years,18-19,2064,2021
,Missouri,29,2021,2021,20-24 years,20-24,7451,2021
,Missouri,29,2021,2021,25-29 years,25-29,7668,2021
,Missouri,29,2021,2021,30-34 years,30-34,4992,2021
,Missouri,29,2021,2021,35-39 years,35-39,1551,2021
,Missouri,29,2021,2021,40-44 years,40-44,291,2021
,Missouri,29,2021,2021,45-49 years,45-49,17,2021
,Montana,30,2021,2021,15 - 17 years,15-17,96,2021
,Montana,30,2021,2021,18 - 19 years,18-19,284,2021
,Montana,30,2021,2021,20-24 years,20-24,1131,2021
,Montana,30,2021,2021,25-29 years,25-29,1299,2021
,Montana,30,2021,2021,30-34 years,30-34,1032,2021
,Montana,30,2021,2021,35-39 years,35-39,366,2021
,Montana,30,2021,2021,40-44 years,40-44,55,2021
,Nebraska,31,2021,2021,15 - 17 years,15-17,229,2021
,Nebraska,31,2021,2021,18 - 19 years,18-19,580,2021
,Nebraska,31,2021,2021,20-24 years,20-24,2276,2021
,Nebraska,31,2021,2021,25-29 years,25-29,2954,2021
,Nebraska,31,2021,2021,30-34 years,30-34,1718,2021
,Nebraska,31,2021,2021,35-39 years,35-39,541,2021
,Nebraska,31,2021,2021,40-44 years,40-44,90,2021
,Nevada,32,2021,2021,15 - 17 years,15-17,271,2021
,Nevada,32,2021,2021,18 - 19 years,18-19,879,2021
,Nevada,32,2021,2021,20-24 years,20-24,3373,2021
,Nevada,32,2021,2021,25-29 years,25-29,3675,2021
,Nevada,32,2021,2021,30-34 years,30-34,2759,2021
,Nevada,32,2021,2021,35-39 years,35-39,1189,2021
,Nevada,32,2021,2021,40-44 years,40-44,233,2021
,Nevada,32,2021,2021,45-49 years,45-49,19,2021
,New Hampshire,33,2021,2021,15 - 17 years,15-17,47,2021
,New Hampshire,33,2021,2021,18 - 19 years,18-19,160,2021
,New Hampshire,33,2021,2021,20-24 years,20-24,833,2021
,New Hampshire,33,2021,2021,25-29 years,25-29,1742,2021
,New Hampshire,33,2021,2021,30-34 years,30-34,1815,2021
,New Hampshire,33,2021,2021,35-39 years,35-39,621,2021
,New Hampshire,33,2021,2021,40-44 years,40-44,99,2021
,New Jersey,34,2021,2021,Under 15 years,15-,35,2021
,New Jersey,34,2021,2021,15 - 17 years,15-17,489,2021
,New Jersey,34,2021,2021,18 - 19 years,18-19,1473,2021
,New Jersey,34,2021,2021,20-24 years,20-24,6864,2021
,New Jersey,34,2021,2021,25-29 years,25-29,9939,2021
,New Jersey,34,2021,2021,30-34 years,30-34,13888,2021
,New Jersey,34,2021,2021,35-39 years,35-39,5677,2021
,New Jersey,34,2021,2021,40-44 years,40-44,1124,2021
,New Jersey,34,2021,2021,45-49 years,45-49,114,2021
,New Jersey,34,2021,2021,50 years and over,50+,12,2021
,New Mexico,35,2021,2021,Under 15 years,15-,15,2021
,New Mexico,35,2021,2021,15 - 17 years,15-17,323,2021
,New Mexico,35,2021,2021,18 - 19 years,18-19,826,2021
,New Mexico,35,2021,2021,20-24 years,20-24,2712,2021
,New Mexico,35,2021,2021,25-29 years,25-29,2080,2021
,New Mexico,35,2021,2021,30-34 years,30-34,1351,2021
,New Mexico,35,2021,2021,35-39 years,35-39,625,2021
,New Mexico,35,2021,2021,40-44 years,40-44,117,2021
,New York,36,2021,2021,Under 15 years,15-,60,2021
,New York,36,2021,2021,15 - 17 years,15-17,1143,2021
,New York,36,2021,2021,18 - 19 years,18-19,3528,2021
,New York,36,2021,2021,20-24 years,20-24,16729,2021
,New York,36,2021,2021,25-29 years,25-29,20710,2021
,New York,36,2021,2021,30-34 years,30-34,25349,2021
,New York,36,2021,2021,35-39 years,35-39,11582,2021
,New York,36,2021,2021,40-44 years,40-44,2523,2021
,New York,36,2021,2021,45-49 years,45-49,261,2021
,New York,36,2021,2021,50 years and over,50+,45,2021
,North Carolina,37,2021,2021,Under 15 years,15-,62,2021
,North Carolina,37,2021,2021,15 - 17 years,15-17,1224,2021
,North Carolina,37,2021,2021,18 - 19 years,18-19,3416,2021
,North Carolina,37,2021,2021,20-24 years,20-24,13300,2021
,North Carolina,37,2021,2021,25-29 years,25-29,13570,2021
,North Carolina,37,2021,2021,30-34 years,30-34,10899,2021
,North Carolina,37,2021,2021,35-39 years,35-39,3790,2021
,North Carolina,37,2021,2021,40-44 years,40-44,707,2021
,North Carolina,37,2021,2021,45-49 years,45-49,53,2021
,North Dakota,38,2021,2021,15 - 17 years,15-17,64,2021
,North Dakota,38,2021,2021,18 - 19 years,18-19,204,2021
,North Dakota,38,2021,2021,20-24 years,20-24,956,2021
,North Dakota,38,2021,2021,25-29 years,25-29,1343,2021
,North Dakota,38,2021,2021,30-34 years,30-34,669,2021
,North Dakota,38,2021,2021,35-39 years,35-39,193,2021
,North Dakota,38,2021,2021,40-44 years,40-44,29,2021
,Ohio,39,2021,2021,Under 15 years,15-,96,2021
,Ohio,39,2021,2021,15 - 17 years,15-17,1275,2021
,Ohio,39,2021,2021,18 - 19 years,18-19,3595,2021
,Ohio,39,2021,2021,20-24 years,20-24,13711,2021
,Ohio,39,2021,2021,25-29 years,25-29,14483,2021
,Ohio,39,2021,2021,30-34 years,30-34,10474,2021
,Ohio,39,2021,2021,35-39 years,35-39,3255,2021
,Ohio,39,2021,2021,40-44 years,40-44,510,2021
,Ohio,39,2021,2021,45-49 years,45-49,35,2021
,Oklahoma,40,2021,2021,Under 15 years,15-,44,2021
,Oklahoma,40,2021,2021,15 - 17 years,15-17,657,2021
,Oklahoma,40,2021,2021,18 - 19 years,18-19,1993,2021
,Oklahoma,40,2021,2021,20-24 years,20-24,6235,2021
,Oklahoma,40,2021,2021,25-29 years,25-29,4856,2021
,Oklahoma,40,2021,2021,30-34 years,30-34,2560,2021
,Oklahoma,40,2021,2021,35-39 years,35-39,839,2021
,Oklahoma,40,2021,2021,40-44 years,40-44,141,2021
,Oklahoma,40,2021,2021,45-49 years,45-49,10,2021
,Oregon,41,2021,2021,Under 15 years,15-,11,2021
,Oregon,41,2021,2021,15 - 17 years,15-17,236,2021
,Oregon,41,2021,2021,18 - 19 years,18-19,764,2021
,Oregon,41,2021,2021,20-24 years,20-24,3825,2021
,Oregon,41,2021,2021,25-29 years,25-29,4484,2021
,Oregon,41,2021,2021,30-34 years,30-34,4472,2021
,Oregon,41,2021,2021,35-39 years,35-39,2016,2021
,Oregon,41,2021,2021,40-44 years,40-44,393,2021
,Oregon,41,2021,2021,45-49 years,45-49,27,2021
,Pennsylvania,42,2021,2021,Under 15 years,15-,55,2021
,Pennsylvania,42,2021,2021,15 - 17 years,15-17,1065,2021
,Pennsylvania,42,2021,2021,18 - 19 years,18-19,2952,2021
,Pennsylvania,42,2021,2021,20-24 years,20-24,11280,2021
,Pennsylvania,42,2021,2021,25-29 years,25-29,14680,2021
,Pennsylvania,42,2021,2021,30-34 years,30-34,14073,2021
,Pennsylvania,42,2021,2021,35-39 years,35-39,4897,2021
,Pennsylvania,42,2021,2021,40-44 years,40-44,820,2021
,Pennsylvania,42,2021,2021,45-49 years,45-49,69,2021
,Rhode Island,44,2021,2021,15 - 17 years,15-17,66,2021
,Rhode Island,44,2021,2021,18 - 19 years,18-19,190,2021
,Rhode Island,44,2021,2021,20-24 years,20-24,873,2021
,Rhode Island,44,2021,2021,25-29 years,25-29,1168,2021
,Rhode Island,44,2021,2021,30-34 years,30-34,1383,2021
,Rhode Island,44,2021,2021,35-39 years,35-39,519,2021
,Rhode Island,44,2021,2021,40-44 years,40-44,99,2021
,South Carolina,45,2021,2021,Under 15 years,15-,41,2021
,South Carolina,45,2021,2021,15 - 17 years,15-17,701,2021
,South Carolina,45,2021,2021,18 - 19 years,18-19,1823,2021
,South Carolina,45,2021,2021,20-24 years,20-24,6629,2021
,South Carolina,45,2021,2021,25-29 years,25-29,6463,2021
,South Carolina,45,2021,2021,30-34 years,30-34,4599,2021
,South Carolina,45,2021,2021,35-39 years,35-39,1637,2021
,South Carolina,45,2021,2021,40-44 years,40-44,303,2021
,South Carolina,45,2021,2021,45-49 years,45-49,32,2021
,South Dakota,46,2021,2021,15 - 17 years,15-17,141,2021
,South Dakota,46,2021,2021,18 - 19 years,18-19,275,2021
,South Dakota,46,2021,2021,20-24 years,20-24,1104,2021
,South Dakota,46,2021,2021,25-29 years,25-29,1286,2021
,South Dakota,46,2021,2021,30-34 years,30-34,689,2021
,South Dakota,46,2021,2021,35-39 years,35-39,178,2021
,South Dakota,46,2021,2021,40-44 years,40-44,27,2021
,Tennessee,47,2021,2021,Under 15 years,15-,71,2021
,Tennessee,47,2021,2021,15 - 17 years,15-17,981,2021
,Tennessee,47,2021,2021,18 - 19 years,18-19,2891,2021
,Tennessee,47,2021,2021,20-24 years,20-24,9782,2021
,Tennessee,47,2021,2021,25-29 years,25-29,9122,2021
,Tennessee,47,2021,2021,30-34 years,30-34,6121,2021
,Tennessee,47,2021,2021,35-39 years,35-39,2102,2021
,Tennessee,47,2021,2021,40-44 years,40-44,410,2021
,Tennessee,47,2021,2021,45-49 years,45-49,30,2021
,Texas,48,2021,2021,Under 15 years,15-,259,2021
,Texas,48,2021,2021,15 - 17 years,15-17,5125,2021
,Texas,48,2021,2021,18 - 19 years,18-19,12355,2021
,Texas,48,2021,2021,20-24 years,20-24,40767,2021
,Texas,48,2021,2021,25-29 years,25-29,39028,2021
,Texas,48,2021,2021,30-34 years,30-34,29418,2021
,Texas,48,2021,2021,35-39 years,35-39,11092,2021
,Texas,48,2021,2021,40-44 years,40-44,2144,2021
,Texas,48,2021,2021,45-49 years,45-49,167,2021
,Texas,48,2021,2021,50 years and over,50+,24,2021
,Utah,49,2021,2021,15 - 17 years,15-17,271,2021
,Utah,49,2021,2021,18 - 19 years,18-19,863,2021
,Utah,49,2021,2021,20-24 years,20-24,5574,2021
,Utah,49,2021,2021,25-29 years,25-29,5669,2021
,Utah,49,2021,2021,30-34 years,30-34,2565,2021
,Utah,49,2021,2021,35-39 years,35-39,877,2021
,Utah,49,2021,2021,40-44 years,40-44,186,2021
,Utah,49,2021,2021,45-49 years,45-49,18,2021
,Vermont,50,2021,2021,15 - 17 years,15-17,29,2021
,Vermont,50,2021,2021,18 - 19 years,18-19,86,2021
,Vermont,50,2021,2021,20-24 years,20-24,382,2021
,Vermont,50,2021,2021,25-29 years,25-29,614,2021
,Vermont,50,2021,2021,30-34 years,30-34,735,2021
,Vermont,50,2021,2021,35-39 years,35-39,312,2021
,Vermont,50,2021,2021,40-44 years,40-44,41,2021
,Virginia,51,2021,2021,Under 15 years,15-,25,2021
,Virginia,51,2021,2021,15 - 17 years,15-17,689,2021
,Virginia,51,2021,2021,18 - 19 years,18-19,2072,2021
,Virginia,51,2021,2021,20-24 years,20-24,8754,2021
,Virginia,51,2021,2021,25-29 years,25-29,10838,2021
,Virginia,51,2021,2021,30-34 years,30-34,10336,2021
,Virginia,51,2021,2021,35-39 years,35-39,4120,2021
,Virginia,51,2021,2021,40-44 years,40-44,727,2021
,Virginia,51,2021,2021,45-49 years,45-49,85,2021
,Virginia,51,2021,2021,50 years and over,50+,13,2021
,Washington,53,2021,2021,Under 15 years,15-,27,2021
,Washington,53,2021,2021,15 - 17 years,15-17,475,2021
,Washington,53,2021,2021,18 - 19 years,18-19,1437,2021
,Washington,53,2021,2021,20-24 years,20-24,6771,2021
,Washington,53,2021,2021,25-29 years,25-29,8927,2021
,Washington,53,2021,2021,30-34 years,30-34,9407,2021
,Washington,53,2021,2021,35-39 years,35-39,3946,2021
,Washington,53,2021,2021,40-44 years,40-44,663,2021
,Washington,53,2021,2021,45-49 years,45-49,49,2021
,West Virginia,54,2021,2021,Under 15 years,15-,10,2021
,West Virginia,54,2021,2021,15 - 17 years,15-17,206,2021
,West Virginia,54,2021,2021,18 - 19 years,18-19,696,2021
,West Virginia,54,2021,2021,20-24 years,20-24,2516,2021
,West Virginia,54,2021,2021,25-29 years,25-29,1846,2021
,West Virginia,54,2021,2021,30-34 years,30-34,946,2021
,West Virginia,54,2021,2021,35-39 years,35-39,315,2021
,West Virginia,54,2021,2021,40-44 years,40-44,53,2021
,Wisconsin,55,2021,2021,Under 15 years,15-,24,2021
,Wisconsin,55,2021,2021,15 - 17 years,15-17,410,2021
,Wisconsin,55,2021,2021,18 - 19 years,18-19,1188,2021
,Wisconsin,55,2021,2021,20-24 years,20-24,5154,2021
,Wisconsin,55,2021,2021,25-29 years,25-29,7430,2021
,Wisconsin,55,2021,2021,30-34 years,30-34,5756,2021
,Wisconsin,55,2021,2021,35-39 years,35-39,1650,2021
,Wisconsin,55,2021,2021,40-44 years,40-44,255,2021
,Wisconsin,55,2021,2021,45-49 years,45-49,25,2021
,Wyoming,56,2021,2021,15 - 17 years,15-17,59,2021
,Wyoming,56,2021,2021,18 - 19 years,18-19,196,2021
,Wyoming,56,2021,2021,20-24 years,20-24,733,2021
,Wyoming,56,2021,2021,25-29 years,25-29,677,2021
,Wyoming,56,2021,2021,30-34 years,30-34,402,2021
,Wyoming,56,2021,2021,35-39 years,35-39,153,2021
,Wyoming,56,2021,2021,40-44 years,40-44,38,2021
---,,,,,,,,2021
"Dataset: Natality, 2007-2024",,,,,,,,2021
Query Parameters:,,,,,,,,2021
Live Birth Order: 1st child born alive to mother,,,,,,,,2021
Year: 2021,,,,,,,,2021
Group By: State; Year; Age of Mother 10,,,,,,,,2021
Show Totals: Disabled,,,,,,,,2021
Show Zero Values: False,,,,,,,,2021
Show Suppressed: False,,,,,,,,2021
"Calculate Rates Per: 1,000",,,,,,,,2021
Population Option: No populations shown because rates were not selected.,,,,,,,,2021
---,,,,,,,,2021
Help: See http://wonder.cdc.gov/wonder/help/natality.html for more information.,,,,,,,,2021
---,,,,,,,,2021
"Query Date: Mar 28, 2026 5:18:43 AM",,,,,,,,2021
---,,,,,,,,2021
"Suggested Citation: Centers for Disease Control and Prevention, National Center for Health Statistics. National Vital Statistics",,,,,,,,2021
"System, Natality on CDC WONDER Online Database. Data are from the Natality Records 2007-2024, as compiled from data provided by",,,,,,,,2021
the 57 vital statistics jurisdictions through the Vital Statistics Cooperative Program. Accessed at,,,,,,,,2021
"http://wonder.cdc.gov/natality-current.html on Mar 28, 2026 5:18:43 AM",,,,,,,,2021
---,,,,,,,,2021
Messages:,,,,,,,,2021
1. Totals are not available for these results due to suppression constraints. More Information:,,,,,,,,2021
http://wonder.cdc.gov/wonder/help/faq.html#Privacy.,,,,,,,,2021
2. Rows with zero Births are hidden. Use Quick Options above to show zero rows.,,,,,,,,2021
3. Rows with suppressed Births are hidden. Use Quick Options above to show suppressed rows.,,,,,,,,2021
---,,,,,,,,2021
Caveats:,,,,,,,,2021
1. 'Suppressed' appears when the data do not meet the criteria for confidentiality constraints. More information:,,,,,,,,2021
http://wonder.cdc.gov/wonder/help/natality.html#Assurance of Confidentiality.,,,,,,,,2021
2. Each birth record represents one liveborn infant.,,,,,,,,2021
,Alabama,01,2022,2022,Under 15 years,15-,48,2022
,Alabama,01,2022,2022,15 - 17 years,15-17,834,2022
,Alabama,01,2022,2022,18 - 19 years,18-19,2027,2022
,Alabama,01,2022,2022,20-24 years,20-24,7494,2022
,Alabama,01,2022,2022,25-29 years,25-29,6658,2022
,Alabama,01,2022,2022,30-34 years,30-34,3509,2022
,Alabama,01,2022,2022,35-39 years,35-39,1121,2022
,Alabama,01,2022,2022,40-44 years,40-44,193,2022
,Alabama,01,2022,2022,45-49 years,45-49,18,2022
,Alaska,02,2022,2022,15 - 17 years,15-17,66,2022
,Alaska,02,2022,2022,18 - 19 years,18-19,247,2022
,Alaska,02,2022,2022,20-24 years,20-24,1082,2022
,Alaska,02,2022,2022,25-29 years,25-29,914,2022
,Alaska,02,2022,2022,30-34 years,30-34,677,2022
,Alaska,02,2022,2022,35-39 years,35-39,288,2022
,Alaska,02,2022,2022,40-44 years,40-44,49,2022
,Arizona,04,2022,2022,Under 15 years,15-,30,2022
,Arizona,04,2022,2022,15 - 17 years,15-17,793,2022
,Arizona,04,2022,2022,18 - 19 years,18-19,2275,2022
,Arizona,04,2022,2022,20-24 years,20-24,8672,2022
,Arizona,04,2022,2022,25-29 years,25-29,8760,2022
,Arizona,04,2022,2022,30-34 years,30-34,6307,2022
,Arizona,04,2022,2022,35-39 years,35-39,2275,2022
,Arizona,04,2022,2022,40-44 years,40-44,476,2022
,Arizona,04,2022,2022,45-49 years,45-49,34,2022
,Arkansas,05,2022,2022,Under 15 years,15-,36,2022
,Arkansas,05,2022,2022,15 - 17 years,15-17,541,2022
,Arkansas,05,2022,2022,18 - 19 years,18-19,1502,2022
,Arkansas,05,2022,2022,20-24 years,20-24,4922,2022
,Arkansas,05,2022,2022,25-29 years,25-29,3849,2022
,Arkansas,05,2022,2022,30-34 years,30-34,1956,2022
,Arkansas,05,2022,2022,35-39 years,35-39,579,2022
,Arkansas,05,2022,2022,40-44 years,40-44,110,2022
,California,06,2022,2022,Under 15 years,15-,131,2022
,California,06,2022,2022,15 - 17 years,15-17,2693,2022
,California,06,2022,2022,18 - 19 years,18-19,8087,2022
,California,06,2022,2022,20-24 years,20-24,33917,2022
,California,06,2022,2022,25-29 years,25-29,42091,2022
,California,06,2022,2022,30-34 years,30-34,49047,2022
,California,06,2022,2022,35-39 years,35-39,24195,2022
,California,06,2022,2022,40-44 years,40-44,5196,2022
,California,06,2022,2022,45-49 years,45-49,547,2022
,California,06,2022,2022,50 years and over,50+,61,2022
,Colorado,08,2022,2022,Under 15 years,15-,19,2022
,Colorado,08,2022,2022,15 - 17 years,15-17,453,2022
,Colorado,08,2022,2022,18 - 19 years,18-19,1299,2022
,Colorado,08,2022,2022,20-24 years,20-24,5530,2022
,Colorado,08,2022,2022,25-29 years,25-29,7052,2022
,Colorado,08,2022,2022,30-34 years,30-34,7906,2022
,Colorado,08,2022,2022,35-39 years,35-39,3332,2022
,Colorado,08,2022,2022,40-44 years,40-44,591,2022
,Colorado,08,2022,2022,45-49 years,45-49,42,2022
,Connecticut,09,2022,2022,Under 15 years,15-,12,2022
,Connecticut,09,2022,2022,15 - 17 years,15-17,185,2022
,Connecticut,09,2022,2022,18 - 19 years,18-19,490,2022
,Connecticut,09,2022,2022,20-24 years,20-24,2229,2022
,Connecticut,09,2022,2022,25-29 years,25-29,3786,2022
,Connecticut,09,2022,2022,30-34 years,30-34,5107,2022
,Connecticut,09,2022,2022,35-39 years,35-39,1952,2022
,Connecticut,09,2022,2022,40-44 years,40-44,376,2022
,Connecticut,09,2022,2022,45-49 years,45-49,40,2022
,Delaware,10,2022,2022,15 - 17 years,15-17,112,2022
,Delaware,10,2022,2022,18 - 19 years,18-19,291,2022
,Delaware,10,2022,2022,20-24 years,20-24,1087,2022
,Delaware,10,2022,2022,25-29 years,25-29,1210,2022
,Delaware,10,2022,2022,30-34 years,30-34,1047,2022
,Delaware,10,2022,2022,35-39 years,35-39,414,2022
,Delaware,10,2022,2022,40-44 years,40-44,74,2022
,Delaware,10,2022,2022,45-49 years,45-49,10,2022
,District of Columbia,11,2022,2022,15 - 17 years,15-17,59,2022
,District of Columbia,11,2022,2022,18 - 19 years,18-19,142,2022
,District of Columbia,11,2022,2022,20-24 years,20-24,528,2022
,District of Columbia,11,2022,2022,25-29 years,25-29,548,2022
,District of Columbia,11,2022,2022,30-34 years,30-34,1277,2022
,District of Columbia,11,2022,2022,35-39 years,35-39,834,2022
,District of Columbia,11,2022,2022,40-44 years,40-44,198,2022
,District of Columbia,11,2022,2022,45-49 years,45-49,26,2022
,Florida,12,2022,2022,Under 15 years,15-,119,2022
,Florida,12,2022,2022,15 - 17 years,15-17,1814,2022
,Florida,12,2022,2022,18 - 19 years,18-19,5215,2022
,Florida,12,2022,2022,20-24 years,20-24,22158,2022
,Florida,12,2022,2022,25-29 years,25-29,26450,2022
,Florida,12,2022,2022,30-34 years,30-34,23161,2022
,Florida,12,2022,2022,35-39 years,35-39,10105,2022
,Florida,12,2022,2022,40-44 years,40-44,2202,2022
,Florida,12,2022,2022,45-49 years,45-49,223,2022
,Florida,12,2022,2022,50 years and over,50+,29,2022
,Georgia,13,2022,2022,Under 15 years,15-,71,2022
,Georgia,13,2022,2022,15 - 17 years,15-17,1406,2022
,Georgia,13,2022,2022,18 - 19 years,18-19,3831,2022
,Georgia,13,2022,2022,20-24 years,20-24,14254,2022
,Georgia,13,2022,2022,25-29 years,25-29,14127,2022
,Georgia,13,2022,2022,30-34 years,30-34,10299,2022
,Georgia,13,2022,2022,35-39 years,35-39,3900,2022
,Georgia,13,2022,2022,40-44 years,40-44,812,2022
,Georgia,13,2022,2022,45-49 years,45-49,73,2022
,Georgia,13,2022,2022,50 years and over,50+,14,2022
,Hawaii,15,2022,2022,15 - 17 years,15-17,85,2022
,Hawaii,15,2022,2022,18 - 19 years,18-19,301,2022
,Hawaii,15,2022,2022,20-24 years,20-24,1526,2022
,Hawaii,15,2022,2022,25-29 years,25-29,1654,2022
,Hawaii,15,2022,2022,30-34 years,30-34,1503,2022
,Hawaii,15,2022,2022,35-39 years,35-39,795,2022
,Hawaii,15,2022,2022,40-44 years,40-44,188,2022
,Hawaii,15,2022,2022,45-49 years,45-49,18,2022
,Idaho,16,2022,2022,15 - 17 years,15-17,160,2022
,Idaho,16,2022,2022,18 - 19 years,18-19,556,2022
,Idaho,16,2022,2022,20-24 years,20-24,2816,2022
,Idaho,16,2022,2022,25-29 years,25-29,2523,2022
,Idaho,16,2022,2022,30-34 years,30-34,1376,2022
,Idaho,16,2022,2022,35-39 years,35-39,499,2022
,Idaho,16,2022,2022,40-44 years,40-44,88,2022
,Illinois,17,2022,2022,Under 15 years,15-,41,2022
,Illinois,17,2022,2022,15 - 17 years,15-17,1010,2022
,Illinois,17,2022,2022,18 - 19 years,18-19,2832,2022
,Illinois,17,2022,2022,20-24 years,20-24,10961,2022
,Illinois,17,2022,2022,25-29 years,25-29,13684,2022
,Illinois,17,2022,2022,30-34 years,30-34,13811,2022
,Illinois,17,2022,2022,35-39 years,35-39,5510,2022
,Illinois,17,2022,2022,40-44 years,40-44,1129,2022
,Illinois,17,2022,2022,45-49 years,45-49,111,2022
,Illinois,17,2022,2022,50 years and over,50+,12,2022
,Indiana,18,2022,2022,Under 15 years,15-,50,2022
,Indiana,18,2022,2022,15 - 17 years,15-17,831,2022
,Indiana,18,2022,2022,18 - 19 years,18-19,2316,2022
,Indiana,18,2022,2022,20-24 years,20-24,9266,2022
,Indiana,18,2022,2022,25-29 years,25-29,8920,2022
,Indiana,18,2022,2022,30-34 years,30-34,5414,2022
,Indiana,18,2022,2022,35-39 years,35-39,1742,2022
,Indiana,18,2022,2022,40-44 years,40-44,303,2022
,Indiana,18,2022,2022,45-49 years,45-49,20,2022
,Iowa,19,2022,2022,Under 15 years,15-,10,2022
,Iowa,19,2022,2022,15 - 17 years,15-17,333,2022
,Iowa,19,2022,2022,18 - 19 years,18-19,834,2022
,Iowa,19,2022,2022,20-24 years,20-24,3506,2022
,Iowa,19,2022,2022,25-29 years,25-29,4708,2022
,Iowa,19,2022,2022,30-34 years,30-34,2547,2022
,Iowa,19,2022,2022,35-39 years,35-39,695,2022
,Iowa,19,2022,2022,40-44 years,40-44,126,2022
,Iowa,19,2022,2022,45-49 years,45-49,10,2022
,Kansas,20,2022,2022,Under 15 years,15-,17,2022
,Kansas,20,2022,2022,15 - 17 years,15-17,361,2022
,Kansas,20,2022,2022,18 - 19 years,18-19,1019,2022
,Kansas,20,2022,2022,20-24 years,20-24,3771,2022
,Kansas,20,2022,2022,25-29 years,25-29,3916,2022
,Kansas,20,2022,2022,30-34 years,30-34,2379,2022
,Kansas,20,2022,2022,35-39 years,35-39,718,2022
,Kansas,20,2022,2022,40-44 years,40-44,120,2022
,Kentucky,21,2022,2022,Under 15 years,15-,41,2022
,Kentucky,21,2022,2022,15 - 17 years,15-17,633,2022
,Kentucky,21,2022,2022,18 - 19 years,18-19,1923,2022
,Kentucky,21,2022,2022,20-24 years,20-24,6794,2022
,Kentucky,21,2022,2022,25-29 years,25-29,5766,2022
,Kentucky,21,2022,2022,30-34 years,30-34,3255,2022
,Kentucky,21,2022,2022,35-39 years,35-39,1016,2022
,Kentucky,21,2022,2022,40-44 years,40-44,188,2022
,Louisiana,22,2022,2022,Under 15 years,15-,58,2022
,Louisiana,22,2022,2022,15 - 17 years,15-17,816,2022
,Louisiana,22,2022,2022,18 - 19 years,18-19,2142,2022
,Louisiana,22,2022,2022,20-24 years,20-24,7113,2022
,Louisiana,22,2022,2022,25-29 years,25-29,5696,2022
,Louisiana,22,2022,2022,30-34 years,30-34,3207,2022
,Louisiana,22,2022,2022,35-39 years,35-39,1191,2022
,Louisiana,22,2022,2022,40-44 years,40-44,221,2022
,Louisiana,22,2022,2022,45-49 years,45-49,13,2022
,Maine,23,2022,2022,15 - 17 years,15-17,60,2022
,Maine,23,2022,2022,18 - 19 years,18-19,204,2022
,Maine,23,2022,2022,20-24 years,20-24,1080,2022
,Maine,23,2022,2022,25-29 years,25-29,1490,2022
,Maine,23,2022,2022,30-34 years,30-34,1432,2022
,Maine,23,2022,2022,35-39 years,35-39,578,2022
,Maine,23,2022,2022,40-44 years,40-44,102,2022
,Maryland,24,2022,2022,Under 15 years,15-,36,2022
,Maryland,24,2022,2022,15 - 17 years,15-17,523,2022
,Maryland,24,2022,2022,18 - 19 years,18-19,1254,2022
,Maryland,24,2022,2022,20-24 years,20-24,5360,2022
,Maryland,24,2022,2022,25-29 years,25-29,7000,2022
,Maryland,24,2022,2022,30-34 years,30-34,7622,2022
,Maryland,24,2022,2022,35-39 years,35-39,3285,2022
,Maryland,24,2022,2022,40-44 years,40-44,759,2022
,Maryland,24,2022,2022,45-49 years,45-49,70,2022
,Maryland,24,2022,2022,50 years and over,50+,13,2022
,Massachusetts,25,2022,2022,Under 15 years,15-,12,2022
,Massachusetts,25,2022,2022,15 - 17 years,15-17,267,2022
,Massachusetts,25,2022,2022,18 - 19 years,18-19,880,2022
,Massachusetts,25,2022,2022,20-24 years,20-24,3992,2022
,Massachusetts,25,2022,2022,25-29 years,25-29,7015,2022
,Massachusetts,25,2022,2022,30-34 years,30-34,11248,2022
,Massachusetts,25,2022,2022,35-39 years,35-39,4682,2022
,Massachusetts,25,2022,2022,40-44 years,40-44,899,2022
,Massachusetts,25,2022,2022,45-49 years,45-49,77,2022
,Massachusetts,25,2022,2022,50 years and over,50+,19,2022
,Michigan,26,2022,2022,Under 15 years,15-,42,2022
,Michigan,26,2022,2022,15 - 17 years,15-17,773,2022
,Michigan,26,2022,2022,18 - 19 years,18-19,2282,2022
,Michigan,26,2022,2022,20-24 years,20-24,9537,2022
,Michigan,26,2022,2022,25-29 years,25-29,12309,2022
,Michigan,26,2022,2022,30-34 years,30-34,9448,2022
,Michigan,26,2022,2022,35-39 years,35-39,3100,2022
,Michigan,26,2022,2022,40-44 years,40-44,534,2022
,Michigan,26,2022,2022,45-49 years,45-49,45,2022
,Minnesota,27,2022,2022,Under 15 years,15-,20,2022
,Minnesota,27,2022,2022,15 - 17 years,15-17,340,2022
,Minnesota,27,2022,2022,18 - 19 years,18-19,955,2022
,Minnesota,27,2022,2022,20-24 years,20-24,4417,2022
,Minnesota,27,2022,2022,25-29 years,25-29,7455,2022
,Minnesota,27,2022,2022,30-34 years,30-34,6599,2022
,Minnesota,27,2022,2022,35-39 years,35-39,2283,2022
,Minnesota,27,2022,2022,40-44 years,40-44,345,2022
,Minnesota,27,2022,2022,45-49 years,45-49,30,2022
,Mississippi,28,2022,2022,Under 15 years,15-,53,2022
,Mississippi,28,2022,2022,15 - 17 years,15-17,662,2022
,Mississippi,28,2022,2022,18 - 19 years,18-19,1597,2022
,Mississippi,28,2022,2022,20-24 years,20-24,4895,2022
,Mississippi,28,2022,2022,25-29 years,25-29,3483,2022
,Mississippi,28,2022,2022,30-34 years,30-34,1515,2022
,Mississippi,28,2022,2022,35-39 years,35-39,498,2022
,Mississippi,28,2022,2022,40-44 years,40-44,111,2022
,Missouri,29,2022,2022,Under 15 years,15-,38,2022
,Missouri,29,2022,2022,15 - 17 years,15-17,725,2022
,Missouri,29,2022,2022,18 - 19 years,18-19,2045,2022
,Missouri,29,2022,2022,20-24 years,20-24,7583,2022
,Missouri,29,2022,2022,25-29 years,25-29,7836,2022
,Missouri,29,2022,2022,30-34 years,30-34,5124,2022
,Missouri,29,2022,2022,35-39 years,35-39,1669,2022
,Missouri,29,2022,2022,40-44 years,40-44,279,2022
,Missouri,29,2022,2022,45-49 years,45-49,20,2022
,Montana,30,2022,2022,15 - 17 years,15-17,86,2022
,Montana,30,2022,2022,18 - 19 years,18-19,262,2022
,Montana,30,2022,2022,20-24 years,20-24,1158,2022
,Montana,30,2022,2022,25-29 years,25-29,1367,2022
,Montana,30,2022,2022,30-34 years,30-34,1006,2022
,Montana,30,2022,2022,35-39 years,35-39,391,2022
,Montana,30,2022,2022,40-44 years,40-44,69,2022
,Nebraska,31,2022,2022,Under 15 years,15-,14,2022
,Nebraska,31,2022,2022,15 - 17 years,15-17,219,2022
,Nebraska,31,2022,2022,18 - 19 years,18-19,566,2022
,Nebraska,31,2022,2022,20-24 years,20-24,2268,2022
,Nebraska,31,2022,2022,25-29 years,25-29,2935,2022
,Nebraska,31,2022,2022,30-34 years,30-34,1785,2022
,Nebraska,31,2022,2022,35-39 years,35-39,538,2022
,Nebraska,31,2022,2022,40-44 years,40-44,87,2022
,Nevada,32,2022,2022,Under 15 years,15-,14,2022
,Nevada,32,2022,2022,15 - 17 years,15-17,272,2022
,Nevada,32,2022,2022,18 - 19 years,18-19,838,2022
,Nevada,32,2022,2022,20-24 years,20-24,3395,2022
,Nevada,32,2022,2022,25-29 years,25-29,3648,2022
,Nevada,32,2022,2022,30-34 years,30-34,2824,2022
,Nevada,32,2022,2022,35-39 years,35-39,1218,2022
,Nevada,32,2022,2022,40-44 years,40-44,244,2022
,Nevada,32,2022,2022,45-49 years,45-49,22,2022
,New Hampshire,33,2022,2022,15 - 17 years,15-17,35,2022
,New Hampshire,33,2022,2022,18 - 19 years,18-19,126,2022
,New Hampshire,33,2022,2022,20-24 years,20-24,779,2022
,New Hampshire,33,2022,2022,25-29 years,25-29,1620,2022
,New Hampshire,33,2022,2022,30-34 years,30-34,1824,2022
,New Hampshire,33,2022,2022,35-39 years,35-39,640,2022
,New Hampshire,33,2022,2022,40-44 years,40-44,101,2022
,New Jersey,34,2022,2022,Under 15 years,15-,30,2022
,New Jersey,34,2022,2022,15 - 17 years,15-17,552,2022
,New Jersey,34,2022,2022,18 - 19 years,18-19,1409,2022
,New Jersey,34,2022,2022,20-24 years,20-24,6909,2022
,New Jersey,34,2022,2022,25-29 years,25-29,9934,2022
,New Jersey,34,2022,2022,30-34 years,30-34,14218,2022
,New Jersey,34,2022,2022,35-39 years,35-39,5995,2022
,New Jersey,34,2022,2022,40-44 years,40-44,1182,2022
,New Jersey,34,2022,2022,45-49 years,45-49,122,2022
,New Jersey,34,2022,2022,50 years and over,50+,18,2022
,New Mexico,35,2022,2022,Under 15 years,15-,19,2022
,New Mexico,35,2022,2022,15 - 17 years,15-17,351,2022
,New Mexico,35,2022,2022,18 - 19 years,18-19,811,2022
,New Mexico,35,2022,2022,20-24 years,20-24,2747,2022
,New Mexico,35,2022,2022,25-29 years,25-29,2153,2022
,New Mexico,35,2022,2022,30-34 years,30-34,1391,2022
,New Mexico,35,2022,2022,35-39 years,35-39,547,2022
,New Mexico,35,2022,2022,40-44 years,40-44,120,2022
,New York,36,2022,2022,Under 15 years,15-,63,2022
,New York,36,2022,2022,15 - 17 years,15-17,1077,2022
,New York,36,2022,2022,18 - 19 years,18-19,3308,2022
,New York,36,2022,2022,20-24 years,20-24,16823,2022
,New York,36,2022,2022,25-29 years,25-29,20246,2022
,New York,36,2022,2022,30-34 years,30-34,24505,2022
,New York,36,2022,2022,35-39 years,35-39,11829,2022
,New York,36,2022,2022,40-44 years,40-44,2758,2022
,New York,36,2022,2022,45-49 years,45-49,297,2022
,New York,36,2022,2022,50 years and over,50+,63,2022
,North Carolina,37,2022,2022,Under 15 years,15-,64,2022
,North Carolina,37,2022,2022,15 - 17 years,15-17,1205,2022
,North Carolina,37,2022,2022,18 - 19 years,18-19,3229,2022
,North Carolina,37,2022,2022,20-24 years,20-24,13396,2022
,North Carolina,37,2022,2022,25-29 years,25-29,13850,2022
,North Carolina,37,2022,2022,30-34 years,30-34,11125,2022
,North Carolina,37,2022,2022,35-39 years,35-39,3832,2022
,North Carolina,37,2022,2022,40-44 years,40-44,728,2022
,North Carolina,37,2022,2022,45-49 years,45-49,69,2022
,North Carolina,37,2022,2022,50 years and over,50+,10,2022
,North Dakota,38,2022,2022,15 - 17 years,15-17,59,2022
,North Dakota,38,2022,2022,18 - 19 years,18-19,197,2022
,North Dakota,38,2022,2022,20-24 years,20-24,924,2022
,North Dakota,38,2022,2022,25-29 years,25-29,1173,2022
,North Dakota,38,2022,2022,30-34 years,30-34,652,2022
,North Dakota,38,2022,2022,35-39 years,35-39,204,2022
,North Dakota,38,2022,2022,40-44 years,40-44,33,2022
,Ohio,39,2022,2022,Under 15 years,15-,63,2022
,Ohio,39,2022,2022,15 - 17 years,15-17,1233,2022
,Ohio,39,2022,2022,18 - 19 years,18-19,3507,2022
,Ohio,39,2022,2022,20-24 years,20-24,13556,2022
,Ohio,39,2022,2022,25-29 years,25-29,14377,2022
,Ohio,39,2022,2022,30-34 years,30-34,10526,2022
,Ohio,39,2022,2022,35-39 years,35-39,3396,2022
,Ohio,39,2022,2022,40-44 years,40-44,550,2022
,Ohio,39,2022,2022,45-49 years,45-49,31,2022
,Oklahoma,40,2022,2022,Under 15 years,15-,25,2022
,Oklahoma,40,2022,2022,15 - 17 years,15-17,648,2022
,Oklahoma,40,2022,2022,18 - 19 years,18-19,1723,2022
,Oklahoma,40,2022,2022,20-24 years,20-24,6269,2022
,Oklahoma,40,2022,2022,25-29 years,25-29,5066,2022
,Oklahoma,40,2022,2022,30-34 years,30-34,2786,2022
,Oklahoma,40,2022,2022,35-39 years,35-39,908,2022
,Oklahoma,40,2022,2022,40-44 years,40-44,138,2022
,Oklahoma,40,2022,2022,45-49 years,45-49,11,2022
,Oregon,41,2022,2022,Under 15 years,15-,10,2022
,Oregon,41,2022,2022,15 - 17 years,15-17,266,2022
,Oregon,41,2022,2022,18 - 19 years,18-19,827,2022
,Oregon,41,2022,2022,20-24 years,20-24,3741,2022
,Oregon,41,2022,2022,25-29 years,25-29,4363,2022
,Oregon,41,2022,2022,30-34 years,30-34,4270,2022
,Oregon,41,2022,2022,35-39 years,35-39,1988,2022
,Oregon,41,2022,2022,40-44 years,40-44,407,2022
,Oregon,41,2022,2022,45-49 years,45-49,25,2022
,Pennsylvania,42,2022,2022,Under 15 years,15-,53,2022
,Pennsylvania,42,2022,2022,15 - 17 years,15-17,1005,2022
,Pennsylvania,42,2022,2022,18 - 19 years,18-19,2712,2022
,Pennsylvania,42,2022,2022,20-24 years,20-24,11073,2022
,Pennsylvania,42,2022,2022,25-29 years,25-29,14467,2022
,Pennsylvania,42,2022,2022,30-34 years,30-34,14112,2022
,Pennsylvania,42,2022,2022,35-39 years,35-39,5076,2022
,Pennsylvania,42,2022,2022,40-44 years,40-44,927,2022
,Pennsylvania,42,2022,2022,45-49 years,45-49,60,2022
,Pennsylvania,42,2022,2022,50 years and over,50+,11,2022
,Rhode Island,44,2022,2022,15 - 17 years,15-17,68,2022
,Rhode Island,44,2022,2022,18 - 19 years,18-19,202,2022
,Rhode Island,44,2022,2022,20-24 years,20-24,782,2022
,Rhode Island,44,2022,2022,25-29 years,25-29,1154,2022
,Rhode Island,44,2022,2022,30-34 years,30-34,1399,2022
,Rhode Island,44,2022,2022,35-39 years,35-39,566,2022
,Rhode Island,44,2022,2022,40-44 years,40-44,123,2022
,South Carolina,45,2022,2022,Under 15 years,15-,43,2022
,South Carolina,45,2022,2022,15 - 17 years,15-17,752,2022
,South Carolina,45,2022,2022,18 - 19 years,18-19,1693,2022
,South Carolina,45,2022,2022,20-24 years,20-24,6640,2022
,South Carolina,45,2022,2022,25-29 years,25-29,6784,2022
,South Carolina,45,2022,2022,30-34 years,30-34,4814,2022
,South Carolina,45,2022,2022,35-39 years,35-39,1683,2022
,South Carolina,45,2022,2022,40-44 years,40-44,333,2022
,South Carolina,45,2022,2022,45-49 years,45-49,26,2022
,South Dakota,46,2022,2022,15 - 17 years,15-17,125,2022
,South Dakota,46,2022,2022,18 - 19 years,18-19,297,2022
,South Dakota,46,2022,2022,20-24 years,20-24,1088,2022
,South Dakota,46,2022,2022,25-29 years,25-29,1339,2022
,South Dakota,46,2022,2022,30-34 years,30-34,682,2022
,South Dakota,46,2022,2022,35-39 years,35-39,202,2022
,South Dakota,46,2022,2022,40-44 years,40-44,35,2022
,Tennessee,47,2022,2022,Under 15 years,15-,68,2022
,Tennessee,47,2022,2022,15 - 17 years,15-17,1027,2022
,Tennessee,47,2022,2022,18 - 19 years,18-19,2793,2022
,Tennessee,47,2022,2022,20-24 years,20-24,9687,2022
,Tennessee,47,2022,2022,25-29 years,25-29,9564,2022
,Tennessee,47,2022,2022,30-34 years,30-34,6520,2022
,Tennessee,47,2022,2022,35-39 years,35-39,2177,2022
,Tennessee,47,2022,2022,40-44 years,40-44,406,2022
,Tennessee,47,2022,2022,45-49 years,45-49,31,2022
,Texas,48,2022,2022,Under 15 years,15-,262,2022
,Texas,48,2022,2022,15 - 17 years,15-17,5388,2022
,Texas,48,2022,2022,18 - 19 years,18-19,12550,2022
,Texas,48,2022,2022,20-24 years,20-24,42975,2022
,Texas,48,2022,2022,25-29 years,25-29,41327,2022
,Texas,48,2022,2022,30-34 years,30-34,30629,2022
,Texas,48,2022,2022,35-39 years,35-39,11917,2022
,Texas,48,2022,2022,40-44 years,40-44,2301,2022
,Texas,48,2022,2022,45-49 years,45-49,184,2022
,Texas,48,2022,2022,50 years and over,50+,28,2022
,Utah,49,2022,2022,15 - 17 years,15-17,246,2022
,Utah,49,2022,2022,18 - 19 years,18-19,816,2022
,Utah,49,2022,2022,20-24 years,20-24,5471,2022
,Utah,49,2022,2022,25-29 years,25-29,5783,2022
,Utah,49,2022,2022,30-34 years,30-34,2655,2022
,Utah,49,2022,2022,35-39 years,35-39,940,2022
,Utah,49,2022,2022,40-44 years,40-44,186,2022
,Utah,49,2022,2022,45-49 years,45-49,15,2022
,Vermont,50,2022,2022,15 - 17 years,15-17,23,2022
,Vermont,50,2022,2022,18 - 19 years,18-19,69,2022
,Vermont,50,2022,2022,20-24 years,20-24,396,2022
,Vermont,50,2022,2022,25-29 years,25-29,559,2022
,Vermont,50,2022,2022,30-34 years,30-34,737,2022
,Vermont,50,2022,2022,35-39 years,35-39,338,2022
,Vermont,50,2022,2022,40-44 years,40-44,52,2022
,Virginia,51,2022,2022,Under 15 years,15-,47,2022
,Virginia,51,2022,2022,15 - 17 years,15-17,654,2022
,Virginia,51,2022,2022,18 - 19 years,18-19,2016,2022
,Virginia,51,2022,2022,20-24 years,20-24,8685,2022
,Virginia,51,2022,2022,25-29 years,25-29,10811,2022
,Virginia,51,2022,2022,30-34 years,30-34,10070,2022
,Virginia,51,2022,2022,35-39 years,35-39,4203,2022
,Virginia,51,2022,2022,40-44 years,40-44,805,2022
,Virginia,51,2022,2022,45-49 years,45-49,91,2022
,Virginia,51,2022,2022,50 years and over,50+,14,2022
,Washington,53,2022,2022,Under 15 years,15-,23,2022
,Washington,53,2022,2022,15 - 17 years,15-17,416,2022
,Washington,53,2022,2022,18 - 19 years,18-19,1370,2022
,Washington,53,2022,2022,20-24 years,20-24,6950,2022
,Washington,53,2022,2022,25-29 years,25-29,8709,2022
,Washington,53,2022,2022,30-34 years,30-34,9340,2022
,Washington,53,2022,2022,35-39 years,35-39,3963,2022
,Washington,53,2022,2022,40-44 years,40-44,771,2022
,Washington,53,2022,2022,45-49 years,45-49,70,2022
,Washington,53,2022,2022,50 years and over,50+,14,2022
,West Virginia,54,2022,2022,Under 15 years,15-,10,2022
,West Virginia,54,2022,2022,15 - 17 years,15-17,194,2022
,West Virginia,54,2022,2022,18 - 19 years,18-19,664,2022
,West Virginia,54,2022,2022,20-24 years,20-24,2340,2022
,West Virginia,54,2022,2022,25-29 years,25-29,1905,2022
,West Virginia,54,2022,2022,30-34 years,30-34,1010,2022
,West Virginia,54,2022,2022,35-39 years,35-39,316,2022
,West Virginia,54,2022,2022,40-44 years,40-44,54,2022
,Wisconsin,55,2022,2022,Under 15 years,15-,19,2022
,Wisconsin,55,2022,2022,15 - 17 years,15-17,427,2022
,Wisconsin,55,2022,2022,18 - 19 years,18-19,1166,2022
,Wisconsin,55,2022,2022,20-24 years,20-24,4918,2022
,Wisconsin,55,2022,2022,25-29 years,25-29,7282,2022
,Wisconsin,55,2022,2022,30-34 years,30-34,5772,2022
,Wisconsin,55,2022,2022,35-39 years,35-39,1727,2022
,Wisconsin,55,2022,2022,40-44 years,40-44,277,2022
,Wisconsin,55,2022,2022,45-49 years,45-49,23,2022
,Wyoming,56,2022,2022,15 - 17 years,15-17,60,2022
,Wyoming,56,2022,2022,18 - 19 years,18-19,202,2022
,Wyoming,56,2022,2022,20-24 years,20-24,736,2022
,Wyoming,56,2022,2022,25-29 years,25-29,686,2022
,Wyoming,56,2022,2022,30-34 years,30-34,424,2022
,Wyoming,56,2022,2022,35-39 years,35-39,154,2022
,Wyoming,56,2022,2022,40-44 years,40-44,22,2022
---,,,,,,,,2022
"Dataset: Natality, 2007-2024",,,,,,,,2022
Query Parameters:,,,,,,,,2022
Live Birth Order: 1st child born alive to mother,,,,,,,,2022
Year: 2022,,,,,,,,2022
Group By: State; Year; Age of Mother 10,,,,,,,,2022
Show Totals: Disabled,,,,,,,,2022
Show Zero Values: False,,,,,,,,2022
Show Suppressed: False,,,,,,,,2022
"Calculate Rates Per: 1,000",,,,,,,,2022
Population Option: No populations shown because rates were not selected.,,,,,,,,2022
---,,,,,,,,2022
Help: See http://wonder.cdc.gov/wonder/help/natality.html for more information.,,,,,,,,2022
---,,,,,,,,2022
"Query Date: Mar 28, 2026 5:18:51 AM",,,,,,,,2022
---,,,,,,,,2022
"Suggested Citation: Centers for Disease Control and Prevention, National Center for Health Statistics. National Vital Statistics",,,,,,,,2022
"System, Natality on CDC WONDER Online Database. Data are from the Natality Records 2007-2024, as compiled from data provided by",,,,,,,,2022
the 57 vital statistics jurisdictions through the Vital Statistics Cooperative Program. Accessed at,,,,,,,,2022
"http://wonder.cdc.gov/natality-current.html on Mar 28, 2026 5:18:51 AM",,,,,,,,2022
---,,,,,,,,2022
Messages:,,,,,,,,2022
1. Totals are not available for these results due to suppression constraints. More Information:,,,,,,,,2022
http://wonder.cdc.gov/wonder/help/faq.html#Privacy.,,,,,,,,2022
2. Rows with zero Births are hidden. Use Quick Options above to show zero rows.,,,,,,,,2022
3. Rows with suppressed Births are hidden. Use Quick Options above to show suppressed rows.,,,,,,,,2022
---,,,,,,,,2022
Caveats:,,,,,,,,2022
1. 'Suppressed' appears when the data do not meet the criteria for confidentiality constraints. More information:,,,,,,,,2022
http://wonder.cdc.gov/wonder/help/natality.html#Assurance of Confidentiality.,,,,,,,,2022
2. Each birth record represents one liveborn infant.,,,,,,,,2022
,Alabama,01,2023,2023,Under 15 years,15-,50,2023
,Alabama,01,2023,2023,15 - 17 years,15-17,808,2023
,Alabama,01,2023,2023,18 - 19 years,18-19,2092,2023
,Alabama,01,2023,2023,20-24 years,20-24,7548,2023
,Alabama,01,2023,2023,25-29 years,25-29,6704,2023
,Alabama,01,2023,2023,30-34 years,30-34,3581,2023
,Alabama,01,2023,2023,35-39 years,35-39,1192,2023
,Alabama,01,2023,2023,40-44 years,40-44,218,2023
,Alabama,01,2023,2023,45-49 years,45-49,11,2023
,Alaska,02,2023,2023,15 - 17 years,15-17,63,2023
,Alaska,02,2023,2023,18 - 19 years,18-19,223,2023
,Alaska,02,2023,2023,20-24 years,20-24,970,2023
,Alaska,02,2023,2023,25-29 years,25-29,869,2023
,Alaska,02,2023,2023,30-34 years,30-34,673,2023
,Alaska,02,2023,2023,35-39 years,35-39,270,2023
,Alaska,02,2023,2023,40-44 years,40-44,54,2023
,Arizona,04,2023,2023,Under 15 years,15-,26,2023
,Arizona,04,2023,2023,15 - 17 years,15-17,802,2023
,Arizona,04,2023,2023,18 - 19 years,18-19,2198,2023
,Arizona,04,2023,2023,20-24 years,20-24,8622,2023
,Arizona,04,2023,2023,25-29 years,25-29,8989,2023
,Arizona,04,2023,2023,30-34 years,30-34,6409,2023
,Arizona,04,2023,2023,35-39 years,35-39,2439,2023
,Arizona,04,2023,2023,40-44 years,40-44,450,2023
,Arizona,04,2023,2023,45-49 years,45-49,23,2023
,Arkansas,05,2023,2023,Under 15 years,15-,40,2023
,Arkansas,05,2023,2023,15 - 17 years,15-17,567,2023
,Arkansas,05,2023,2023,18 - 19 years,18-19,1480,2023
,Arkansas,05,2023,2023,20-24 years,20-24,4817,2023
,Arkansas,05,2023,2023,25-29 years,25-29,3859,2023
,Arkansas,05,2023,2023,30-34 years,30-34,1885,2023
,Arkansas,05,2023,2023,35-39 years,35-39,580,2023
,Arkansas,05,2023,2023,40-44 years,40-44,98,2023
,California,06,2023,2023,Under 15 years,15-,105,2023
,California,06,2023,2023,15 - 17 years,15-17,2692,2023
,California,06,2023,2023,18 - 19 years,18-19,7512,2023
,California,06,2023,2023,20-24 years,20-24,32249,2023
,California,06,2023,2023,25-29 years,25-29,41023,2023
,California,06,2023,2023,30-34 years,30-34,48616,2023
,California,06,2023,2023,35-39 years,35-39,24356,2023
,California,06,2023,2023,40-44 years,40-44,5317,2023
,California,06,2023,2023,45-49 years,45-49,584,2023
,California,06,2023,2023,50 years and over,50+,82,2023
,Colorado,08,2023,2023,Under 15 years,15-,25,2023
,Colorado,08,2023,2023,15 - 17 years,15-17,506,2023
,Colorado,08,2023,2023,18 - 19 years,18-19,1270,2023
,Colorado,08,2023,2023,20-24 years,20-24,5406,2023
,Colorado,08,2023,2023,25-29 years,25-29,7148,2023
,Colorado,08,2023,2023,30-34 years,30-34,8009,2023
,Colorado,08,2023,2023,35-39 years,35-39,3441,2023
,Colorado,08,2023,2023,40-44 years,40-44,613,2023
,Colorado,08,2023,2023,45-49 years,45-49,48,2023
,Connecticut,09,2023,2023,15 - 17 years,15-17,176,2023
,Connecticut,09,2023,2023,18 - 19 years,18-19,533,2023
,Connecticut,09,2023,2023,20-24 years,20-24,2239,2023
,Connecticut,09,2023,2023,25-29 years,25-29,3734,2023
,Connecticut,09,2023,2023,30-34 years,30-34,4919,2023
,Connecticut,09,2023,2023,35-39 years,35-39,1946,2023
,Connecticut,09,2023,2023,40-44 years,40-44,407,2023
,Connecticut,09,2023,2023,45-49 years,45-49,38,2023
,Delaware,10,2023,2023,15 - 17 years,15-17,106,2023
,Delaware,10,2023,2023,18 - 19 years,18-19,294,2023
,Delaware,10,2023,2023,20-24 years,20-24,1014,2023
,Delaware,10,2023,2023,25-29 years,25-29,1124,2023
,Delaware,10,2023,2023,30-34 years,30-34,1067,2023
,Delaware,10,2023,2023,35-39 years,35-39,393,2023
,Delaware,10,2023,2023,40-44 years,40-44,87,2023
,District of Columbia,11,2023,2023,15 - 17 years,15-17,80,2023
,District of Columbia,11,2023,2023,18 - 19 years,18-19,123,2023
,District of Columbia,11,2023,2023,20-24 years,20-24,499,2023
,District of Columbia,11,2023,2023,25-29 years,25-29,532,2023
,District of Columbia,11,2023,2023,30-34 years,30-34,1144,2023
,District of Columbia,11,2023,2023,35-39 years,35-39,863,2023
,District of Columbia,11,2023,2023,40-44 years,40-44,191,2023
,District of Columbia,11,2023,2023,45-49 years,45-49,22,2023
,Florida,12,2023,2023,Under 15 years,15-,102,2023
,Florida,12,2023,2023,15 - 17 years,15-17,1930,2023
,Florida,12,2023,2023,18 - 19 years,18-19,5054,2023
,Florida,12,2023,2023,20-24 years,20-24,21515,2023
,Florida,12,2023,2023,25-29 years,25-29,26933,2023
,Florida,12,2023,2023,30-34 years,30-34,23590,2023
,Florida,12,2023,2023,35-39 years,35-39,10383,2023
,Florida,12,2023,2023,40-44 years,40-44,2227,2023
,Florida,12,2023,2023,45-49 years,45-49,201,2023
,Florida,12,2023,2023,50 years and over,50+,32,2023
,Georgia,13,2023,2023,Under 15 years,15-,90,2023
,Georgia,13,2023,2023,15 - 17 years,15-17,1519,2023
,Georgia,13,2023,2023,18 - 19 years,18-19,3918,2023
,Georgia,13,2023,2023,20-24 years,20-24,14114,2023
,Georgia,13,2023,2023,25-29 years,25-29,14023,2023
,Georgia,13,2023,2023,30-34 years,30-34,10706,2023
,Georgia,13,2023,2023,35-39 years,35-39,4231,2023
,Georgia,13,2023,2023,40-44 years,40-44,964,2023
,Georgia,13,2023,2023,45-49 years,45-49,68,2023
,Georgia,13,2023,2023,50 years and over,50+,17,2023
,Hawaii,15,2023,2023,15 - 17 years,15-17,90,2023
,Hawaii,15,2023,2023,18 - 19 years,18-19,285,2023
,Hawaii,15,2023,2023,20-24 years,20-24,1528,2023
,Hawaii,15,2023,2023,25-29 years,25-29,1608,2023
,Hawaii,15,2023,2023,30-34 years,30-34,1332,2023
,Hawaii,15,2023,2023,35-39 years,35-39,809,2023
,Hawaii,15,2023,2023,40-44 years,40-44,200,2023
,Hawaii,15,2023,2023,45-49 years,45-49,19,2023
,Idaho,16,2023,2023,15 - 17 years,15-17,145,2023
,Idaho,16,2023,2023,18 - 19 years,18-19,568,2023
,Idaho,16,2023,2023,20-24 years,20-24,2827,2023
,Idaho,16,2023,2023,25-29 years,25-29,2649,2023
,Idaho,16,2023,2023,30-34 years,30-34,1472,2023
,Idaho,16,2023,2023,35-39 years,35-39,484,2023
,Idaho,16,2023,2023,40-44 years,40-44,78,2023
,Illinois,17,2023,2023,Under 15 years,15-,56,2023
,Illinois,17,2023,2023,15 - 17 years,15-17,1026,2023
,Illinois,17,2023,2023,18 - 19 years,18-19,2765,2023
,Illinois,17,2023,2023,20-24 years,20-24,10873,2023
,Illinois,17,2023,2023,25-29 years,25-29,13712,2023
,Illinois,17,2023,2023,30-34 years,30-34,13949,2023
,Illinois,17,2023,2023,35-39 years,35-39,5457,2023
,Illinois,17,2023,2023,40-44 years,40-44,1093,2023
,Illinois,17,2023,2023,45-49 years,45-49,96,2023
,Illinois,17,2023,2023,50 years and over,50+,15,2023
,Indiana,18,2023,2023,Under 15 years,15-,40,2023
,Indiana,18,2023,2023,15 - 17 years,15-17,795,2023
,Indiana,18,2023,2023,18 - 19 years,18-19,2292,2023
,Indiana,18,2023,2023,20-24 years,20-24,9215,2023
,Indiana,18,2023,2023,25-29 years,25-29,9062,2023
,Indiana,18,2023,2023,30-34 years,30-34,5373,2023
,Indiana,18,2023,2023,35-39 years,35-39,1699,2023
,Indiana,18,2023,2023,40-44 years,40-44,285,2023
,Indiana,18,2023,2023,45-49 years,45-49,26,2023
,Iowa,19,2023,2023,Under 15 years,15-,11,2023
,Iowa,19,2023,2023,15 - 17 years,15-17,311,2023
,Iowa,19,2023,2023,18 - 19 years,18-19,834,2023
,Iowa,19,2023,2023,20-24 years,20-24,3643,2023
,Iowa,19,2023,2023,25-29 years,25-29,4666,2023
,Iowa,19,2023,2023,30-34 years,30-34,2533,2023
,Iowa,19,2023,2023,35-39 years,35-39,730,2023
,Iowa,19,2023,2023,40-44 years,40-44,120,2023
,Iowa,19,2023,2023,45-49 years,45-49,10,2023
,Kansas,20,2023,2023,Under 15 years,15-,18,2023
,Kansas,20,2023,2023,15 - 17 years,15-17,358,2023
,Kansas,20,2023,2023,18 - 19 years,18-19,951,2023
,Kansas,20,2023,2023,20-24 years,20-24,3812,2023
,Kansas,20,2023,2023,25-29 years,25-29,3874,2023
,Kansas,20,2023,2023,30-34 years,30-34,2446,2023
,Kansas,20,2023,2023,35-39 years,35-39,710,2023
,Kansas,20,2023,2023,40-44 years,40-44,121,2023
,Kansas,20,2023,2023,45-49 years,45-49,12,2023
,Kentucky,21,2023,2023,Under 15 years,15-,34,2023
,Kentucky,21,2023,2023,15 - 17 years,15-17,659,2023
,Kentucky,21,2023,2023,18 - 19 years,18-19,1912,2023
,Kentucky,21,2023,2023,20-24 years,20-24,6789,2023
,Kentucky,21,2023,2023,25-29 years,25-29,5883,2023
,Kentucky,21,2023,2023,30-34 years,30-34,3343,2023
,Kentucky,21,2023,2023,35-39 years,35-39,1049,2023
,Kentucky,21,2023,2023,40-44 years,40-44,180,2023
,Louisiana,22,2023,2023,Under 15 years,15-,66,2023
,Louisiana,22,2023,2023,15 - 17 years,15-17,814,2023
,Louisiana,22,2023,2023,18 - 19 years,18-19,2110,2023
,Louisiana,22,2023,2023,20-24 years,20-24,7122,2023
,Louisiana,22,2023,2023,25-29 years,25-29,5414,2023
,Louisiana,22,2023,2023,30-34 years,30-34,3133,2023
,Louisiana,22,2023,2023,35-39 years,35-39,1186,2023
,Louisiana,22,2023,2023,40-44 years,40-44,233,2023
,Maine,23,2023,2023,15 - 17 years,15-17,45,2023
,Maine,23,2023,2023,18 - 19 years,18-19,197,2023
,Maine,23,2023,2023,20-24 years,20-24,1101,2023
,Maine,23,2023,2023,25-29 years,25-29,1450,2023
,Maine,23,2023,2023,30-34 years,30-34,1433,2023
,Maine,23,2023,2023,35-39 years,35-39,572,2023
,Maine,23,2023,2023,40-44 years,40-44,87,2023
,Maryland,24,2023,2023,Under 15 years,15-,32,2023
,Maryland,24,2023,2023,15 - 17 years,15-17,521,2023
,Maryland,24,2023,2023,18 - 19 years,18-19,1327,2023
,Maryland,24,2023,2023,20-24 years,20-24,5190,2023
,Maryland,24,2023,2023,25-29 years,25-29,6722,2023
,Maryland,24,2023,2023,30-34 years,30-34,7435,2023
,Maryland,24,2023,2023,35-39 years,35-39,3233,2023
,Maryland,24,2023,2023,40-44 years,40-44,744,2023
,Maryland,24,2023,2023,45-49 years,45-49,95,2023
,Maryland,24,2023,2023,50 years and over,50+,18,2023
,Massachusetts,25,2023,2023,Under 15 years,15-,15,2023
,Massachusetts,25,2023,2023,15 - 17 years,15-17,316,2023
,Massachusetts,25,2023,2023,18 - 19 years,18-19,843,2023
,Massachusetts,25,2023,2023,20-24 years,20-24,3955,2023
,Massachusetts,25,2023,2023,25-29 years,25-29,6730,2023
,Massachusetts,25,2023,2023,30-34 years,30-34,11176,2023
,Massachusetts,25,2023,2023,35-39 years,35-39,4826,2023
,Massachusetts,25,2023,2023,40-44 years,40-44,821,2023
,Massachusetts,25,2023,2023,45-49 years,45-49,68,2023
,Massachusetts,25,2023,2023,50 years and over,50+,11,2023
,Michigan,26,2023,2023,Under 15 years,15-,37,2023
,Michigan,26,2023,2023,15 - 17 years,15-17,712,2023
,Michigan,26,2023,2023,18 - 19 years,18-19,2193,2023
,Michigan,26,2023,2023,20-24 years,20-24,9100,2023
,Michigan,26,2023,2023,25-29 years,25-29,12208,2023
,Michigan,26,2023,2023,30-34 years,30-34,9777,2023
,Michigan,26,2023,2023,35-39 years,35-39,3237,2023
,Michigan,26,2023,2023,40-44 years,40-44,542,2023
,Michigan,26,2023,2023,45-49 years,45-49,38,2023
,Minnesota,27,2023,2023,Under 15 years,15-,20,2023
,Minnesota,27,2023,2023,15 - 17 years,15-17,331,2023
,Minnesota,27,2023,2023,18 - 19 years,18-19,942,2023
,Minnesota,27,2023,2023,20-24 years,20-24,4521,2023
,Minnesota,27,2023,2023,25-29 years,25-29,7413,2023
,Minnesota,27,2023,2023,30-34 years,30-34,6470,2023
,Minnesota,27,2023,2023,35-39 years,35-39,2261,2023
,Minnesota,27,2023,2023,40-44 years,40-44,400,2023
,Minnesota,27,2023,2023,45-49 years,45-49,33,2023
,Mississippi,28,2023,2023,Under 15 years,15-,28,2023
,Mississippi,28,2023,2023,15 - 17 years,15-17,691,2023
,Mississippi,28,2023,2023,18 - 19 years,18-19,1529,2023
,Mississippi,28,2023,2023,20-24 years,20-24,4956,2023
,Mississippi,28,2023,2023,25-29 years,25-29,3583,2023
,Mississippi,28,2023,2023,30-34 years,30-34,1583,2023
,Mississippi,28,2023,2023,35-39 years,35-39,498,2023
,Mississippi,28,2023,2023,40-44 years,40-44,105,2023
,Missouri,29,2023,2023,Under 15 years,15-,38,2023
,Missouri,29,2023,2023,15 - 17 years,15-17,758,2023
,Missouri,29,2023,2023,18 - 19 years,18-19,1967,2023
,Missouri,29,2023,2023,20-24 years,20-24,7490,2023
,Missouri,29,2023,2023,25-29 years,25-29,7718,2023
,Missouri,29,2023,2023,30-34 years,30-34,5064,2023
,Missouri,29,2023,2023,35-39 years,35-39,1722,2023
,Missouri,29,2023,2023,40-44 years,40-44,277,2023
,Missouri,29,2023,2023,45-49 years,45-49,15,2023
,Montana,30,2023,2023,15 - 17 years,15-17,92,2023
,Montana,30,2023,2023,18 - 19 years,18-19,251,2023
,Montana,30,2023,2023,20-24 years,20-24,1176,2023
,Montana,30,2023,2023,25-29 years,25-29,1369,2023
,Montana,30,2023,2023,30-34 years,30-34,1026,2023
,Montana,30,2023,2023,35-39 years,35-39,400,2023
,Montana,30,2023,2023,40-44 years,40-44,60,2023
,Nebraska,31,2023,2023,Under 15 years,15-,12,2023
,Nebraska,31,2023,2023,15 - 17 years,15-17,213,2023
,Nebraska,31,2023,2023,18 - 19 years,18-19,557,2023
,Nebraska,31,2023,2023,20-24 years,20-24,2273,2023
,Nebraska,31,2023,2023,25-29 years,25-29,2949,2023
,Nebraska,31,2023,2023,30-34 years,30-34,1825,2023
,Nebraska,31,2023,2023,35-39 years,35-39,582,2023
,Nebraska,31,2023,2023,40-44 years,40-44,91,2023
,Nevada,32,2023,2023,Under 15 years,15-,15,2023
,Nevada,32,2023,2023,15 - 17 years,15-17,285,2023
,Nevada,32,2023,2023,18 - 19 years,18-19,780,2023
,Nevada,32,2023,2023,20-24 years,20-24,3183,2023
,Nevada,32,2023,2023,25-29 years,25-29,3418,2023
,Nevada,32,2023,2023,30-34 years,30-34,2801,2023
,Nevada,32,2023,2023,35-39 years,35-39,1246,2023
,Nevada,32,2023,2023,40-44 years,40-44,248,2023
,Nevada,32,2023,2023,45-49 years,45-49,17,2023
,New Hampshire,33,2023,2023,15 - 17 years,15-17,31,2023
,New Hampshire,33,2023,2023,18 - 19 years,18-19,130,2023
,New Hampshire,33,2023,2023,20-24 years,20-24,752,2023
,New Hampshire,33,2023,2023,25-29 years,25-29,1583,2023
,New Hampshire,33,2023,2023,30-34 years,30-34,1852,2023
,New Hampshire,33,2023,2023,35-39 years,35-39,640,2023
,New Hampshire,33,2023,2023,40-44 years,40-44,100,2023
,New Jersey,34,2023,2023,Under 15 years,15-,32,2023
,New Jersey,34,2023,2023,15 - 17 years,15-17,539,2023
,New Jersey,34,2023,2023,18 - 19 years,18-19,1344,2023
,New Jersey,34,2023,2023,20-24 years,20-24,6938,2023
,New Jersey,34,2023,2023,25-29 years,25-29,10024,2023
,New Jersey,34,2023,2023,30-34 years,30-34,14175,2023
,New Jersey,34,2023,2023,35-39 years,35-39,6023,2023
,New Jersey,34,2023,2023,40-44 years,40-44,1227,2023
,New Jersey,34,2023,2023,45-49 years,45-49,130,2023
,New Mexico,35,2023,2023,Under 15 years,15-,14,2023
,New Mexico,35,2023,2023,15 - 17 years,15-17,324,2023
,New Mexico,35,2023,2023,18 - 19 years,18-19,777,2023
,New Mexico,35,2023,2023,20-24 years,20-24,2718,2023
,New Mexico,35,2023,2023,25-29 years,25-29,2090,2023
,New Mexico,35,2023,2023,30-34 years,30-34,1281,2023
,New Mexico,35,2023,2023,35-39 years,35-39,551,2023
,New Mexico,35,2023,2023,40-44 years,40-44,117,2023
,New York,36,2023,2023,Under 15 years,15-,76,2023
,New York,36,2023,2023,15 - 17 years,15-17,1104,2023
,New York,36,2023,2023,18 - 19 years,18-19,3287,2023
,New York,36,2023,2023,20-24 years,20-24,16631,2023
,New York,36,2023,2023,25-29 years,25-29,20256,2023
,New York,36,2023,2023,30-34 years,30-34,24744,2023
,New York,36,2023,2023,35-39 years,35-39,12006,2023
,New York,36,2023,2023,40-44 years,40-44,2755,2023
,New York,36,2023,2023,45-49 years,45-49,322,2023
,New York,36,2023,2023,50 years and over,50+,52,2023
,North Carolina,37,2023,2023,Under 15 years,15-,73,2023
,North Carolina,37,2023,2023,15 - 17 years,15-17,1191,2023
,North Carolina,37,2023,2023,18 - 19 years,18-19,3285,2023
,North Carolina,37,2023,2023,20-24 years,20-24,12969,2023
,North Carolina,37,2023,2023,25-29 years,25-29,14283,2023
,North Carolina,37,2023,2023,30-34 years,30-34,11244,2023
,North Carolina,37,2023,2023,35-39 years,35-39,4083,2023
,North Carolina,37,2023,2023,40-44 years,40-44,735,2023
,North Carolina,37,2023,2023,45-49 years,45-49,54,2023
,North Dakota,38,2023,2023,15 - 17 years,15-17,76,2023
,North Dakota,38,2023,2023,18 - 19 years,18-19,187,2023
,North Dakota,38,2023,2023,20-24 years,20-24,911,2023
,North Dakota,38,2023,2023,25-29 years,25-29,1294,2023
,North Dakota,38,2023,2023,30-34 years,30-34,711,2023
,North Dakota,38,2023,2023,35-39 years,35-39,182,2023
,North Dakota,38,2023,2023,40-44 years,40-44,35,2023
,Ohio,39,2023,2023,Under 15 years,15-,68,2023
,Ohio,39,2023,2023,15 - 17 years,15-17,1262,2023
,Ohio,39,2023,2023,18 - 19 years,18-19,3372,2023
,Ohio,39,2023,2023,20-24 years,20-24,13236,2023
,Ohio,39,2023,2023,25-29 years,25-29,14528,2023
,Ohio,39,2023,2023,30-34 years,30-34,10462,2023
,Ohio,39,2023,2023,35-39 years,35-39,3519,2023
,Ohio,39,2023,2023,40-44 years,40-44,605,2023
,Ohio,39,2023,2023,45-49 years,45-49,54,2023
,Oklahoma,40,2023,2023,Under 15 years,15-,26,2023
,Oklahoma,40,2023,2023,15 - 17 years,15-17,657,2023
,Oklahoma,40,2023,2023,18 - 19 years,18-19,1742,2023
,Oklahoma,40,2023,2023,20-24 years,20-24,6253,2023
,Oklahoma,40,2023,2023,25-29 years,25-29,5069,2023
,Oklahoma,40,2023,2023,30-34 years,30-34,2765,2023
,Oklahoma,40,2023,2023,35-39 years,35-39,855,2023
,Oklahoma,40,2023,2023,40-44 years,40-44,151,2023
,Oregon,41,2023,2023,15 - 17 years,15-17,272,2023
,Oregon,41,2023,2023,18 - 19 years,18-19,776,2023
,Oregon,41,2023,2023,20-24 years,20-24,3566,2023
,Oregon,41,2023,2023,25-29 years,25-29,4394,2023
,Oregon,41,2023,2023,30-34 years,30-34,4128,2023
,Oregon,41,2023,2023,35-39 years,35-39,2063,2023
,Oregon,41,2023,2023,40-44 years,40-44,403,2023
,Oregon,41,2023,2023,45-49 years,45-49,27,2023
,Pennsylvania,42,2023,2023,Under 15 years,15-,54,2023
,Pennsylvania,42,2023,2023,15 - 17 years,15-17,1033,2023
,Pennsylvania,42,2023,2023,18 - 19 years,18-19,2477,2023
,Pennsylvania,42,2023,2023,20-24 years,20-24,11009,2023
,Pennsylvania,42,2023,2023,25-29 years,25-29,14185,2023
,Pennsylvania,42,2023,2023,30-34 years,30-34,13837,2023
,Pennsylvania,42,2023,2023,35-39 years,35-39,5066,2023
,Pennsylvania,42,2023,2023,40-44 years,40-44,890,2023
,Pennsylvania,42,2023,2023,45-49 years,45-49,75,2023
,Pennsylvania,42,2023,2023,50 years and over,50+,11,2023
,Rhode Island,44,2023,2023,15 - 17 years,15-17,61,2023
,Rhode Island,44,2023,2023,18 - 19 years,18-19,181,2023
,Rhode Island,44,2023,2023,20-24 years,20-24,791,2023
,Rhode Island,44,2023,2023,25-29 years,25-29,1068,2023
,Rhode Island,44,2023,2023,30-34 years,30-34,1303,2023
,Rhode Island,44,2023,2023,35-39 years,35-39,549,2023
,Rhode Island,44,2023,2023,40-44 years,40-44,81,2023
,South Carolina,45,2023,2023,Under 15 years,15-,37,2023
,South Carolina,45,2023,2023,15 - 17 years,15-17,747,2023
,South Carolina,45,2023,2023,18 - 19 years,18-19,1780,2023
,South Carolina,45,2023,2023,20-24 years,20-24,6391,2023
,South Carolina,45,2023,2023,25-29 years,25-29,6907,2023
,South Carolina,45,2023,2023,30-34 years,30-34,4906,2023
,South Carolina,45,2023,2023,35-39 years,35-39,1703,2023
,South Carolina,45,2023,2023,40-44 years,40-44,346,2023
,South Carolina,45,2023,2023,45-49 years,45-49,30,2023
,South Dakota,46,2023,2023,15 - 17 years,15-17,126,2023
,South Dakota,46,2023,2023,18 - 19 years,18-19,299,2023
,South Dakota,46,2023,2023,20-24 years,20-24,1131,2023
,South Dakota,46,2023,2023,25-29 years,25-29,1448,2023
,South Dakota,46,2023,2023,30-34 years,30-34,718,2023
,South Dakota,46,2023,2023,35-39 years,35-39,242,2023
,South Dakota,46,2023,2023,40-44 years,40-44,50,2023
,Tennessee,47,2023,2023,Under 15 years,15-,50,2023
,Tennessee,47,2023,2023,15 - 17 years,15-17,1032,2023
,Tennessee,47,2023,2023,18 - 19 years,18-19,2825,2023
,Tennessee,47,2023,2023,20-24 years,20-24,9873,2023
,Tennessee,47,2023,2023,25-29 years,25-29,9824,2023
,Tennessee,47,2023,2023,30-34 years,30-34,6447,2023
,Tennessee,47,2023,2023,35-39 years,35-39,2347,2023
,Tennessee,47,2023,2023,40-44 years,40-44,420,2023
,Tennessee,47,2023,2023,45-49 years,45-49,30,2023
,Texas,48,2023,2023,Under 15 years,15-,282,2023
,Texas,48,2023,2023,15 - 17 years,15-17,5245,2023
,Texas,48,2023,2023,18 - 19 years,18-19,12295,2023
,Texas,48,2023,2023,20-24 years,20-24,42917,2023
,Texas,48,2023,2023,25-29 years,25-29,42814,2023
,Texas,48,2023,2023,30-34 years,30-34,31542,2023
,Texas,48,2023,2023,35-39 years,35-39,12051,2023
,Texas,48,2023,2023,40-44 years,40-44,2465,2023
,Texas,48,2023,2023,45-49 years,45-49,220,2023
,Texas,48,2023,2023,50 years and over,50+,32,2023
,Utah,49,2023,2023,15 - 17 years,15-17,271,2023
,Utah,49,2023,2023,18 - 19 years,18-19,785,2023
,Utah,49,2023,2023,20-24 years,20-24,5267,2023
,Utah,49,2023,2023,25-29 years,25-29,5958,2023
,Utah,49,2023,2023,30-34 years,30-34,2811,2023
,Utah,49,2023,2023,35-39 years,35-39,961,2023
,Utah,49,2023,2023,40-44 years,40-44,212,2023
,Utah,49,2023,2023,45-49 years,45-49,16,2023
,Vermont,50,2023,2023,15 - 17 years,15-17,24,2023
,Vermont,50,2023,2023,18 - 19 years,18-19,82,2023
,Vermont,50,2023,2023,20-24 years,20-24,356,2023
,Vermont,50,2023,2023,25-29 years,25-29,582,2023
,Vermont,50,2023,2023,30-34 years,30-34,725,2023
,Vermont,50,2023,2023,35-39 years,35-39,309,2023
,Vermont,50,2023,2023,40-44 years,40-44,58,2023
,Virginia,51,2023,2023,Under 15 years,15-,37,2023
,Virginia,51,2023,2023,15 - 17 years,15-17,695,2023
,Virginia,51,2023,2023,18 - 19 years,18-19,1955,2023
,Virginia,51,2023,2023,20-24 years,20-24,8558,2023
,Virginia,51,2023,2023,25-29 years,25-29,10448,2023
,Virginia,51,2023,2023,30-34 years,30-34,10085,2023
,Virginia,51,2023,2023,35-39 years,35-39,4070,2023
,Virginia,51,2023,2023,40-44 years,40-44,853,2023
,Virginia,51,2023,2023,45-49 years,45-49,95,2023
,Virginia,51,2023,2023,50 years and over,50+,11,2023
,Washington,53,2023,2023,Under 15 years,15-,19,2023
,Washington,53,2023,2023,15 - 17 years,15-17,475,2023
,Washington,53,2023,2023,18 - 19 years,18-19,1410,2023
,Washington,53,2023,2023,20-24 years,20-24,6600,2023
,Washington,53,2023,2023,25-29 years,25-29,8620,2023
,Washington,53,2023,2023,30-34 years,30-34,9581,2023
,Washington,53,2023,2023,35-39 years,35-39,4014,2023
,Washington,53,2023,2023,40-44 years,40-44,796,2023
,Washington,53,2023,2023,45-49 years,45-49,65,2023
,West Virginia,54,2023,2023,Under 15 years,15-,11,2023
,West Virginia,54,2023,2023,15 - 17 years,15-17,186,2023
,West Virginia,54,2023,2023,18 - 19 years,18-19,638,2023
,West Virginia,54,2023,2023,20-24 years,20-24,2391,2023
,West Virginia,54,2023,2023,25-29 years,25-29,1965,2023
,West Virginia,54,2023,2023,30-34 years,30-34,976,2023
,West Virginia,54,2023,2023,35-39 years,35-39,318,2023
,West Virginia,54,2023,2023,40-44 years,40-44,64,2023
,Wisconsin,55,2023,2023,Under 15 years,15-,20,2023
,Wisconsin,55,2023,2023,15 - 17 years,15-17,443,2023
,Wisconsin,55,2023,2023,18 - 19 years,18-19,1172,2023
,Wisconsin,55,2023,2023,20-24 years,20-24,5144,2023
,Wisconsin,55,2023,2023,25-29 years,25-29,7505,2023
,Wisconsin,55,2023,2023,30-34 years,30-34,5671,2023
,Wisconsin,55,2023,2023,35-39 years,35-39,1818,2023
,Wisconsin,55,2023,2023,40-44 years,40-44,295,2023
,Wisconsin,55,2023,2023,45-49 years,45-49,13,2023
,Wyoming,56,2023,2023,15 - 17 years,15-17,56,2023
,Wyoming,56,2023,2023,18 - 19 years,18-19,156,2023
,Wyoming,56,2023,2023,20-24 years,20-24,737,2023
,Wyoming,56,2023,2023,25-29 years,25-29,707,2023
,Wyoming,56,2023,2023,30-34 years,30-34,388,2023
,Wyoming,56,2023,2023,35-39 years,35-39,142,2023
,Wyoming,56,2023,2023,40-44 years,40-44,32,2023
---,,,,,,,,2023
"Dataset: Natality, 2007-2024",,,,,,,,2023
Query Parameters:,,,,,,,,2023
Live Birth Order: 1st child born alive to mother,,,,,,,,2023
Year: 2023,,,,,,,,2023
Group By: State; Year; Age of Mother 10,,,,,,,,2023
Show Totals: Disabled,,,,,,,,2023
Show Zero Values: False,,,,,,,,2023
Show Suppressed: False,,,,,,,,2023
"Calculate Rates Per: 1,000",,,,,,,,2023
Population Option: No populations shown because rates were not selected.,,,,,,,,2023
---,,,,,,,,2023
Help: See http://wonder.cdc.gov/wonder/help/natality.html for more information.,,,,,,,,2023
---,,,,,,,,2023
"Query Date: Mar 28, 2026 5:19:01 AM",,,,,,,,2023
---,,,,,,,,2023
"Suggested Citation: Centers for Disease Control and Prevention, National Center for Health Statistics. National Vital Statistics",,,,,,,,2023
"System, Natality on CDC WONDER Online Database. Data are from the Natality Records 2007-2024, as compiled from data provided by",,,,,,,,2023
the 57 vital statistics jurisdictions through the Vital Statistics Cooperative Program. Accessed at,,,,,,,,2023
"http://wonder.cdc.gov/natality-current.html on Mar 28, 2026 5:19:01 AM",,,,,,,,2023
---,,,,,,,,2023
Messages:,,,,,,,,2023
1. Totals are not available for these results due to suppression constraints. More Information:,,,,,,,,2023
http://wonder.cdc.gov/wonder/help/faq.html#Privacy.,,,,,,,,2023
2. Rows with zero Births are hidden. Use Quick Options above to show zero rows.,,,,,,,,2023
3. Rows with suppressed Births are hidden. Use Quick Options above to show suppressed rows.,,,,,,,,2023
---,,,,,,,,2023
Caveats:,,,,,,,,2023
1. 'Suppressed' appears when the data do not meet the criteria for confidentiality constraints. More information:,,,,,,,,2023
http://wonder.cdc.gov/wonder/help/natality.html#Assurance of Confidentiality.,,,,,,,,2023
2. Each birth record represents one liveborn infant.,,,,,,,,2023
,Alabama,01,2024,2024,Under 15 years,15-,49,2024
,Alabama,01,2024,2024,15 - 17 years,15-17,846,2024
,Alabama,01,2024,2024,18 - 19 years,18-19,1913,2024
,Alabama,01,2024,2024,20-24 years,20-24,7296,2024
,Alabama,01,2024,2024,25-29 years,25-29,6920,2024
,Alabama,01,2024,2024,30-34 years,30-34,3553,2024
,Alabama,01,2024,2024,35-39 years,35-39,1215,2024
,Alabama,01,2024,2024,40-44 years,40-44,233,2024
,Alaska,02,2024,2024,15 - 17 years,15-17,58,2024
,Alaska,02,2024,2024,18 - 19 years,18-19,212,2024
,Alaska,02,2024,2024,20-24 years,20-24,947,2024
,Alaska,02,2024,2024,25-29 years,25-29,869,2024
,Alaska,02,2024,2024,30-34 years,30-34,668,2024
,Alaska,02,2024,2024,35-39 years,35-39,298,2024
,Alaska,02,2024,2024,40-44 years,40-44,53,2024
,Arizona,04,2024,2024,Under 15 years,15-,23,2024
,Arizona,04,2024,2024,15 - 17 years,15-17,771,2024
,Arizona,04,2024,2024,18 - 19 years,18-19,2235,2024
,Arizona,04,2024,2024,20-24 years,20-24,8793,2024
,Arizona,04,2024,2024,25-29 years,25-29,9105,2024
,Arizona,04,2024,2024,30-34 years,30-34,6777,2024
,Arizona,04,2024,2024,35-39 years,35-39,2545,2024
,Arizona,04,2024,2024,40-44 years,40-44,515,2024
,Arizona,04,2024,2024,45-49 years,45-49,47,2024
,Arizona,04,2024,2024,50 years and over,50+,12,2024
,Arkansas,05,2024,2024,Under 15 years,15-,19,2024
,Arkansas,05,2024,2024,15 - 17 years,15-17,521,2024
,Arkansas,05,2024,2024,18 - 19 years,18-19,1415,2024
,Arkansas,05,2024,2024,20-24 years,20-24,4793,2024
,Arkansas,05,2024,2024,25-29 years,25-29,3951,2024
,Arkansas,05,2024,2024,30-34 years,30-34,1990,2024
,Arkansas,05,2024,2024,35-39 years,35-39,590,2024
,Arkansas,05,2024,2024,40-44 years,40-44,93,2024
,California,06,2024,2024,Under 15 years,15-,132,2024
,California,06,2024,2024,15 - 17 years,15-17,2551,2024
,California,06,2024,2024,18 - 19 years,18-19,7338,2024
,California,06,2024,2024,20-24 years,20-24,32239,2024
,California,06,2024,2024,25-29 years,25-29,41079,2024
,California,06,2024,2024,30-34 years,30-34,49821,2024
,California,06,2024,2024,35-39 years,35-39,25792,2024
,California,06,2024,2024,40-44 years,40-44,5521,2024
,California,06,2024,2024,45-49 years,45-49,492,2024
,California,06,2024,2024,50 years and over,50+,76,2024
,Colorado,08,2024,2024,Under 15 years,15-,20,2024
,Colorado,08,2024,2024,15 - 17 years,15-17,503,2024
,Colorado,08,2024,2024,18 - 19 years,18-19,1291,2024
,Colorado,08,2024,2024,20-24 years,20-24,5679,2024
,Colorado,08,2024,2024,25-29 years,25-29,7145,2024
,Colorado,08,2024,2024,30-34 years,30-34,8145,2024
,Colorado,08,2024,2024,35-39 years,35-39,3608,2024
,Colorado,08,2024,2024,40-44 years,40-44,619,2024
,Colorado,08,2024,2024,45-49 years,45-49,49,2024
,Connecticut,09,2024,2024,15 - 17 years,15-17,169,2024
,Connecticut,09,2024,2024,18 - 19 years,18-19,515,2024
,Connecticut,09,2024,2024,20-24 years,20-24,2201,2024
,Connecticut,09,2024,2024,25-29 years,25-29,3557,2024
,Connecticut,09,2024,2024,30-34 years,30-34,5006,2024
,Connecticut,09,2024,2024,35-39 years,35-39,1971,2024
,Connecticut,09,2024,2024,40-44 years,40-44,382,2024
,Connecticut,09,2024,2024,45-49 years,45-49,52,2024
,Delaware,10,2024,2024,15 - 17 years,15-17,100,2024
,Delaware,10,2024,2024,18 - 19 years,18-19,264,2024
,Delaware,10,2024,2024,20-24 years,20-24,992,2024
,Delaware,10,2024,2024,25-29 years,25-29,1191,2024
,Delaware,10,2024,2024,30-34 years,30-34,1068,2024
,Delaware,10,2024,2024,35-39 years,35-39,397,2024
,Delaware,10,2024,2024,40-44 years,40-44,83,2024
,District of Columbia,11,2024,2024,15 - 17 years,15-17,82,2024
,District of Columbia,11,2024,2024,18 - 19 years,18-19,136,2024
,District of Columbia,11,2024,2024,20-24 years,20-24,472,2024
,District of Columbia,11,2024,2024,25-29 years,25-29,491,2024
,District of Columbia,11,2024,2024,30-34 years,30-34,1115,2024
,District of Columbia,11,2024,2024,35-39 years,35-39,828,2024
,District of Columbia,11,2024,2024,40-44 years,40-44,218,2024
,District of Columbia,11,2024,2024,45-49 years,45-49,18,2024
,Florida,12,2024,2024,Under 15 years,15-,101,2024
,Florida,12,2024,2024,15 - 17 years,15-17,1785,2024
,Florida,12,2024,2024,18 - 19 years,18-19,4961,2024
,Florida,12,2024,2024,20-24 years,20-24,21485,2024
,Florida,12,2024,2024,25-29 years,25-29,27469,2024
,Florida,12,2024,2024,30-34 years,30-34,24359,2024
,Florida,12,2024,2024,35-39 years,35-39,11131,2024
,Florida,12,2024,2024,40-44 years,40-44,2451,2024
,Florida,12,2024,2024,45-49 years,45-49,231,2024
,Florida,12,2024,2024,50 years and over,50+,33,2024
,Georgia,13,2024,2024,Under 15 years,15-,78,2024
,Georgia,13,2024,2024,15 - 17 years,15-17,1451,2024
,Georgia,13,2024,2024,18 - 19 years,18-19,3826,2024
,Georgia,13,2024,2024,20-24 years,20-24,14679,2024
,Georgia,13,2024,2024,25-29 years,25-29,15574,2024
,Georgia,13,2024,2024,30-34 years,30-34,12641,2024
,Georgia,13,2024,2024,35-39 years,35-39,5505,2024
,Georgia,13,2024,2024,40-44 years,40-44,1297,2024
,Georgia,13,2024,2024,45-49 years,45-49,128,2024
,Georgia,13,2024,2024,50 years and over,50+,18,2024
,Hawaii,15,2024,2024,15 - 17 years,15-17,74,2024
,Hawaii,15,2024,2024,18 - 19 years,18-19,284,2024
,Hawaii,15,2024,2024,20-24 years,20-24,1432,2024
,Hawaii,15,2024,2024,25-29 years,25-29,1646,2024
,Hawaii,15,2024,2024,30-34 years,30-34,1429,2024
,Hawaii,15,2024,2024,35-39 years,35-39,805,2024
,Hawaii,15,2024,2024,40-44 years,40-44,206,2024
,Hawaii,15,2024,2024,45-49 years,45-49,21,2024
,Idaho,16,2024,2024,15 - 17 years,15-17,155,2024
,Idaho,16,2024,2024,18 - 19 years,18-19,505,2024
,Idaho,16,2024,2024,20-24 years,20-24,2989,2024
,Idaho,16,2024,2024,25-29 years,25-29,2616,2024
,Idaho,16,2024,2024,30-34 years,30-34,1486,2024
,Idaho,16,2024,2024,35-39 years,35-39,508,2024
,Idaho,16,2024,2024,40-44 years,40-44,87,2024
,Illinois,17,2024,2024,Under 15 years,15-,54,2024
,Illinois,17,2024,2024,15 - 17 years,15-17,1037,2024
,Illinois,17,2024,2024,18 - 19 years,18-19,2656,2024
,Illinois,17,2024,2024,20-24 years,20-24,10992,2024
,Illinois,17,2024,2024,25-29 years,25-29,13565,2024
,Illinois,17,2024,2024,30-34 years,30-34,13958,2024
,Illinois,17,2024,2024,35-39 years,35-39,5597,2024
,Illinois,17,2024,2024,40-44 years,40-44,1144,2024
,Illinois,17,2024,2024,45-49 years,45-49,117,2024
,Illinois,17,2024,2024,50 years and over,50+,14,2024
,Indiana,18,2024,2024,Under 15 years,15-,42,2024
,Indiana,18,2024,2024,15 - 17 years,15-17,782,2024
,Indiana,18,2024,2024,18 - 19 years,18-19,2220,2024
,Indiana,18,2024,2024,20-24 years,20-24,9093,2024
,Indiana,18,2024,2024,25-29 years,25-29,9402,2024
,Indiana,18,2024,2024,30-34 years,30-34,5699,2024
,Indiana,18,2024,2024,35-39 years,35-39,1827,2024
,Indiana,18,2024,2024,40-44 years,40-44,340,2024
,Indiana,18,2024,2024,45-49 years,45-49,29,2024
,Iowa,19,2024,2024,Under 15 years,15-,18,2024
,Iowa,19,2024,2024,15 - 17 years,15-17,326,2024
,Iowa,19,2024,2024,18 - 19 years,18-19,864,2024
,Iowa,19,2024,2024,20-24 years,20-24,3625,2024
,Iowa,19,2024,2024,25-29 years,25-29,4706,2024
,Iowa,19,2024,2024,30-34 years,30-34,2613,2024
,Iowa,19,2024,2024,35-39 years,35-39,746,2024
,Iowa,19,2024,2024,40-44 years,40-44,128,2024
,Iowa,19,2024,2024,45-49 years,45-49,12,2024
,Kansas,20,2024,2024,Under 15 years,15-,22,2024
,Kansas,20,2024,2024,15 - 17 years,15-17,346,2024
,Kansas,20,2024,2024,18 - 19 years,18-19,991,2024
,Kansas,20,2024,2024,20-24 years,20-24,3934,2024
,Kansas,20,2024,2024,25-29 years,25-29,3938,2024
,Kansas,20,2024,2024,30-34 years,30-34,2371,2024
,Kansas,20,2024,2024,35-39 years,35-39,763,2024
,Kansas,20,2024,2024,40-44 years,40-44,142,2024
,Kentucky,21,2024,2024,Under 15 years,15-,33,2024
,Kentucky,21,2024,2024,15 - 17 years,15-17,636,2024
,Kentucky,21,2024,2024,18 - 19 years,18-19,1918,2024
,Kentucky,21,2024,2024,20-24 years,20-24,6814,2024
,Kentucky,21,2024,2024,25-29 years,25-29,6078,2024
,Kentucky,21,2024,2024,30-34 years,30-34,3424,2024
,Kentucky,21,2024,2024,35-39 years,35-39,1126,2024
,Kentucky,21,2024,2024,40-44 years,40-44,218,2024
,Louisiana,22,2024,2024,Under 15 years,15-,56,2024
,Louisiana,22,2024,2024,15 - 17 years,15-17,769,2024
,Louisiana,22,2024,2024,18 - 19 years,18-19,1938,2024
,Louisiana,22,2024,2024,20-24 years,20-24,6743,2024
,Louisiana,22,2024,2024,25-29 years,25-29,5498,2024
,Louisiana,22,2024,2024,30-34 years,30-34,3137,2024
,Louisiana,22,2024,2024,35-39 years,35-39,1194,2024
,Louisiana,22,2024,2024,40-44 years,40-44,239,2024
,Louisiana,22,2024,2024,45-49 years,45-49,16,2024
,Maine,23,2024,2024,15 - 17 years,15-17,62,2024
,Maine,23,2024,2024,18 - 19 years,18-19,214,2024
,Maine,23,2024,2024,20-24 years,20-24,965,2024
,Maine,23,2024,2024,25-29 years,25-29,1421,2024
,Maine,23,2024,2024,30-34 years,30-34,1371,2024
,Maine,23,2024,2024,35-39 years,35-39,549,2024
,Maine,23,2024,2024,40-44 years,40-44,105,2024
,Maryland,24,2024,2024,Under 15 years,15-,42,2024
,Maryland,24,2024,2024,15 - 17 years,15-17,522,2024
,Maryland,24,2024,2024,18 - 19 years,18-19,1241,2024
,Maryland,24,2024,2024,20-24 years,20-24,5063,2024
,Maryland,24,2024,2024,25-29 years,25-29,6750,2024
,Maryland,24,2024,2024,30-34 years,30-34,7270,2024
,Maryland,24,2024,2024,35-39 years,35-39,3381,2024
,Maryland,24,2024,2024,40-44 years,40-44,750,2024
,Maryland,24,2024,2024,45-49 years,45-49,77,2024
,Maryland,24,2024,2024,50 years and over,50+,31,2024
,Massachusetts,25,2024,2024,Under 15 years,15-,12,2024
,Massachusetts,25,2024,2024,15 - 17 years,15-17,288,2024
,Massachusetts,25,2024,2024,18 - 19 years,18-19,823,2024
,Massachusetts,25,2024,2024,20-24 years,20-24,3929,2024
,Massachusetts,25,2024,2024,25-29 years,25-29,6946,2024
,Massachusetts,25,2024,2024,30-34 years,30-34,11143,2024
,Massachusetts,25,2024,2024,35-39 years,35-39,4874,2024
,Massachusetts,25,2024,2024,40-44 years,40-44,877,2024
,Massachusetts,25,2024,2024,45-49 years,45-49,86,2024
,Massachusetts,25,2024,2024,50 years and over,50+,10,2024
,Michigan,26,2024,2024,Under 15 years,15-,41,2024
,Michigan,26,2024,2024,15 - 17 years,15-17,693,2024
,Michigan,26,2024,2024,18 - 19 years,18-19,2109,2024
,Michigan,26,2024,2024,20-24 years,20-24,9179,2024
,Michigan,26,2024,2024,25-29 years,25-29,12274,2024
,Michigan,26,2024,2024,30-34 years,30-34,9853,2024
,Michigan,26,2024,2024,35-39 years,35-39,3360,2024
,Michigan,26,2024,2024,40-44 years,40-44,588,2024
,Michigan,26,2024,2024,45-49 years,45-49,35,2024
,Minnesota,27,2024,2024,Under 15 years,15-,21,2024
,Minnesota,27,2024,2024,15 - 17 years,15-17,351,2024
,Minnesota,27,2024,2024,18 - 19 years,18-19,873,2024
,Minnesota,27,2024,2024,20-24 years,20-24,4515,2024
,Minnesota,27,2024,2024,25-29 years,25-29,7215,2024
,Minnesota,27,2024,2024,30-34 years,30-34,6477,2024
,Minnesota,27,2024,2024,35-39 years,35-39,2356,2024
,Minnesota,27,2024,2024,40-44 years,40-44,420,2024
,Minnesota,27,2024,2024,45-49 years,45-49,37,2024
,Minnesota,27,2024,2024,50 years and over,50+,10,2024
,Mississippi,28,2024,2024,Under 15 years,15-,39,2024
,Mississippi,28,2024,2024,15 - 17 years,15-17,580,2024
,Mississippi,28,2024,2024,18 - 19 years,18-19,1403,2024
,Mississippi,28,2024,2024,20-24 years,20-24,4777,2024
,Mississippi,28,2024,2024,25-29 years,25-29,3524,2024
,Mississippi,28,2024,2024,30-34 years,30-34,1648,2024
,Mississippi,28,2024,2024,35-39 years,35-39,535,2024
,Mississippi,28,2024,2024,40-44 years,40-44,96,2024
,Mississippi,28,2024,2024,45-49 years,45-49,10,2024
,Missouri,29,2024,2024,Under 15 years,15-,38,2024
,Missouri,29,2024,2024,15 - 17 years,15-17,745,2024
,Missouri,29,2024,2024,18 - 19 years,18-19,2009,2024
,Missouri,29,2024,2024,20-24 years,20-24,7569,2024
,Missouri,29,2024,2024,25-29 years,25-29,7908,2024
,Missouri,29,2024,2024,30-34 years,30-34,5232,2024
,Missouri,29,2024,2024,35-39 years,35-39,1633,2024
,Missouri,29,2024,2024,40-44 years,40-44,297,2024
,Missouri,29,2024,2024,45-49 years,45-49,26,2024
,Montana,30,2024,2024,15 - 17 years,15-17,86,2024
,Montana,30,2024,2024,18 - 19 years,18-19,253,2024
,Montana,30,2024,2024,20-24 years,20-24,1171,2024
,Montana,30,2024,2024,25-29 years,25-29,1450,2024
,Montana,30,2024,2024,30-34 years,30-34,993,2024
,Montana,30,2024,2024,35-39 years,35-39,455,2024
,Montana,30,2024,2024,40-44 years,40-44,75,2024
,Nebraska,31,2024,2024,Under 15 years,15-,12,2024
,Nebraska,31,2024,2024,15 - 17 years,15-17,254,2024
,Nebraska,31,2024,2024,18 - 19 years,18-19,591,2024
,Nebraska,31,2024,2024,20-24 years,20-24,2370,2024
,Nebraska,31,2024,2024,25-29 years,25-29,3095,2024
,Nebraska,31,2024,2024,30-34 years,30-34,1769,2024
,Nebraska,31,2024,2024,35-39 years,35-39,634,2024
,Nebraska,31,2024,2024,40-44 years,40-44,110,2024
,Nevada,32,2024,2024,15 - 17 years,15-17,269,2024
,Nevada,32,2024,2024,18 - 19 years,18-19,714,2024
,Nevada,32,2024,2024,20-24 years,20-24,3115,2024
,Nevada,32,2024,2024,25-29 years,25-29,3480,2024
,Nevada,32,2024,2024,30-34 years,30-34,2927,2024
,Nevada,32,2024,2024,35-39 years,35-39,1311,2024
,Nevada,32,2024,2024,40-44 years,40-44,250,2024
,Nevada,32,2024,2024,45-49 years,45-49,18,2024
,New Hampshire,33,2024,2024,15 - 17 years,15-17,32,2024
,New Hampshire,33,2024,2024,18 - 19 years,18-19,134,2024
,New Hampshire,33,2024,2024,20-24 years,20-24,711,2024
,New Hampshire,33,2024,2024,25-29 years,25-29,1505,2024
,New Hampshire,33,2024,2024,30-34 years,30-34,1781,2024
,New Hampshire,33,2024,2024,35-39 years,35-39,663,2024
,New Hampshire,33,2024,2024,40-44 years,40-44,133,2024
,New Jersey,34,2024,2024,Under 15 years,15-,31,2024
,New Jersey,34,2024,2024,15 - 17 years,15-17,511,2024
,New Jersey,34,2024,2024,18 - 19 years,18-19,1321,2024
,New Jersey,34,2024,2024,20-24 years,20-24,7026,2024
,New Jersey,34,2024,2024,25-29 years,25-29,9944,2024
,New Jersey,34,2024,2024,30-34 years,30-34,14221,2024
,New Jersey,34,2024,2024,35-39 years,35-39,6243,2024
,New Jersey,34,2024,2024,40-44 years,40-44,1352,2024
,New Jersey,34,2024,2024,45-49 years,45-49,133,2024
,New Jersey,34,2024,2024,50 years and over,50+,16,2024
,New Mexico,35,2024,2024,Under 15 years,15-,16,2024
,New Mexico,35,2024,2024,15 - 17 years,15-17,310,2024
,New Mexico,35,2024,2024,18 - 19 years,18-19,811,2024
,New Mexico,35,2024,2024,20-24 years,20-24,2854,2024
,New Mexico,35,2024,2024,25-29 years,25-29,2116,2024
,New Mexico,35,2024,2024,30-34 years,30-34,1399,2024
,New Mexico,35,2024,2024,35-39 years,35-39,587,2024
,New Mexico,35,2024,2024,40-44 years,40-44,111,2024
,New Mexico,35,2024,2024,45-49 years,45-49,11,2024
,New York,36,2024,2024,Under 15 years,15-,62,2024
,New York,36,2024,2024,15 - 17 years,15-17,1049,2024
,New York,36,2024,2024,18 - 19 years,18-19,3089,2024
,New York,36,2024,2024,20-24 years,20-24,16643,2024
,New York,36,2024,2024,25-29 years,25-29,20108,2024
,New York,36,2024,2024,30-34 years,30-34,25186,2024
,New York,36,2024,2024,35-39 years,35-39,12254,2024
,New York,36,2024,2024,40-44 years,40-44,2796,2024
,New York,36,2024,2024,45-49 years,45-49,325,2024
,New York,36,2024,2024,50 years and over,50+,52,2024
,North Carolina,37,2024,2024,Under 15 years,15-,55,2024
,North Carolina,37,2024,2024,15 - 17 years,15-17,1172,2024
,North Carolina,37,2024,2024,18 - 19 years,18-19,3234,2024
,North Carolina,37,2024,2024,20-24 years,20-24,13021,2024
,North Carolina,37,2024,2024,25-29 years,25-29,14275,2024
,North Carolina,37,2024,2024,30-34 years,30-34,11506,2024
,North Carolina,37,2024,2024,35-39 years,35-39,4282,2024
,North Carolina,37,2024,2024,40-44 years,40-44,800,2024
,North Carolina,37,2024,2024,45-49 years,45-49,70,2024
,North Dakota,38,2024,2024,15 - 17 years,15-17,64,2024
,North Dakota,38,2024,2024,18 - 19 years,18-19,218,2024
,North Dakota,38,2024,2024,20-24 years,20-24,1014,2024
,North Dakota,38,2024,2024,25-29 years,25-29,1267,2024
,North Dakota,38,2024,2024,30-34 years,30-34,710,2024
,North Dakota,38,2024,2024,35-39 years,35-39,186,2024
,North Dakota,38,2024,2024,40-44 years,40-44,30,2024
,Ohio,39,2024,2024,Under 15 years,15-,67,2024
,Ohio,39,2024,2024,15 - 17 years,15-17,1211,2024
,Ohio,39,2024,2024,18 - 19 years,18-19,3305,2024
,Ohio,39,2024,2024,20-24 years,20-24,12856,2024
,Ohio,39,2024,2024,25-29 years,25-29,14356,2024
,Ohio,39,2024,2024,30-34 years,30-34,10539,2024
,Ohio,39,2024,2024,35-39 years,35-39,3583,2024
,Ohio,39,2024,2024,40-44 years,40-44,631,2024
,Ohio,39,2024,2024,45-49 years,45-49,42,2024
,Oklahoma,40,2024,2024,Under 15 years,15-,38,2024
,Oklahoma,40,2024,2024,15 - 17 years,15-17,641,2024
,Oklahoma,40,2024,2024,18 - 19 years,18-19,1695,2024
,Oklahoma,40,2024,2024,20-24 years,20-24,6296,2024
,Oklahoma,40,2024,2024,25-29 years,25-29,5167,2024
,Oklahoma,40,2024,2024,30-34 years,30-34,2617,2024
,Oklahoma,40,2024,2024,35-39 years,35-39,965,2024
,Oklahoma,40,2024,2024,40-44 years,40-44,176,2024
,Oregon,41,2024,2024,Under 15 years,15-,10,2024
,Oregon,41,2024,2024,15 - 17 years,15-17,257,2024
,Oregon,41,2024,2024,18 - 19 years,18-19,732,2024
,Oregon,41,2024,2024,20-24 years,20-24,3502,2024
,Oregon,41,2024,2024,25-29 years,25-29,4329,2024
,Oregon,41,2024,2024,30-34 years,30-34,4150,2024
,Oregon,41,2024,2024,35-39 years,35-39,2087,2024
,Oregon,41,2024,2024,40-44 years,40-44,393,2024
,Oregon,41,2024,2024,45-49 years,45-49,28,2024
,Pennsylvania,42,2024,2024,Under 15 years,15-,56,2024
,Pennsylvania,42,2024,2024,15 - 17 years,15-17,997,2024
,Pennsylvania,42,2024,2024,18 - 19 years,18-19,2496,2024
,Pennsylvania,42,2024,2024,20-24 years,20-24,10809,2024
,Pennsylvania,42,2024,2024,25-29 years,25-29,13783,2024
,Pennsylvania,42,2024,2024,30-34 years,30-34,14081,2024
,Pennsylvania,42,2024,2024,35-39 years,35-39,5379,2024
,Pennsylvania,42,2024,2024,40-44 years,40-44,965,2024
,Pennsylvania,42,2024,2024,45-49 years,45-49,93,2024
,Pennsylvania,42,2024,2024,50 years and over,50+,11,2024
,Rhode Island,44,2024,2024,15 - 17 years,15-17,65,2024
,Rhode Island,44,2024,2024,18 - 19 years,18-19,176,2024
,Rhode Island,44,2024,2024,20-24 years,20-24,732,2024
,Rhode Island,44,2024,2024,25-29 years,25-29,1073,2024
,Rhode Island,44,2024,2024,30-34 years,30-34,1410,2024
,Rhode Island,44,2024,2024,35-39 years,35-39,593,2024
,Rhode Island,44,2024,2024,40-44 years,40-44,101,2024
,Rhode Island,44,2024,2024,45-49 years,45-49,11,2024
,South Carolina,45,2024,2024,Under 15 years,15-,43,2024
,South Carolina,45,2024,2024,15 - 17 years,15-17,748,2024
,South Carolina,45,2024,2024,18 - 19 years,18-19,1867,2024
,South Carolina,45,2024,2024,20-24 years,20-24,6556,2024
,South Carolina,45,2024,2024,25-29 years,25-29,6975,2024
,South Carolina,45,2024,2024,30-34 years,30-34,4967,2024
,South Carolina,45,2024,2024,35-39 years,35-39,1781,2024
,South Carolina,45,2024,2024,40-44 years,40-44,365,2024
,South Carolina,45,2024,2024,45-49 years,45-49,24,2024
,South Dakota,46,2024,2024,15 - 17 years,15-17,118,2024
,South Dakota,46,2024,2024,18 - 19 years,18-19,277,2024
,South Dakota,46,2024,2024,20-24 years,20-24,1118,2024
,South Dakota,46,2024,2024,25-29 years,25-29,1409,2024
,South Dakota,46,2024,2024,30-34 years,30-34,839,2024
,South Dakota,46,2024,2024,35-39 years,35-39,255,2024
,South Dakota,46,2024,2024,40-44 years,40-44,52,2024
,Tennessee,47,2024,2024,Under 15 years,15-,67,2024
,Tennessee,47,2024,2024,15 - 17 years,15-17,1051,2024
,Tennessee,47,2024,2024,18 - 19 years,18-19,2723,2024
,Tennessee,47,2024,2024,20-24 years,20-24,10043,2024
,Tennessee,47,2024,2024,25-29 years,25-29,9931,2024
,Tennessee,47,2024,2024,30-34 years,30-34,6686,2024
,Tennessee,47,2024,2024,35-39 years,35-39,2355,2024
,Tennessee,47,2024,2024,40-44 years,40-44,471,2024
,Tennessee,47,2024,2024,45-49 years,45-49,26,2024
,Texas,48,2024,2024,Under 15 years,15-,242,2024
,Texas,48,2024,2024,15 - 17 years,15-17,4903,2024
,Texas,48,2024,2024,18 - 19 years,18-19,12125,2024
,Texas,48,2024,2024,20-24 years,20-24,43496,2024
,Texas,48,2024,2024,25-29 years,25-29,43549,2024
,Texas,48,2024,2024,30-34 years,30-34,32980,2024
,Texas,48,2024,2024,35-39 years,35-39,12720,2024
,Texas,48,2024,2024,40-44 years,40-44,2546,2024
,Texas,48,2024,2024,45-49 years,45-49,210,2024
,Texas,48,2024,2024,50 years and over,50+,32,2024
,Utah,49,2024,2024,15 - 17 years,15-17,265,2024
,Utah,49,2024,2024,18 - 19 years,18-19,763,2024
,Utah,49,2024,2024,20-24 years,20-24,5535,2024
,Utah,49,2024,2024,25-29 years,25-29,6116,2024
,Utah,49,2024,2024,30-34 years,30-34,2893,2024
,Utah,49,2024,2024,35-39 years,35-39,1102,2024
,Utah,49,2024,2024,40-44 years,40-44,207,2024
,Utah,49,2024,2024,45-49 years,45-49,19,2024
,Vermont,50,2024,2024,15 - 17 years,15-17,34,2024
,Vermont,50,2024,2024,18 - 19 years,18-19,74,2024
,Vermont,50,2024,2024,20-24 years,20-24,386,2024
,Vermont,50,2024,2024,25-29 years,25-29,582,2024
,Vermont,50,2024,2024,30-34 years,30-34,666,2024
,Vermont,50,2024,2024,35-39 years,35-39,335,2024
,Vermont,50,2024,2024,40-44 years,40-44,63,2024
,Virginia,51,2024,2024,Under 15 years,15-,26,2024
,Virginia,51,2024,2024,15 - 17 years,15-17,637,2024
,Virginia,51,2024,2024,18 - 19 years,18-19,1984,2024
,Virginia,51,2024,2024,20-24 years,20-24,8536,2024
,Virginia,51,2024,2024,25-29 years,25-29,10832,2024
,Virginia,51,2024,2024,30-34 years,30-34,10192,2024
,Virginia,51,2024,2024,35-39 years,35-39,4435,2024
,Virginia,51,2024,2024,40-44 years,40-44,885,2024
,Virginia,51,2024,2024,45-49 years,45-49,109,2024
,Virginia,51,2024,2024,50 years and over,50+,14,2024
,Washington,53,2024,2024,Under 15 years,15-,20,2024
,Washington,53,2024,2024,15 - 17 years,15-17,477,2024
,Washington,53,2024,2024,18 - 19 years,18-19,1396,2024
,Washington,53,2024,2024,20-24 years,20-24,7000,2024
,Washington,53,2024,2024,25-29 years,25-29,8813,2024
,Washington,53,2024,2024,30-34 years,30-34,9977,2024
,Washington,53,2024,2024,35-39 years,35-39,4224,2024
,Washington,53,2024,2024,40-44 years,40-44,816,2024
,Washington,53,2024,2024,45-49 years,45-49,76,2024
,Washington,53,2024,2024,50 years and over,50+,15,2024
,West Virginia,54,2024,2024,Under 15 years,15-,11,2024
,West Virginia,54,2024,2024,15 - 17 years,15-17,200,2024
,West Virginia,54,2024,2024,18 - 19 years,18-19,594,2024
,West Virginia,54,2024,2024,20-24 years,20-24,2329,2024
,West Virginia,54,2024,2024,25-29 years,25-29,2008,2024
,West Virginia,54,2024,2024,30-34 years,30-34,1087,2024
,West Virginia,54,2024,2024,35-39 years,35-39,370,2024
,West Virginia,54,2024,2024,40-44 years,40-44,62,2024
,Wisconsin,55,2024,2024,Under 15 years,15-,30,2024
,Wisconsin,55,2024,2024,15 - 17 years,15-17,451,2024
,Wisconsin,55,2024,2024,18 - 19 years,18-19,1146,2024
,Wisconsin,55,2024,2024,20-24 years,20-24,5145,2024
,Wisconsin,55,2024,2024,25-29 years,25-29,7269,2024
,Wisconsin,55,2024,2024,30-34 years,30-34,5748,2024
,Wisconsin,55,2024,2024,35-39 years,35-39,1883,2024
,Wisconsin,55,2024,2024,40-44 years,40-44,324,2024
,Wisconsin,55,2024,2024,45-49 years,45-49,12,2024
,Wyoming,56,2024,2024,15 - 17 years,15-17,53,2024
,Wyoming,56,2024,2024,18 - 19 years,18-19,198,2024
,Wyoming,56,2024,2024,20-24 years,20-24,771,2024
,Wyoming,56,2024,2024,25-29 years,25-29,685,2024
,Wyoming,56,2024,2024,30-34 years,30-34,424,2024
,Wyoming,56,2024,2024,35-39 years,35-39,158,2024
,Wyoming,56,2024,2024,40-44 years,40-44,30,2024
---,,,,,,,,2024
"Dataset: Natality, 2007-2024",,,,,,,,2024
Query Parameters:,,,,,,,,2024
Live Birth Order: 1st child born alive to mother,,,,,,,,2024
Year: 2024,,,,,,,,2024
Group By: State; Year; Age of Mother 10,,,,,,,,2024
Show Totals: Disabled,,,,,,,,2024
Show Zero Values: False,,,,,,,,2024
Show Suppressed: False,,,,,,,,2024
"Calculate Rates Per: 1,000",,,,,,,,2024
Population Option: No populations shown because rates were not selected.,,,,,,,,2024
---,,,,,,,,2024
Help: See http://wonder.cdc.gov/wonder/help/natality.html for more information.,,,,,,,,2024
---,,,,,,,,2024
"Query Date: Mar 28, 2026 5:19:09 AM",,,,,,,,2024
---,,,,,,,,2024
"Suggested Citation: Centers for Disease Control and Prevention, National Center for Health Statistics. National Vital Statistics",,,,,,,,2024
"System, Natality on CDC WONDER Online Database. Data are from the Natality Records 2007-2024, as compiled from data provided by",,,,,,,,2024
the 57 vital statistics jurisdictions through the Vital Statistics Cooperative Program. Accessed at,,,,,,,,2024
"http://wonder.cdc.gov/natality-current.html on Mar 28, 2026 5:19:09 AM",,,,,,,,2024
---,,,,,,,,2024
Messages:,,,,,,,,2024
1. Totals are not available for these results due to suppression constraints. More Information:,,,,,,,,2024
http://wonder.cdc.gov/wonder/help/faq.html#Privacy.,,,,,,,,2024
2. Rows with zero Births are hidden. Use Quick Options above to show zero rows.,,,,,,,,2024
3. Rows with suppressed Births are hidden. Use Quick Options above to show suppressed rows.,,,,,,,,2024
---,,,,,,,,2024
Caveats:,,,,,,,,2024
1. 'Suppressed' appears when the data do not meet the criteria for confidentiality constraints. More information:,,,,,,,,2024
http://wonder.cdc.gov/wonder/help/natality.html#Assurance of Confidentiality.,,,,,,,,2024
2. Each birth record represents one liveborn infant.,,,,,,,,2024
