model_age,2001,2002,2003,2004,2005,2006,2007,2008,2009,2010,2011,2012,2013,2014,2015,2016,2017,2018,2019,2020,2021,2022,2023,2024,2025,2026,2027,2028,2029,2030,2031,2032,2033,2034,2035,2036,2037,2038,2039,2040,2041,2042,2043,2044,2045,2046,2047,2048,2049,2050,2051,2052,2053,2054,2055,2056,2057,2058,2059,2060,2061,2062,2063,2064,2065,2066,2067,2068,2069,2070,2071,2072,2073,2074,2075,2076,2077,2078,2079,2080,2081,2082,2083,2084,2085,2086,2087,2088,2089,2090,2091,2092,2093,2094,2095,2096,2097,2098,2099,2100
25,0.02171169975457732,0.02153870420383969,0.0214502261593765,0.02150325165990055,0.02166913602359075,0.02183318602407416,0.02195941896267288,0.02202666010670878,0.02203124240432813,0.02199807586635102,0.02212907391461353,0.02223574182093682,0.02233782183511895,0.02244194823514658,0.0225239658726168,0.02260144568285288,0.02268568456691612,0.02259363090467503,0.02225400787033223,0.02176917602625894,0.02133574018596188,0.02090034234617176,0.02054330016217118,0.02032037049485434,0.02018972123022104,0.02006496040458644,0.01993496225107994,0.01986419978019531,0.01986721752933863,0.01990741095033538,0.01996213719821745,0.02004567873547664,0.02001563149674586,0.01980953310978188,0.01950133034950394,0.01924129407308796,0.01899662679186431,0.01879719987842188,0.0186716172700998,0.01859991935790743,0.01853353360959958,0.01847265478905219,0.01846335112646718,0.01851919091086468,0.01861454238002168,0.01871423674483834,0.0188251922554009,0.01890663607253838,0.01893723368793336,0.01893373858637389,0.01894163896867631,0.01895623827584236,0.01894405947540513,0.01889579274593068,0.01882406299586433,0.01875706911114528,0.01869229059210352,0.01862328972292061,0.01855166581942452,0.01848006384819728,0.01841592014110385,0.01836103287314155,0.01830256977161218,0.01823657163624402,0.01816891068887313,0.01811457491027903,0.01807335642055643,0.01803454998404416,0.01799606613509819,0.01796205937390376,0.01794178164202567,0.01793483935187897,0.01793712890583141,0.01794636369599534,0.01795992401875543,0.01797817615515484,0.01800260791816372,0.01802693060820057,0.01804967230276186,0.01807235457393713,0.01810051581081011,0.01813626028515955,0.01816180387110488,0.01817113907896574,0.01817115557961995,0.01817739208210161,0.01819102126998015,0.0181970773384055,0.01818970814180218,0.01817181191111134,0.01815372443778692,0.01813944836361694,0.01811515113300942,0.01807743887139904,0.01803271672969074,0.01799170508315249,0.01795809496055883,0.0179243149191948,0.01788991373124831,0.01785818813336476
26,0.02178466758081923,0.02159647660916949,0.02140658849405191,0.02130412084457204,0.02135048273886727,0.02153257986175865,0.02166323862866119,0.02175977312343317,0.02180341720370028,0.02179176005363048,0.02191993989299824,0.02204043320589621,0.02213643523619747,0.02222894509223654,0.02232529816660084,0.02242016082686024,0.02249307480712499,0.02257625017362933,0.02249108893343147,0.02216477700475481,0.02171292242173925,0.02129334782842287,0.02086915945000024,0.02052199392754106,0.02030874509673249,0.02020702615985856,0.02009247239586033,0.01997028535673826,0.01990382865539703,0.01990792229742671,0.01995855408038492,0.02001334744313652,0.02009806112679863,0.02007386088829842,0.0198774106248724,0.01958594723007598,0.01933402561031541,0.01909584960293704,0.01890054610719857,0.01877649384886174,0.01870815192727598,0.01864198714119015,0.01858027306652019,0.01856774335511076,0.01861745324847467,0.01870589060404361,0.018798075849558,0.01890183218848458,0.01897805479008911,0.01900522640435791,0.01899883029993111,0.01900378017939535,0.01901591552834758,0.01900282220972156,0.01895479870999397,0.01888374436019502,0.01881770700831187,0.01875391667040587,0.01868722933861049,0.01861923932577941,0.01855171488180994,0.01849157086108889,0.01844048080649588,0.01838648391692035,0.01832537999759008,0.01826193608561546,0.01821174824275809,0.01817410778833522,0.01813945671334746,0.01810558685823056,0.01807477409027083,0.01805800761473855,0.01805439438994944,0.01805832710161415,0.01806643401872201,0.01807493363156194,0.01809002786605091,0.01811122519878767,0.01813354619122574,0.01815562942635535,0.01817559464836944,0.01820284861939112,0.01823733945387979,0.0182630927956001,0.01827414099087435,0.01827338225792517,0.01828116644778386,0.01829644159764273,0.01830336886395408,0.01829511355447908,0.01827119139774952,0.01825100823202638,0.01823482116997124,0.01820981400754987,0.01817252406343006,0.01812402652397824,0.0180835649579368,0.01805022242429608,0.01801783375011384,0.01798601869647158
27,0.02188976107634426,0.02167484048832861,0.02147117492447142,0.02126100262182626,0.02114213314678097,0.02123644406320999,0.0213834064688414,0.02148433309180622,0.02155272705368578,0.02157242496590704,0.02170383097081432,0.02182298341759712,0.02193428050351299,0.02202153763485453,0.02210706069173443,0.02221236658160844,0.02230369791360787,0.02237707421013049,0.02246555503096862,0.02239110372817142,0.02209410471865713,0.02165732454867441,0.02125005194298389,0.0208367220880284,0.02050065607583893,0.02031415493628332,0.02022354677530347,0.02011797710139697,0.02000071746386687,0.01993597208915483,0.0199473084019385,0.01999913936415053,0.02005656570393976,0.02014692416769711,0.02013175338795861,0.01994924344985878,0.01966699562703356,0.01942278923555683,0.01918922189894599,0.01899601992170845,0.01887280039429681,0.01880563045338772,0.01873981401486335,0.01867535448110524,0.01865724490411373,0.01869722216994839,0.01877925254798012,0.01886560549574983,0.01896445742306636,0.01903734991972834,0.01905864105008219,0.019050375832757,0.01905412780718299,0.01906562019227058,0.01905293033820706,0.01900279395744641,0.01893369361879027,0.018869821261158,0.01880871593432278,0.01874601475511393,0.01867952169659215,0.01861697086122207,0.01856179616714478,0.01851555698850847,0.0184667921623953,0.0184073596831286,0.01834902334291483,0.01830356430282634,0.01827046872300911,0.01824080726069303,0.01820758862219727,0.01818121451983407,0.01816889936897595,0.01816731628639048,0.01817047340603829,0.01817087844068452,0.01817712081624533,0.01819009196142637,0.01820966931935192,0.01823168263210901,0.01824838678200394,0.01826837187621338,0.01829550764428747,0.01833057293433133,0.01835835794407356,0.01836597874592086,0.01836769234080405,0.01837823785973536,0.01839475330725002,0.01840111882722679,0.01838418872897484,0.01835905733078947,0.01833804313359986,0.01832151370725168,0.01829725914784406,0.01825361819034999,0.01820656390312452,0.01816745457938008,0.01813589868553978,0.01810647555551934
28,0.02205094773373514,0.02178558175067988,0.02155478534028695,0.02133220865342494,0.02109957075576487,0.02104123636812678,0.02110954499328432,0.02122498447847503,0.02129771067673798,0.02133769402767197,0.02147537986448723,0.02159747767591698,0.02170889600010057,0.02181288007751413,0.0218939202766237,0.02198570354648893,0.02208709587324908,0.02217984420505022,0.02225998269077608,0.02235758830911879,0.02230813336491736,0.0220242957185076,0.02160100564525256,0.02120565227884937,0.02080441060917254,0.02049437590193223,0.02031888408069926,0.0202381520996061,0.02013865377959715,0.02002372274641831,0.01996426617102438,0.01997623821273032,0.02003182041015834,0.020096339582578,0.02019553391013392,0.02019195784323328,0.02001750182308704,0.01974405897680638,0.01950565538646681,0.01927466105747718,0.01908110132579176,0.0189582884701993,0.01889243727847811,0.0188250536450043,0.01875551817191421,0.01872614066882038,0.01875906027901475,0.0188363829075576,0.01891921572657384,0.01901503756792725,0.01908006518265607,0.01909854037712854,0.01909017412529451,0.01909456233024438,0.01910672202663926,0.01909018078494866,0.0190410850616629,0.01897514765476773,0.01891514654996694,0.01885841199551174,0.01879573989246845,0.01873342666477691,0.01867683070339098,0.01862768767736483,0.01858706183174159,0.01853851849743171,0.0184833918529407,0.01843074890092647,0.01839099791104193,0.01836329220214264,0.01833283784283193,0.01830327375052195,0.01828229628511958,0.01827313836959524,0.01827115954373558,0.01826508622163021,0.01826244413186713,0.01826748748690709,0.01827996691311246,0.01829962967349955,0.01831468972406573,0.01833066172599017,0.01835147347559285,0.01838032256487538,0.01841780341834259,0.01844054129055426,0.0184498796351193,0.01845529439110093,0.01846819370413565,0.01848451823344954,0.01848059801886792,0.01846170322364764,0.01843664539918296,0.01841638143319336,0.01840098488249288,0.01836883478251647,0.01832591386598014,0.0182811202016792,0.01824489280092296,0.01821670818495293
29,0.02227133814271143,0.02194784685434531,0.02167101629576684,0.02142090028820652,0.02117719613659795,0.02099679345641297,0.02092735044974273,0.02097307329849282,0.02105852913041017,0.02110278666243407,0.02123302004627513,0.02136029943684111,0.02147439430117444,0.02157991006026871,0.02167905960384544,0.02176527031480724,0.02185232454884584,0.02195472054722401,0.02205511023128018,0.02214575021580317,0.02226598739200106,0.02222621044649175,0.02195394981357059,0.02154373941670396,0.02116154939815433,0.02078716365296148,0.02048751853747056,0.02032180141978025,0.02024801716491232,0.02015194849268055,0.02004229367745754,0.01998217378188864,0.01999735745128586,0.02006115348338535,0.02013594975665494,0.02024632347502214,0.02024858382457618,0.02008175141166471,0.01981519189300418,0.01958052222365154,0.01934999543108435,0.01915526355909287,0.01903305892818564,0.01896659764696703,0.01889530696701684,0.0188150392066033,0.01877712397063982,0.01880476045694196,0.01887969967335536,0.0189608905070845,0.0190489364526015,0.01910931370181787,0.01912675887432044,0.01912013390914448,0.0191264744834016,0.0191350404037688,0.01911775138858905,0.01907092689576199,0.01900987226543125,0.01895542810189397,0.01889922720788911,0.01883911003069069,0.01878196675464979,0.01873239285589772,0.01869004800904913,0.01865014169307796,0.01860428576909347,0.01855405764849974,0.018508100022773,0.01847489974376059,0.01844690154186343,0.01841852421923584,0.01839358517919332,0.0183767076058843,0.01836827273614921,0.0183574452807912,0.01834675567815721,0.01834215565368763,0.01834765663105428,0.01836136977467628,0.01837438110912742,0.01838718717831871,0.01840325939697571,0.01842674820053407,0.01845916009346639,0.01849183337462952,0.0185147768942815,0.01852707825550938,0.01853578483247533,0.01854960760375885,0.01855588567935769,0.0185484849435049,0.01852892321196732,0.01850553630797879,0.01848751504276906,0.01846446999121888,0.01843157828715647,0.01839021828926836,0.01834922942754847,0.01831748460202035
30,0.02254233545366359,0.02216155677502839,0.02183423649517491,0.02154242384478065,0.02127077967305286,0.02106244751090879,0.02088110048685798,0.02080371762868424,0.02082821529924058,0.02088344638568113,0.02099135360919465,0.02111068678800686,0.02122888770546085,0.02133682018621727,0.0214388704648966,0.02154394988154647,0.02162489672335285,0.02171211648731116,0.02182167418442656,0.02193339599991335,0.02204803250349105,0.02217556578774138,0.02214391662132222,0.02188283255145946,0.0214869568507532,0.02113397490279526,0.02076943645845552,0.02047894790792547,0.02032006663110739,0.02025056418301291,0.02016172948729911,0.02005050870190642,0.01999236263186766,0.02001524604865372,0.0200904148742909,0.02017881286059818,0.02029356237692093,0.02030121831716382,0.02014003757517683,0.01987826565518253,0.01964716212092588,0.01941428592769259,0.0192186265587428,0.01909514133663205,0.01902572561784861,0.01894647627442473,0.01885660337905392,0.01881201827310983,0.01883674491976246,0.01891118281209567,0.01898725057683552,0.01906945240046735,0.01912695466738023,0.01914521817829899,0.01914166681506613,0.01914712140204839,0.01915371706891141,0.01913691774178102,0.01909409501198206,0.01903961602537043,0.01898847380232819,0.01893368998428828,0.01887714540136774,0.01882626133239206,0.0187844803225002,0.01874558981751939,0.01870724987624619,0.01866468638407884,0.01862036778592007,0.01858195116452378,0.01855116050463488,0.0185241334500808,0.01849880868375832,0.01847719846573718,0.01846198642722496,0.01844727775351309,0.01843073637972283,0.0184165395605473,0.0184116646419579,0.01841936120560666,0.01842890637880037,0.01843861247502418,0.0184500080887163,0.01846805092874356,0.01849607050834689,0.01852608118296601,0.01855790922852692,0.01858230329988974,0.01859716818871301,0.01860774074309549,0.01861388927047111,0.0186156326371795,0.01860606055451491,0.01858745291061859,0.01856724235320122,0.01854391275882167,0.01851910927271104,0.01848632559631881,0.018448087308463,0.01841251565929014
31,0.02282741587411528,0.02242055326219521,0.02204127340918189,0.02170645044123105,0.02139737044241708,0.02114476629934961,0.02093497099905375,0.02075572493377377,0.02067150507896679,0.02067435963121027,0.02076466934071411,0.02086262336097666,0.02097240131537033,0.0210833872232244,0.02118757071588415,0.02129727875398502,0.02139739694979739,0.02147793225723858,0.02157144569803933,0.02169181808691673,0.02182927022086386,0.02195158187476701,0.02208490248406891,0.02206101580523535,0.02181240461702053,0.02144896042808577,0.02110600899361592,0.02075007658143595,0.02046579516490936,0.0203111172937005,0.02025137709275415,0.02016115135300302,0.02005106147337951,0.0199994133787299,0.02003314728761265,0.02012500259044162,0.02021817044597688,0.02033684122806087,0.0203478722612062,0.02019019924257683,0.01993594093896003,0.01970261086430002,0.0194676674244953,0.01926923869258513,0.01914216455030312,0.01906828221387671,0.01897960175987435,0.01888206347774196,0.01883327307528804,0.01885702749964353,0.01892970560346913,0.0190003146916816,0.01907845509486174,0.01913494000358148,0.01915534719035957,0.01915438047470589,0.01915816713467929,0.01916404060691341,0.01914947936795035,0.01911236323937037,0.01906467331934286,0.01901518067751879,0.01896284978388347,0.01891098107886759,0.01886713642612147,0.01883224282009096,0.01879515963638908,0.01875899615782044,0.01872074545515601,0.01868320775697808,0.01865059638807053,0.0186210018071544,0.01859594371536288,0.01857238510554025,0.01855166851013813,0.0185334628522139,0.01851323212706013,0.01849210276194353,0.0184761136906838,0.01847272710675402,0.01847943947640385,0.01848591107395378,0.01849317127887339,0.01850504463383507,0.01852692474467227,0.01855563470579314,0.01858503872095233,0.01861728810659596,0.01864273965126842,0.01865874431092601,0.0186646880307496,0.01866652190029933,0.01866506005583106,0.01865495652817503,0.01863881221450607,0.01861631322970889,0.01859144607419647,0.01856574583053687,0.01853465592992319,0.01850116626557643
32,0.02310408744763278,0.0226945587211033,0.02228834462186785,0.02190680053792255,0.02156205027576636,0.02125892081323098,0.02100618927794623,0.02079803861707705,0.02062183222336474,0.02053010461124974,0.02054789271818121,0.02062895499818472,0.02071829463380046,0.0208203850426929,0.0209265816523169,0.02103946670167639,0.02114453788248718,0.0212444931868531,0.02133069613276506,0.02143412413029685,0.02158145097737988,0.02172651281721946,0.02185499002203909,0.02199375837117427,0.0219789762158449,0.02176390583691678,0.02141066344700335,0.02107646827476493,0.0207261799942725,0.02044549231652264,0.02030306890080463,0.02024184734509558,0.02015293938474514,0.02004854065320438,0.0200065774225507,0.02005941010965535,0.02015612033353541,0.02025360484079588,0.02037416567486312,0.02038638418169673,0.02023881375036896,0.01998228187155493,0.01974701373541081,0.01950816516977948,0.01930471600116133,0.01917609141570706,0.01909271686394614,0.01899657060491535,0.01889391434924052,0.01884291724757997,0.01886766608559156,0.01893501933215767,0.01900196527283763,0.01907789227603048,0.01913469321950431,0.01916010072064021,0.01915755720681931,0.01916091949925636,0.01916782274942908,0.01915722620165239,0.01912943045854968,0.01908340874269526,0.01903660528095015,0.01898784842650421,0.01894144958307726,0.01890710661675186,0.01887402667168037,0.0188393637437951,0.0188064184859163,0.01877336243387465,0.01874420357819499,0.01871280416709526,0.01868541110625172,0.01866103308862735,0.01863679479874137,0.01861557691148464,0.01859182698427432,0.01856722420805734,0.01854325115256989,0.01852725704850903,0.01852530739208706,0.01852896463317316,0.01853323287679991,0.01853995038332925,0.01855420222852183,0.01857909096602007,0.01860723523422196,0.01863731290196432,0.01866958213331187,0.01869467478889158,0.01870833087027193,0.01870998034723719,0.01870883665920807,0.01870581884959501,0.01869671293758893,0.01868053554957155,0.01865651092209342,0.01863097408190615,0.01860597210805703,0.01857821538054898
33,0.02347535285210911,0.02296065046117676,0.02255133443409843,0.02214199991284355,0.02175566420233858,0.02141087515876921,0.02110808322359984,0.02085835620153725,0.02065281409852674,0.02047880586566233,0.0203958522125607,0.02040484101642035,0.02047800431900027,0.02056059244419742,0.02065741768906456,0.02077277293738481,0.02088051727241787,0.02098569020966582,0.02109147785008882,0.02118693861527782,0.0213182081994176,0.0214725523577449,0.0216237187715418,0.02175803029018775,0.02190359861439771,0.021921501119403,0.02171519370552008,0.02137086744671655,0.02104242369467159,0.02069515207075708,0.02042878278587646,0.02028471438108414,0.02022472750238143,0.0201417139597287,0.02004622454271325,0.02002504176864157,0.02008224161203814,0.02018337134769354,0.02028315099165748,0.02040339034879522,0.02042680698012551,0.02027593685152151,0.02001744420037837,0.01977839586063664,0.01953341630846347,0.01933049502040945,0.01919183761542576,0.01910095422231649,0.018999900894998,0.01889419687415834,0.01884613915007826,0.01886519344141458,0.01892901604197804,0.01899415621807905,0.01906921014651282,0.01913223667759254,0.01915535424369346,0.01915249130969334,0.01915719640346505,0.01916685923146111,0.01916699861090324,0.01914019454053097,0.01909689569605781,0.01905389865414427,0.01900952505940346,0.01897423569630734,0.01894108835963959,0.01891044948331767,0.01887924773411136,0.01885041003752212,0.0188273137055148,0.01879873677139567,0.01876955439011792,0.01874307297793603,0.01871692975601521,0.01869372007042197,0.01866631705868638,0.01863820083721692,0.01861098305673818,0.01858597217573824,0.01857291901511096,0.01856732268983536,0.01856880974001467,0.01857279099641295,0.0185808797899816,0.01859955926422649,0.01862331000743411,0.0186521633023045,0.01868251845110252,0.01871340687132124,0.01873749632647686,0.01874625204219311,0.01874495123297999,0.01874249625132466,0.01873945931442021,0.01873167506226241,0.01871337856528102,0.01868870964849554,0.01866410378267032,0.01864146233940099
34,0.02397912596040811,0.02331846118651685,0.02280688251086527,0.02239398657525773,0.02197904000691524,0.02159308457864695,0.02124746188818456,0.0209481897714881,0.02070245020220097,0.0204987057937756,0.02033665287238835,0.02024531688534533,0.02024691654790967,0.02031402510954745,0.02039225785833184,0.02049898156046056,0.02060840970012604,0.02071571458341203,0.02082689476364153,0.02094205472795456,0.02106609823291094,0.02120383942647811,0.02136372209661987,0.0215206781783298,0.0216621421367408,0.02183936489725192,0.02186389045001103,0.02166506357562411,0.02132659806917358,0.02100123919504475,0.02066991834392282,0.02040176085661232,0.0202588235125499,0.02020466204164416,0.02013076852591763,0.02005750479205533,0.0200401061884286,0.02010124511920396,0.02020478431050149,0.02030466904063612,0.02043680644001086,0.02045564209311276,0.02030175640563273,0.02003946198323217,0.01979437105150551,0.01955163426645141,0.01933797905772055,0.01919135458587444,0.0190955464815572,0.01899168551334252,0.01889052534719966,0.01883630618449094,0.01885150646443419,0.01891365670902129,0.01897832701501993,0.01906052815796096,0.01912034759467725,0.01914243263111102,0.01914101411032284,0.01914879432741241,0.01917022777244694,0.01917049054383091,0.01914573607793602,0.01910628061647369,0.01906791396844015,0.0190358873174288,0.01900102948543082,0.01896972902484261,0.01894257498681371,0.01891573250092399,0.01889808572290581,0.01887477309906988,0.01884780216171177,0.01881954632940334,0.01879152992426277,0.01876762657526936,0.01873742559225206,0.01870503649077256,0.01867432759335264,0.01864631083328866,0.01862544819874917,0.01860800177540388,0.01859966943961586,0.01860091184101525,0.01860652457365642,0.01862016786014199,0.01863696561435267,0.01866086414770616,0.0186900470257794,0.01871927783982364,0.01875022047158587,0.01876864587125286,0.01877386087622349,0.01877128857249896,0.01876905525633631,0.01876841715607308,0.01875774974453501,0.01873821846222666,0.01871452230076275,0.01869252071683141
35,0.02454875127853926,0.02380511538269796,0.02315128379001119,0.02263901224952684,0.02222002953667669,0.02180569573121379,0.02141837070989743,0.02107517863346947,0.02078043254278414,0.02053786221034474,0.02034847116856539,0.02017843113873654,0.02008021645989359,0.02007631264960274,0.02013974265660842,0.02022984435575445,0.02033026328712356,0.02043842025500846,0.02055112767760557,0.02067182038770746,0.0208168026116127,0.02094687993875279,0.0210896421927323,0.02125475214552862,0.02141879091666576,0.02159271107465724,0.02177506006873432,0.02180493374910722,0.02161048693399424,0.02127519449184955,0.02096776555796729,0.02063432330663664,0.02036722879380343,0.02023006395491592,0.02018495306620675,0.02013533231680225,0.02006540875540343,0.02005139005787568,0.02011447842472615,0.02021823655143117,0.02033193477802377,0.02045864921741681,0.02047310505350317,0.02031427285529031,0.02004591370692722,0.01980551767469854,0.01955137519660647,0.01932915743130355,0.0191772218299687,0.01907860384089313,0.0189815347334041,0.01887382029380839,0.01881533369663824,0.01882856836652583,0.01889038694298734,0.01896412992894105,0.01904248950081417,0.01910034763144854,0.01912316821695104,0.01912493771284908,0.01914644185547021,0.01916735022459173,0.01916879719117448,0.01914721883346282,0.01911242530748504,0.01908845922275465,0.01905626637097008,0.01902248797214452,0.01899407805091843,0.0189713156269677,0.01895771863164637,0.01893924766974855,0.01891675687630525,0.01889009052725861,0.01886031779317077,0.01883657619483149,0.01880506025621108,0.01876908716537378,0.01873349569354563,0.01870202396105604,0.01868017613616128,0.01865433073396802,0.01863340973347542,0.01862428249155369,0.01862721050517262,0.01864031385280051,0.0186515071131534,0.01866772806397436,0.01869139424440579,0.01871950016789915,0.01875066818692234,0.01877536702383785,0.01878949591267438,0.01879285383785845,0.01879055345598057,0.01879260154257283,0.01878849112012904,0.01877583389012211,0.01875669865447703,0.01873564045443861
36,0.0250809811554265,0.0243556155658537,0.0236208740836426,0.02297000280207484,0.02245453932066521,0.02203468916460791,0.02162028839587302,0.02123492938935309,0.02089524556532994,0.02060423508661507,0.02037929838006239,0.02018231689178603,0.0200058631198286,0.01990273726252317,0.01989573562386181,0.01997323463126885,0.02005741225151945,0.02015613762831733,0.02026881741163385,0.02039037549316849,0.02054247777268218,0.02069323998611418,0.02082792771834313,0.02097540530205388,0.02114704095680138,0.02134430995738175,0.02152326827495919,0.02170948144850219,0.02174158419474276,0.02154878703815366,0.02123378702309833,0.0209238264650293,0.02059120564864776,0.02032988758464745,0.02020172569496544,0.0201830336090036,0.0201365253368401,0.0200695566790627,0.02005694699258417,0.02011983707312753,0.02023946092353413,0.02034768970938876,0.02046913402424409,0.02047718683033119,0.02031107536792077,0.02005019270293143,0.01979798966304412,0.01953468464387387,0.01930665782647232,0.01915158932598214,0.01906219803178591,0.01895833149596261,0.01884599978462764,0.01878518967733877,0.01879782206323143,0.01887082949507853,0.01894065562429728,0.01901642540251379,0.01907408007046405,0.01909937252386289,0.01911707110953236,0.01913788165797965,0.0191593268549425,0.01916308812029339,0.01914551196535177,0.01912737061964433,0.01910301694717142,0.01907131281465314,0.01903967677429064,0.01901507296778517,0.0190078098108589,0.01899317677423711,0.01897492052554102,0.0189519512346905,0.01892315075327265,0.01889991032197258,0.01886831699811871,0.01883041048127483,0.0187904701099617,0.01875353658702543,0.01873046832682953,0.01870342354932191,0.01867353229635979,0.01865110264250519,0.01864311604245628,0.01865570109884009,0.0186661584019737,0.01867621346707024,0.01869148104000357,0.01871352745604016,0.01874566807194604,0.01877039937865911,0.01879023026856808,0.01880175212696309,0.01880480846772177,0.01880889081059714,0.01880726740090707,0.01880058458957314,0.01878757717604996,0.01877051877619213
37,0.02559807966547283,0.02486901948639807,0.02415228673452127,0.02342250582682094,0.02277212361179669,0.02225683854168825,0.02183736119401862,0.0214262626747079,0.02104400161836589,0.02070707646217615,0.02043703905178004,0.02020495584778812,0.02000199232812096,0.01982115831881002,0.01971557906659319,0.01972508968250498,0.01979696026534906,0.01987976407048254,0.01998252862921879,0.0201031416562432,0.02025714007799344,0.02041488437775416,0.02057002148721734,0.02070902363836932,0.0208625026054388,0.02106782731845043,0.02126986638339591,0.02145261875582665,0.02163960013657553,0.02167116070103728,0.02149962127794166,0.0211818437919919,0.02087232289227276,0.02054531162896538,0.02029305238022593,0.02019363247215527,0.02017776562246704,0.02013397566241026,0.02006800338363765,0.0200546919350192,0.02013520259559246,0.02024924439983389,0.02035216992889109,0.02046627683029877,0.02046548142031254,0.02030863425928562,0.02003559315207454,0.01977385152244173,0.01950422152051467,0.01927264456159529,0.01912917620287293,0.01903271659217309,0.01892401108188719,0.01880905973304384,0.01874732918869977,0.01877311802649904,0.01884208004661133,0.01890923673468102,0.01898416605996997,0.01904335427520979,0.01908619842799278,0.01910303475289645,0.0191242108010587,0.01914732066008118,0.01915422597003843,0.0191550970853972,0.01913633183967545,0.0191122461458686,0.01908210041226565,0.0190535270923146,0.01904630161963993,0.01903775832184993,0.01902313477390851,0.01900379757466833,0.01897790507980971,0.01895750185706992,0.01892616096645314,0.01888795390849843,0.01884547711417923,0.01880344099899742,0.01877677981718712,0.01874827895992908,0.0187169812597568,0.01868502716696456,0.01866303878156522,0.01866653056524942,0.01867624772618717,0.01868537543460005,0.01869393018534959,0.01870686891859232,0.01873469716504542,0.01876019374026468,0.01877987809849527,0.01879652531680835,0.01880700269465994,0.01881817502303075,0.01881835926675357,0.01881396464863825,0.01880635510530649,0.01879468178037963
38,0.02596526598159897,0.02536695722320002,0.02464692714068738,0.02393482568679777,0.02320749455070923,0.02256147509272189,0.02204723800096009,0.02163153583513964,0.02122488410660203,0.02084501124421179,0.02053096908241269,0.02025418046583078,0.02001660193106418,0.01980970899061969,0.01962700785130011,0.01954037722259752,0.0195449166094136,0.0196156785281249,0.01970275484362418,0.01981292732769572,0.01996632594434996,0.0201257139530151,0.0202877161414363,0.02044694114529716,0.02059152756386835,0.02077888183276521,0.02098871137375961,0.02119428620807126,0.02137777458143589,0.02156273763572239,0.02161522145374866,0.02143985244756056,0.02112230130057931,0.02081808235174756,0.02050000186909687,0.02027869251415966,0.02018221147444729,0.02016876914433717,0.02012573854198714,0.02005866822757534,0.02006439423752108,0.02013920138896031,0.02024782291482518,0.02034340684535377,0.02044766807979403,0.02045690592002398,0.02028709082535169,0.02000422999667567,0.0197358407773014,0.01946220053259188,0.01924426203748814,0.01909369442917893,0.01899212259256117,0.01888058462095357,0.01876445391380114,0.01871757121580303,0.01873930720220473,0.01880546490045489,0.01887170986837467,0.0189475234675571,0.01902525541472191,0.0190668915303356,0.01908392553834816,0.01910660959477917,0.01913221246469822,0.01915875782096271,0.01915870129973217,0.01913997906030975,0.0191172395747079,0.01908957347923005,0.01907974601981373,0.01907097518787053,0.01906221039912692,0.01904629305690017,0.01902342833411981,0.01900729024563431,0.018978476750264,0.0189402692579883,0.01889728563540733,0.01885213925047134,0.01882175675960196,0.01878937796849052,0.01875639510500618,0.01872283855958507,0.01869078709058145,0.01868164100770081,0.0186820060234212,0.01869017942004988,0.018697620885116,0.01870330413283926,0.0187233274528871,0.018744250715753,0.01876449034515143,0.0187808112373517,0.01879585617108116,0.01881569848822595,0.01882268453705352,0.01881987426741071,0.01881436421027899,0.01880752022254954
39,0.02610538494524824,0.02571890321682172,0.02512578882955444,0.02441068903402118,0.02370066789184662,0.02298318302925635,0.02233897391023256,0.02182929718788892,0.02141853001434654,0.02101559021080038,0.02065969657354055,0.02033929623556981,0.0200574586144841,0.01981646052253781,0.01960818303733703,0.0194465326271532,0.01935586108390888,0.01935993212952675,0.01943514207228202,0.01952982247136405,0.01967281280751479,0.01983136963220989,0.0199947995211684,0.02016075983857187,0.02032533193165993,0.02050362497454109,0.02069540300891793,0.0209085251934507,0.02111461811193564,0.02129609416527489,0.02150133664662454,0.0215486567631399,0.02137245239062893,0.02106004750497391,0.02076449727522287,0.02047907980712838,0.02026101771741068,0.0201670847655055,0.02015410741638307,0.02010973754411112,0.02006280379889295,0.02006278157553691,0.0201320771076419,0.02023325117424764,0.02031902782697966,0.02043371754489722,0.02042912119180297,0.02024861667999464,0.01995887985520204,0.01968618634378449,0.01942771593893124,0.01920275488413283,0.01904710781018516,0.01894244859315686,0.01882953272038325,0.01872957970392289,0.01867875179868528,0.01869771275479928,0.01876282365143471,0.01882987364917718,0.01892488263944376,0.01900106303155395,0.01904255222788305,0.01906092860721951,0.01908594348239515,0.01913197870211338,0.01915732387950951,0.01915700484058002,0.01913939926717478,0.01911893084589315,0.01911100901121014,0.01909940814508082,0.01909014748282224,0.01907985430376083,0.01906020230494131,0.01904808922452056,0.01902326774010956,0.01898728738543936,0.01894407399568439,0.01889821841057806,0.01886576625035629,0.01882940808216088,0.01879226917239045,0.01875680872241815,0.01872297406588666,0.01870481288067958,0.01869231114181109,0.01869087488293168,0.01869715294363232,0.01870154434959753,0.0187152986753405,0.01872818378172439,0.0187435949226049,0.01876027039687233,0.01877481323620978,0.0188001614909243,0.01881555007057939,0.01881925512918298,0.01881510778076373,0.01881017874379266
40,0.02607209707760837,0.02584994243418676,0.02546255813338267,0.0248704966625692,0.02415773665966715,0.02346275040059593,0.02274698499926038,0.02210823281318988,0.02160432151008589,0.02119775109122177,0.02082068939999399,0.02045889615884219,0.02013387537269675,0.01984910698216544,0.0196072665467848,0.01942181218534039,0.01925692290492662,0.01916670320480461,0.0191758151368384,0.01925876047509706,0.01938650162620479,0.01953462151013499,0.0196969976246378,0.01986417120067891,0.02003534227646081,0.02023326678176138,0.02041591575897404,0.0206109258865655,0.02082436018499323,0.02102825755161427,0.02123014730680673,0.02142941642494253,0.02147448571556331,0.02130237376172282,0.02099853047022063,0.02073688722086355,0.02045483640345272,0.02023964916668803,0.02014631488894577,0.02013169396253882,0.02010833856440301,0.02005563120833641,0.02005010191128083,0.02011189950465025,0.02020317610141768,0.02030018766343619,0.02040059408176199,0.02038432328510937,0.02019603417668785,0.01990181740046579,0.01964558826449015,0.01938002727928701,0.01915013167083271,0.01899145977082009,0.01888517594897042,0.0187895053225982,0.01868568571540926,0.01863222544215385,0.01865016448469179,0.01871594225958761,0.0188029491833567,0.01889621104250273,0.0189718880433898,0.01901436642777019,0.01903490933392546,0.01908116893999905,0.019125802746109,0.01915060852212538,0.01915109939871171,0.019135541138661,0.01913575871824288,0.01912587421248138,0.01911356351552154,0.01910251393181364,0.01908824240951382,0.01908032631064139,0.01905931442694739,0.01902706456760895,0.01898578850344944,0.01893947292869255,0.01890734755216031,0.01886871287429803,0.01882735450563255,0.01878747390635491,0.01875152353708166,0.01873260699439819,0.01871089972788544,0.01869638189064245,0.0186928056163001,0.01869582788026625,0.01870927521102366,0.01871570271401906,0.0187228568620356,0.018734457880915,0.01874915421507562,0.01877495669760273,0.01879564416594295,0.01880749150285613,0.01880956984536242,0.01880579218374151
41,0.02600862623499741,0.02581203899483262,0.02558464176201675,0.02519214308612627,0.02459847449461327,0.02390654943000988,0.02321289184126955,0.02250260802897174,0.02187059972777637,0.02137176000630654,0.02099309476625855,0.02061035417770466,0.02024444145022892,0.01991697451204927,0.01963188436520098,0.01941469033222742,0.01922644090912344,0.01906282699517432,0.01897853802691616,0.01899592389174685,0.0191120798999802,0.01924514431456724,0.01939707347320983,0.01956299016437732,0.01973513534595262,0.0199393156534064,0.02014144953023179,0.02032727034003226,0.02052256766692553,0.02073365606968582,0.02095786518135592,0.02115384819662646,0.02134996922768168,0.02139767070086793,0.02123309891632761,0.02096443596966391,0.02070593539525754,0.02042688743984481,0.02021264474667463,0.02011783834034105,0.02012491127329929,0.02009562765097594,0.02003740895045376,0.0200244470641436,0.02007634360696531,0.02017947835833135,0.02026232420194523,0.0203505172508329,0.02032536245486649,0.02013166598013277,0.01985523224277837,0.01959167190541768,0.0193211609875802,0.01908844659293716,0.01892825457755403,0.01884014964082797,0.01874046686767535,0.01863410769785996,0.01857980374675248,0.0185984470453898,0.01868482194828138,0.01877005058865166,0.01886260405556485,0.01893890898715702,0.01898319946926985,0.0190257277041341,0.0190704841492006,0.01911436660116686,0.01913970165626024,0.01914193983685379,0.01914791117636085,0.0191460106816337,0.01913523444570145,0.01912091475336827,0.01910563305581365,0.01910398609798192,0.01908699766691378,0.01905834852430515,0.01902054228384541,0.01897589514665292,0.01894425984812447,0.0189057844396092,0.01886194449859212,0.01881761044579616,0.0187769898628304,0.01875692020819952,0.01873430393137048,0.01871039697958657,0.01869352639713383,0.01868646372318765,0.01869945180981739,0.0187054294886154,0.01870594794291197,0.01870907906308209,0.01871846115969043,0.01874530903808249,0.01876630738843602,0.01878324501178218,0.01879320019663111,0.01879535748786226
42,0.02590115137225118,0.02574402165392163,0.02554222386987343,0.02530534781849199,0.0249050344467013,0.02433349904459418,0.02364337226504303,0.0229548624135658,0.02225142845424243,0.02162551911569971,0.02115745177523957,0.02077304786420828,0.02038644578674063,0.02001862946580847,0.01969135823071567,0.01943270100909241,0.01921324563446497,0.01902670810842998,0.01886983575119959,0.01879468258533758,0.01884576441069201,0.01896742971987913,0.0191045022306126,0.01925996404855793,0.01943062829080756,0.01963521060341141,0.01984357256836035,0.02004874825133041,0.02023485736483182,0.0204278268041878,0.02065902967114136,0.02087729576509714,0.02107016436530398,0.02126794855923843,0.02132172365398873,0.02119260416028491,0.02092698758877973,0.02067126273533952,0.02039329047259323,0.02017793583124286,0.0201058344695417,0.02010681145035392,0.02007185826160581,0.0200062483092707,0.01998351458592561,0.02004784875165508,0.02013688839138611,0.02020764849131068,0.02028634770616043,0.02025459845688303,0.02007910414788149,0.01979522220090724,0.01952649488001149,0.01925320195700832,0.01901922260499289,0.01887837458003273,0.01878610712740831,0.01868376168331303,0.01857668350134581,0.0185232737349936,0.01856322445147365,0.01864779090775766,0.01873228185917147,0.01882524306620845,0.01890299625446222,0.01896971338187071,0.01901066753597188,0.019054562771244,0.01909876670301358,0.0191255618017336,0.01914999202374069,0.01915371207925807,0.01915076276944697,0.01913779181716314,0.01911902292843012,0.01911711202265334,0.01910625206047017,0.01908147345300248,0.0190470659149664,0.0190056317892812,0.01897645725121348,0.01893833228904211,0.01889449978608349,0.01884749977737981,0.01880219040017861,0.01877827579462015,0.01875437278977784,0.01872940881814883,0.01870297956984841,0.01868241283028645,0.01868612193219432,0.01869152158404845,0.0186914481607253,0.01868776803455417,0.01868846965985691,0.01871077534297745,0.01873269364691256,0.01874980042524119,0.01876463747169226,0.01877441055590082
43,0.02566977704939338,0.02563252966075366,0.02546977605725351,0.02525854404071717,0.02500944496953653,0.02463140017512854,0.02405649954796653,0.02337205992482422,0.02269009421456455,0.02199288164782654,0.02139997081430413,0.02092779734447738,0.02053949518389669,0.02015128888282139,0.01978424724374411,0.0194847889531671,0.01922476691753645,0.01900757601480759,0.01882821868427155,0.01868125651258925,0.01864033566519981,0.01869767285206094,0.01882356476218511,0.01896437238517214,0.01912454452329564,0.0193267863479427,0.01953560920877466,0.01974700421795882,0.01995237408613457,0.02013618851309632,0.02034893542129751,0.02057441264584065,0.02078947882603664,0.02098398792610823,0.02118683609245503,0.02127517789098165,0.02114874310500255,0.02088581261576436,0.02063090313928716,0.02035194415256029,0.02016026892354533,0.02008252638750521,0.02007766726194447,0.02003515518291097,0.01995985434249144,0.01995003482776747,0.02000060935743467,0.02007761920371409,0.02013901803867228,0.0202104317176022,0.02019644753504622,0.02001299492351519,0.0197238869164551,0.019452186769793,0.01917769503747014,0.01896413395728326,0.01881949666505892,0.01872442400138023,0.01862123057639275,0.01851519863963542,0.01848375624829419,0.01852214661679283,0.01860594655256468,0.01869081234793124,0.01878499980372984,0.01888527085540739,0.01895036843656346,0.01899040540580951,0.01903451289913915,0.01907996188357809,0.01912928797908586,0.0191514746937967,0.0191540058803237,0.01914871272404389,0.019131113898608,0.01912622853195418,0.019115127162555,0.01909632795454278,0.0190656316897288,0.01902739628537947,0.01900198191458867,0.01896630297785222,0.01892268845846892,0.01887554075482812,0.01882738714054967,0.01879938491209239,0.01877162118044071,0.01874524193777851,0.01871760651493493,0.01868731535276502,0.01867812701547148,0.01867424559352131,0.01867347517489857,0.01866906667232668,0.01866279571200888,0.01867699391859506,0.01869434960548203,0.01871224802339286,0.01872711860673566,0.01874156304898579
44,0.0252938115780331,0.02539939105231824,0.02535441237169609,0.02518181244766893,0.02495839093198721,0.02473487035665339,0.02434570960521067,0.02377143415830707,0.02309407140528908,0.02241800845629154,0.02175380063770108,0.02115908346128213,0.0206847176494416,0.02029479242090191,0.01990769901123069,0.01956935429275151,0.01926958576392275,0.01901274467021686,0.01880327662723002,0.01863424751056065,0.01852170870782445,0.01848812548271191,0.01855044373577794,0.01868026622900478,0.01882598149460176,0.0190166950307122,0.01922332120636954,0.01943525369369837,0.019646878727123,0.01984989095829211,0.02005277745357019,0.02026023503596515,0.02048268812426123,0.02069924490201248,0.02089875538145212,0.02113473547820005,0.02122527313995304,0.02110112812293087,0.02083890759715613,0.02058274273955446,0.02032789100321396,0.02013127812323784,0.02004821335384127,0.02003560100403797,0.01998322098247934,0.0199210116882135,0.01989792428233032,0.01993683004767836,0.0200045192808945,0.02005876713694239,0.02014727894518329,0.02012471389091143,0.01993547802875548,0.01964336650481905,0.0193703037255555,0.01911683229699195,0.01890004325672586,0.01875299352588759,0.0186569422626606,0.01855467424080219,0.01847102932030066,0.01843843366502919,0.0184763117509621,0.01856045077798003,0.01864650532673319,0.0187630670033982,0.01886173105613346,0.01892585967859878,0.01896604115520105,0.01901128716812845,0.01907927802254056,0.01912645384602059,0.01914745788502972,0.01914751300590899,0.01913743111254536,0.01913392768788674,0.0191199551873129,0.01910093757488112,0.01907608620367267,0.01904141072164261,0.01901946869895043,0.01898760834352019,0.01894642668893137,0.01889936778910367,0.01885092839888308,0.0188204219847951,0.01878863484761344,0.01875838769812037,0.01872921448270741,0.01869757259041811,0.01867902997077194,0.01866232024122525,0.01865226877511134,0.01864704901495809,0.01863991679133209,0.01864749522357436,0.01865679704392597,0.01867012437942005,0.01868566362737226,0.01869999780782769
45,0.02480763096250699,0.02502420062634206,0.0251196731777786,0.02506273853819681,0.0248775366423045,0.02468775500390277,0.02444817858526222,0.02405196351932567,0.02347976713705512,0.0228088305907652,0.02216402545980465,0.02149933320477671,0.02090482562615529,0.02043060189138139,0.02004180069299526,0.0196836093726108,0.01934594184436191,0.01905042032369604,0.01880222445759211,0.01860361958807179,0.01846864215276333,0.0183643823720178,0.01833684582424399,0.01840385166349234,0.01853876900323062,0.01871392719603417,0.01890926786258787,0.01911915098592825,0.01933143884628823,0.01954077945633604,0.01976178736052964,0.01995974522143868,0.02016458676831497,0.02038863138983592,0.0206099895490294,0.02084141909609862,0.02107932302317099,0.02117162958539279,0.02104776515851904,0.02078416164842878,0.02055183406781214,0.02029243380030187,0.02009127077725132,0.02000101621981798,0.01997833877660141,0.01993869596346811,0.01986358740825466,0.01982938941315207,0.01985935640894348,0.0199199255572807,0.0199909280106873,0.02007060558451548,0.02004154483987391,0.01984872289252738,0.01955525560784719,0.01930329620108195,0.0190469235158489,0.0188283317096913,0.01868072617407671,0.01858547218672151,0.01850556988667813,0.01842108507580697,0.01838839984917537,0.01842687775314209,0.01851216669957366,0.01862035289600011,0.01873537415130097,0.01883306451578452,0.01889728252931009,0.01893853246000174,0.01900612734132315,0.01907205330625348,0.01911813475751922,0.01913666539370529,0.01913179996577142,0.01913576485516029,0.01912325978752567,0.01910149841202229,0.01907645437437649,0.01904749130218519,0.01902914703947517,0.01900081301290659,0.01896351592867842,0.01891887819386562,0.01887041068864255,0.01883975273400895,0.01880551222372737,0.01877130667708773,0.01873826386720624,0.01870496217272441,0.01868523778846262,0.01865923001296968,0.01863643516283205,0.01862195434417222,0.01861389206570823,0.01862077844058249,0.01862351029878258,0.01862883861113266,0.01863979531672378,0.01865467002063245
46,0.02425870872686827,0.02454058886557597,0.02474546578974897,0.02482661916006556,0.02475493130033192,0.02461061814381382,0.02440497039311797,0.02415339417284853,0.02375165789915301,0.02318094627390944,0.02254033624033629,0.02189457270319131,0.02123148329471227,0.02063961165942435,0.02016832049837325,0.01980817150469485,0.01945110592901727,0.01911870922546707,0.01883291587015508,0.01859648221733846,0.01843154816018018,0.01830534501283442,0.01820806994195947,0.01818629017228139,0.01825911756434598,0.01842229836494627,0.01860234685280994,0.01880119882086548,0.01901162847110097,0.01922180376305395,0.0194480359794837,0.01966422845134215,0.01985990710084855,0.02006669040406465,0.02029558304747035,0.02054741919198821,0.02078083713159206,0.02102021839026416,0.02111224025890036,0.02098651217004257,0.02074647668459905,0.02050941133400439,0.02024589220208563,0.02003838107729218,0.01993868133968065,0.0199281732964882,0.01987559926234361,0.0197898103995971,0.01974727134878701,0.01977050954018072,0.01984727529526772,0.0199097020887752,0.01998256625963465,0.01994914118743635,0.01975435277180311,0.01948212639668919,0.01922719732530583,0.01896938099875093,0.01875087199715383,0.01860450039375109,0.01853144665611093,0.01845070336905781,0.01836646606339381,0.01833481474091944,0.01837470337328847,0.01848175955270505,0.01858848823772623,0.01870260214429294,0.01880036295064106,0.01886558807479611,0.01892891552674359,0.01899445196802338,0.01905936495541721,0.01910305785546965,0.01911666409076712,0.01912570857895223,0.01912062457082514,0.01910041515124278,0.01907275349178081,0.01904363158859141,0.01903092898601193,0.01900615366988016,0.01897244348469343,0.01893176723124149,0.01888571250655928,0.01885507172710897,0.01882063295952797,0.01878402911219719,0.01874710192329308,0.01870993252410737,0.01868863139546685,0.01866139279726519,0.01862936511399839,0.01860223603461849,0.0185849305091314,0.01859097064422524,0.01859297329592609,0.01859178671024687,0.01859480005400764,0.0186050849070576
47,0.02362840412100269,0.02399508979146978,0.02426463455886444,0.02445364653331457,0.02451766406107793,0.02449286235268162,0.02433152184062599,0.02411402358817048,0.0238520169135102,0.0234442220633964,0.02289812090426185,0.022256318534144,0.02161171452787652,0.02095272697400209,0.02036635107191975,0.01992506879690715,0.01956622762551958,0.01921492025742429,0.01889328410313016,0.0186203308000689,0.01841743952469271,0.0182618797072095,0.01814315257320362,0.0180525647636106,0.01803764770765753,0.01813799747379523,0.01830634168506137,0.018490194259093,0.01868988980745065,0.01889844009985988,0.01912439292928163,0.01934604465746205,0.01956001935175222,0.01975789530605529,0.01996982494038684,0.02022785556474214,0.02048167349268344,0.02071664738719283,0.02095543898785255,0.0210449708694436,0.02094204141739908,0.02069717921646141,0.02045580030285716,0.02018638527973671,0.01997034856852801,0.01988300200689109,0.01985946798504904,0.01979615734943788,0.01970250609873191,0.01965388954461678,0.01969301331650063,0.01976137429904111,0.01981724757379767,0.01988536452448159,0.01984912494615424,0.01967499536488874,0.01939985907456288,0.019143431705265,0.01888608926461738,0.01866948568496687,0.01854561623277453,0.01847167691900781,0.0183911808521004,0.01830832415451224,0.01827852513420095,0.01834002398058592,0.01844569567464369,0.01855159931845615,0.01866583857544843,0.01876457922383264,0.01885151419260714,0.01891281638036035,0.01897734127615973,0.01903994342329872,0.01907880320455189,0.0191061891581087,0.0191061520376465,0.01909331249457145,0.01906729612811899,0.01903568241654708,0.019022837572124,0.01900366085429493,0.01897345321680781,0.01893642995175575,0.01889440758423404,0.01886625004187602,0.01883178611117257,0.01879494485568979,0.0187556795925866,0.01871469938877716,0.01868965098249363,0.01866079953351747,0.01862750299726796,0.01859120664266105,0.01856135003290296,0.01855828410891446,0.018559411576554,0.018557459759046,0.01855401465801607,0.01855641919874599
48,0.02301790246360814,0.02336942056857033,0.02372281466891618,0.02397590992654257,0.02414623538502112,0.02425723127102127,0.024218605506653,0.02404422858864274,0.02381642004626763,0.02354347263054695,0.02314796410253913,0.0225997378330672,0.02195889090682147,0.02131799427612962,0.02066604348249727,0.0201116380776058,0.01967362210011176,0.01932075666419327,0.01898072691553789,0.01867295670362574,0.01843352742918742,0.01824090482413062,0.01809341364418487,0.01798186077514461,0.01789904483615882,0.01791116563958204,0.01801744223812996,0.01818988035498827,0.01837491113456263,0.01857305727122824,0.01879622635608079,0.01901793211750996,0.01923754914770637,0.01945372147336445,0.01965695568001348,0.01989674468755694,0.02015701973407983,0.0204123915735359,0.02064688715798482,0.02088286601817443,0.02099375182226304,0.02088586359607289,0.02063662124663541,0.02038912874602937,0.02011167668455607,0.01990831668067568,0.01980885375484173,0.01977447540348769,0.01970323941194429,0.01960401269163537,0.01957110959094349,0.01960240836321644,0.01966436174725726,0.01971574418478357,0.01978062604574876,0.01976378405547913,0.01958644884751723,0.01930989744080202,0.01905390593275183,0.01879888542118756,0.01860514821707221,0.01848100725270716,0.01840727374614536,0.01832816076305045,0.01824752030712667,0.0182392270497591,0.01829974360528771,0.01840465875679881,0.01851077112636112,0.01862603753700875,0.01874592859293738,0.01883098371729399,0.01889131003846171,0.01895353671428357,0.01901139517859055,0.01906376099314967,0.01908226966497955,0.01907444378198651,0.01905574860739815,0.01902587996932477,0.01901044424867846,0.01899134184067541,0.0189666937271063,0.01893313638245285,0.0188948252517206,0.01887063339732742,0.01883884674519063,0.01880194106109312,0.01876240059083198,0.01871914971855979,0.0186902943381452,0.01865787451795115,0.0186229320065011,0.0185853330240966,0.01854638973393162,0.01853082250342491,0.01852302951340386,0.01852017799845891,0.01851592979164571,0.01851192219943923
49,0.02247947419548485,0.02276227125401353,0.02310204523957442,0.02343809600170318,0.0236719585613789,0.02388165553311617,0.02398474922790212,0.02393611487001058,0.02375022982424299,0.02351157047721179,0.02323522740199499,0.02283616939802767,0.02228795338630966,0.02165066968648485,0.02101646634070087,0.02039732668226267,0.0198488348183957,0.01941879499856792,0.01907745606443735,0.01875181651316135,0.01847749580596819,0.01824935246859264,0.01806567890834189,0.01792594900119913,0.01782263699651739,0.01776623824353167,0.0177852998471139,0.01789645225846477,0.01807039968583745,0.01825425639746455,0.01846585244297583,0.01868515436761313,0.01890512384117276,0.01912704315328527,0.0193485182988245,0.01957817216722388,0.01982063540534233,0.02008272971250129,0.02033764775216673,0.02056947572722389,0.02082502997120262,0.02093081841502275,0.02081833588277346,0.02056290645664612,0.0203071326930709,0.02004204328661883,0.01982781061421351,0.01971848831842426,0.01967604882091127,0.01959918137433525,0.01951523824943075,0.01947532819141525,0.01950082967309086,0.01955842435524728,0.0196068238310278,0.01968973506902514,0.01966923852914291,0.01949017038114711,0.01921417670128038,0.0189604903978058,0.01872824764948165,0.01853509797104526,0.0184117909119134,0.01833940085515404,0.01826250323943417,0.01820309921537611,0.01819437874028929,0.01825454916304736,0.01835973165496329,0.01846694491932854,0.01860264794017479,0.01872086880173754,0.01880507417591076,0.0188631528046347,0.01892065316045299,0.01899149908038994,0.01903530510223502,0.01904622138146503,0.01903250783171954,0.01900990887269812,0.01899585217145902,0.01897451438110465,0.01895017984414895,0.01892212232159699,0.01888724268835095,0.01886645859252466,0.01883892246244552,0.01880488921896162,0.0187652497506721,0.01872168953420203,0.01869034701053773,0.01865440129664326,0.01861607926706456,0.0185768048739085,0.0185365306394237,0.01851172897869682,0.01849170846240881,0.01848012309179791,0.01847494832980493,0.01847010956810989
50,0.02196558312502115,0.02222464074200112,0.02249853168404482,0.02282260276966523,0.02313854172301725,0.02339964385595024,0.023605377001553,0.02370413069895123,0.02364686240207902,0.02344893370217785,0.02319261271126013,0.02291160380134535,0.0225110786727721,0.0219654518010071,0.02133475811836766,0.02073217982906971,0.02012061622613763,0.0195828155620516,0.01916631742698191,0.01883963639657521,0.01854686249483481,0.01828479136731137,0.0180665877969489,0.01789155563629996,0.01776064353300247,0.01768269794529779,0.01763411920520871,0.01765907728403992,0.01777254720137195,0.01794569557699145,0.01814182191101545,0.01834999198438022,0.01856790229922546,0.018790391497821,0.01901767316519891,0.01926379903523346,0.01949643347829184,0.01974114959518805,0.02000309536506537,0.02025539943052885,0.02050512762278082,0.02075558584848485,0.02085652858456464,0.02073757580951685,0.02047377781483705,0.02022914082599906,0.01995384326116413,0.01973111151158729,0.0196147736660464,0.01956655451079178,0.0195038805806843,0.01941354747545918,0.0193686897528439,0.019390436503197,0.01944517386457281,0.0195106228894634,0.01958972319708133,0.01956698319840211,0.01938812242289221,0.01911457130422776,0.01888301420831474,0.01865188868944994,0.01846045453513112,0.01833913062297455,0.01826892449613738,0.01821257268441146,0.01815314562701375,0.01814465054760758,0.01820550546781883,0.01831185100414871,0.01843867871374159,0.01857290768029394,0.01869046109318835,0.01877255672618384,0.0188259681832807,0.01889571988592724,0.01895824521066099,0.01899475497038747,0.01899997458088099,0.01898232034448066,0.01897487797241589,0.01895515211364936,0.01892892974602871,0.01890142531911853,0.01887200541904578,0.01885408964314538,0.01883017333364352,0.01880067864477507,0.01876409876557112,0.01872040832156351,0.01868831159879794,0.01865007572805224,0.01860851090530305,0.01856604841266729,0.01852407056502478,0.0184975624547909,0.01846850286702809,0.01844497309456975,0.01843125893963165,0.0184254611807879
51,0.02140568267255169,0.02171006839078716,0.02196200493826851,0.02222311537661055,0.02252875488604079,0.02285988681158442,0.02311613021197138,0.02332125694259832,0.02341682683550586,0.02335026430633074,0.02311961765464643,0.0228585340655792,0.02257487393895751,0.02217537930116237,0.02163537682153539,0.02103517128856673,0.02043998887894002,0.01984084964835155,0.01931935644025309,0.01891952380150631,0.01862477372030143,0.01834480398300988,0.01809362268856448,0.01788504146802683,0.01771968932513275,0.01761314491927915,0.01754351461149327,0.01750170126897533,0.01753003967051603,0.01764357248528362,0.01782777883021887,0.01802093859818462,0.01822810779930648,0.01844881765743608,0.01867683382286187,0.01892700210933611,0.01917619999629754,0.01941140266451547,0.01965644249009705,0.01991611454002472,0.02018449773328445,0.02042935931987667,0.02067491090561657,0.02076901040483002,0.02064130374694201,0.02038751659098941,0.02013243507369573,0.01984939103948519,0.01962110004613286,0.01950006304229577,0.01946476200617847,0.01939571209306475,0.01930107588286354,0.01925335221084655,0.01927284722224609,0.01934347085791503,0.01940542466628519,0.01948206589160998,0.01945898064893845,0.01928220980815829,0.01903022761205603,0.01879980284784244,0.01857093655387718,0.01838239127014395,0.01826389763641899,0.01821344206037644,0.01815712613799619,0.01809835394026227,0.01809112485785678,0.01815355967535289,0.01827861977857424,0.01840411452945096,0.01853786500474531,0.01865349916734932,0.01873106351044372,0.01879595823661999,0.018857495298004,0.01891296109883392,0.0189440586552384,0.01894551138934473,0.01894229435344659,0.01892919323772351,0.01890482953612903,0.01887579176588354,0.01884715420359543,0.01883406878087604,0.01881303094713748,0.01878736279840234,0.01875561543931867,0.01871517795938037,0.01868244615165869,0.01864347473015032,0.01859981852941853,0.0185543983837387,0.01850943119040155,0.0184807890521431,0.01845004615089421,0.01841768281616068,0.01839230842404024,0.01837816534939462
52,0.02084904093312177,0.02115005706908909,0.0214470480347574,0.02168805037702591,0.02193373660668892,0.02224439974092748,0.02257055154800469,0.02282521201293597,0.0230307478336353,0.02312226872838017,0.02301091090167508,0.02277545006214056,0.02251162088484009,0.02222776444227584,0.02183230466580782,0.02132059809603632,0.02072780511153955,0.02014493650181055,0.01956390602890713,0.01906182019013946,0.01869455564042832,0.01841294373633445,0.01814441592836736,0.01790379451339486,0.01770586173684731,0.01756410477622243,0.01746647387187201,0.01740411260242843,0.01736657000436255,0.01739607175210148,0.01751989627400676,0.01770161451600018,0.01789419742978249,0.01810448395441441,0.01833092886402711,0.01858006342563058,0.01883352412631091,0.01908538603746758,0.0193212619471892,0.01956454506516983,0.01983861117078663,0.02010236411623571,0.02034255430496331,0.0205811472701159,0.02066598740810317,0.02054665832577186,0.0202824329972894,0.02001938198767828,0.0197316024755146,0.0195001538099991,0.01939188705848667,0.01935017329056615,0.01927682201758222,0.0191799877286472,0.01913092141390479,0.01916551078422457,0.01923289533557669,0.01929269738016701,0.01936873630634136,0.01934714356464671,0.01919078452787996,0.01894013611010421,0.01871199782088781,0.01848658731558504,0.01830178851919141,0.01820283021563806,0.01815245691690242,0.01809685486380599,0.01803978849542736,0.01803472892089299,0.01811523844954205,0.01823914309574321,0.01836430838183821,0.01849632451883317,0.01860762923567605,0.01869588076400785,0.01875273677833687,0.01880731628337974,0.0188575807260673,0.0188851880481181,0.0189004530251093,0.01889164448719312,0.01887391268187985,0.01884697493608212,0.01881716188108323,0.01880439771131968,0.01878823733202529,0.01876547083638392,0.01873775064106285,0.01870243743017203,0.01867258136500114,0.01863304004689127,0.01858867205603213,0.01854137248489812,0.01849373201909389,0.01846179235433971,0.01842898089545573,0.01839496007246156,0.01836096008430033,0.01833544438997389
53,0.02012349872956053,0.02059310511658387,0.02088724488332008,0.02117310906211863,0.02140059386924829,0.02164411082071974,0.021949922833877,0.0222742522628962,0.02252832797907623,0.02273326794325924,0.02277493532603058,0.0226570082456594,0.02241873694530312,0.02215460879113945,0.02187351733454396,0.02150317254558107,0.02099814276149442,0.02041776461833153,0.01985298024255113,0.0192931732964634,0.01882521046330918,0.01847277778393863,0.01820293472132984,0.01794550052841228,0.0177164597523586,0.01754163955889778,0.01740942850643537,0.01731966435201569,0.01726208224591298,0.01722662793388726,0.017266226334138,0.01738816530321642,0.01756975865386569,0.01776580753991291,0.01798209501112267,0.01822826319163622,0.01848057121977167,0.01873692803992502,0.01898958719276894,0.01922408718953466,0.01948063558275907,0.01975009555327533,0.02000939675361023,0.02024290782809284,0.02047206233184387,0.02056360174499806,0.0204330861888094,0.02016091980096914,0.01989293966826294,0.01960287809534372,0.01938485944954833,0.01927099959490251,0.0192249409357603,0.01914938873753838,0.01905189541619904,0.01901776730543082,0.01904941940485486,0.01911489814742719,0.01917440551205997,0.01925164575061704,0.01924916634570369,0.0190935980344801,0.01884545060955695,0.01862080654780873,0.0183997165897893,0.01823477101062024,0.01813627417479494,0.01808666813441527,0.01803282966967893,0.01797838321557283,0.01799122303990027,0.01807073636725971,0.01819448133643935,0.01831807572185729,0.01844597947818171,0.01856741000598558,0.01864755893221666,0.01869763805012952,0.01874712184469845,0.01879409421240771,0.01883515959782369,0.01884480398607397,0.01883143534749856,0.01881113740312466,0.01878366115168392,0.01876956975299697,0.01875376705173875,0.01873592500297613,0.01871113080859632,0.01868005765999505,0.01865520700009475,0.01861855389791198,0.01857368894777258,0.01852570700954162,0.01847639090926107,0.01844172683625215,0.01840564896056453,0.01836962730892818,0.01833399918035597,0.01830006759548728
54,0.0191476566004888,0.0198688305054376,0.0203303065202718,0.02061393000248684,0.02088612836856601,0.02110660253771416,0.02134490066079245,0.02164895536653342,0.02197239206731899,0.02222490910169472,0.02238070449536348,0.02241342994273731,0.02229087530689831,0.02205223453383276,0.02179076362879896,0.02153153390753537,0.02116654919306795,0.02067321675004687,0.02011110000122268,0.01956756451582162,0.01904286084889501,0.01859196054022398,0.01825295540581676,0.01799453272713855,0.01774922132693578,0.01754305700713374,0.01737840640194397,0.01725468616393677,0.01717031504188034,0.01711534656944644,0.01709013111302977,0.01712849607570647,0.01725090181529351,0.01743634356408824,0.01763869074547022,0.01787389547809564,0.01812294654547561,0.01837804050476818,0.01863545586826656,0.01888690266229768,0.01913403839874656,0.01938591675079611,0.01965095445332299,0.01990382721413204,0.02012823172459057,0.02036300555764242,0.02044229332922643,0.02030299831116649,0.02002598422865345,0.01975553699493549,0.01947943815380922,0.01925690415374054,0.0191395629246262,0.01909124456305979,0.01901502631966352,0.0189326766329867,0.01889597439587046,0.01892603716565444,0.01899144928585542,0.0190524442082762,0.01914802679277624,0.01914543891306215,0.01899182249232272,0.01874739661647223,0.01852711447901599,0.01832630499394583,0.01816228173628722,0.01806493929303477,0.01801715583541657,0.01796599227007065,0.01792960597743135,0.01794157855782825,0.01802110231246122,0.01814346079781734,0.01826313101619956,0.01840098653032477,0.01851414387356819,0.01858743355189067,0.01863259774514159,0.01867888099581713,0.01873923275056824,0.01877458904417629,0.01877963418487624,0.01876376477121144,0.01874293477476711,0.018731257102927,0.01871412906880629,0.01869668426580845,0.01867686541608198,0.01864873954752815,0.01862824249743471,0.01859657685540918,0.01855461068139156,0.0185061943327193,0.01845623238218621,0.0184200487774571,0.01838124313983426,0.01834198482613807,0.01830443023068154,0.01826890012630229
55,0.01802459698251035,0.01889679779100449,0.01960769162558344,0.02005743336185362,0.02032805341134932,0.02058868672385448,0.02080349233974913,0.02103964895187094,0.02134286304521675,0.02166445240400056,0.02186911248797086,0.02201443675608274,0.02204006708207541,0.02191528905981966,0.02167920173339632,0.02143725783154166,0.02118230581875063,0.02082767363983938,0.02035194351021462,0.01981128596491471,0.01930226043085955,0.01879610508005258,0.01836083139458305,0.01803488538309645,0.01778890789389691,0.01756606156796956,0.01737073736867751,0.01721519429186679,0.01709749689577403,0.01701636375812543,0.01697172278290687,0.01694589386192127,0.01698538636715456,0.01711218007211263,0.01730423587836401,0.01752508565289055,0.01776312238927946,0.01801469106710018,0.01827077322393349,0.01852727473724646,0.01879089280494829,0.01903339055499507,0.01928080141069845,0.01953947358930199,0.01978352450133342,0.02001324198531066,0.02023524953291292,0.02030452474012557,0.0201594596623439,0.01988007853551757,0.01962338282957673,0.01934333653052566,0.01911847030145605,0.01899976028015339,0.01895069540593876,0.01888948877618259,0.018804894510569,0.01876699654922984,0.01879729758729252,0.01886440588072606,0.01894372402632113,0.01903872322137588,0.01903714341287209,0.01888668368116353,0.01864686857300655,0.01844701960102848,0.01824740941886174,0.01808502536410179,0.01798990592667798,0.01794484908221281,0.01791182208105121,0.01787471589696801,0.01788685296554943,0.01796517728231022,0.01808382851933174,0.01821349918082945,0.01834307022180815,0.01844917951389302,0.01851744468729905,0.01855958214985695,0.01861927256858423,0.01867389532795625,0.01870454821866547,0.01870704387908286,0.01869070355708413,0.01868572480858416,0.01867102702146283,0.01865226157423345,0.0186328751428948,0.01860978691504466,0.01859235002424134,0.01856505127043508,0.01852805022766513,0.01848255030738411,0.01843223395796954,0.01839555528962082,0.01835525064348708,0.01831326719313213,0.01827250849081657,0.01823511844456155
56,0.01693111645212153,0.01777894831576194,0.01863994148848765,0.01933697663102617,0.01977247825453235,0.02002682772302771,0.02028256491674832,0.0204947400851058,0.02072970438182577,0.02103115729928533,0.02130612296217596,0.02150015607012837,0.02163677175409289,0.02165761964696781,0.02153347973559257,0.02131442646975123,0.02107679158685788,0.02083108618643191,0.02049273695988745,0.0200378312267186,0.01953107130998501,0.01904074336926987,0.01855166164651133,0.01813161446627694,0.0178197344123875,0.01759549813447989,0.01738407944621684,0.01719852269235765,0.01704961911844511,0.01693580692404432,0.01686509999345548,0.01682046214844408,0.01679639051641192,0.01684090105078675,0.01697480808967565,0.0171848625729232,0.01740898875311555,0.01764949136480648,0.01790181657353868,0.01815695443870828,0.01842515113893869,0.01868448388943079,0.01892254880926116,0.01916360432064433,0.01941357157603226,0.01966244037741366,0.01987990650119691,0.02009123644734366,0.02015334871890741,0.0200049460146707,0.0197392458544139,0.01947851922561031,0.01919675897221697,0.01897173590886713,0.01885321060398068,0.0188187672003918,0.01875545423976104,0.01867001442295419,0.01863276434066381,0.01866507351946189,0.01875026286343319,0.01882941720091857,0.01892490951940208,0.01892552270325108,0.01877909412238236,0.01855993711425486,0.01836142401593636,0.01816374241252743,0.01800408332264569,0.01791210462485479,0.01788511916225858,0.01785154987651738,0.01781476710462138,0.01782589039260934,0.01790073723582546,0.01802932797603545,0.01815107641177445,0.01827357602710398,0.01837443337953415,0.01843955577851698,0.01849507930759553,0.01854926600113988,0.01859915504778401,0.01862713488991069,0.01862909760281644,0.018628593306347,0.01862072047731703,0.0186043993651452,0.0185837035498924,0.01856108576169101,0.01854872223397402,0.01852461921957738,0.01849200309474059,0.0184514436832872,0.01840405605387063,0.01836710679432185,0.0183264489509657,0.01828299244602053,0.01823950653910312,0.01819895147848323
57,0.01582262419295792,0.01668981288310979,0.0175278440645546,0.01837415447617614,0.01905478336696844,0.01946639728316168,0.01971739746417892,0.01997117665205223,0.02018166488427692,0.02041458643663242,0.02067145323583922,0.0209352132914738,0.02112030471836255,0.02125043927123538,0.02126931481171601,0.02115760995457625,0.02094301135948627,0.02071463244068171,0.02048406125756057,0.02016524375625249,0.019742576272919,0.01925486025036584,0.01878172861960434,0.01830930599959454,0.01790547710592815,0.01761573465960964,0.01740335626436378,0.01720229223061044,0.01702404623591218,0.01687965489473258,0.01677627524252091,0.01670631625419194,0.01666405154556938,0.01664559563129736,0.01669781349964702,0.01684925326651644,0.01706307333614427,0.01729011893271326,0.01753137017525144,0.01778256045173665,0.01804844136824098,0.01831284218155093,0.018568098615883,0.01879988157476758,0.01903231072371488,0.01928628223945927,0.01952336979669791,0.01973064983961328,0.01993402178020615,0.01999126897210032,0.0198551911216026,0.01958567489121799,0.01932316378742095,0.01904191663406192,0.01881832645551522,0.01871488833989298,0.01867842275865556,0.01861438997035691,0.01852996339824781,0.01849513180963882,0.01854520912917722,0.01863061568622242,0.01871068980680019,0.01880783071446889,0.01881147772294582,0.01868498690552159,0.01846749315511643,0.01827105065491971,0.01807640083546538,0.01792040396479753,0.01784664669220784,0.01781929520217187,0.01778623158975237,0.01774861851492362,0.01775649354187057,0.01784112809835228,0.01796217561521115,0.01807720235934044,0.0181944132458124,0.01829186812642158,0.01836993771454436,0.0184202656577154,0.01846993219900332,0.0185171007708907,0.01854441741840486,0.01856195189453191,0.01855872318901694,0.01854934818648529,0.01853111673880349,0.01850720700196876,0.01849521084548039,0.01847635083048232,0.01844706875681689,0.01841090786376093,0.01836843718290995,0.01833433088031133,0.01829357466716534,0.01824990747868966,0.01820497675350808,0.01816169156478275
58,0.01487641812198351,0.01558503628434441,0.01644358880277763,0.01726853230496779,0.01809764487883763,0.0187481733227278,0.01915261157649039,0.01940309486795265,0.01965579729976131,0.0198638124679759,0.02005315244036568,0.0202997733016115,0.02055394915189447,0.02073226291705468,0.02085863392495837,0.02088483667782472,0.02077542993236249,0.02057018062490458,0.02035690843569351,0.02014474764537791,0.01985581445127233,0.0194515461382548,0.01898135236880548,0.01852499985530336,0.01807022563107834,0.01768970495355858,0.01741310556171466,0.01721150861921916,0.01701833604228579,0.01684527226595024,0.01671157014260966,0.0166093223771716,0.01654247496436345,0.01650642461416078,0.01649625505994819,0.0165659205777586,0.01672136506769121,0.01693859842820403,0.01716688701282989,0.01740703582566758,0.01766808120250053,0.01792997443940118,0.01819077917226011,0.01844013757215631,0.01866342735382512,0.01889924147057896,0.01914138615877977,0.01936871148961669,0.01956847964437905,0.01976608667754559,0.01983373409208811,0.01969267489662104,0.01942162322236218,0.01915956538939222,0.01888045007464476,0.01867297343922637,0.01856824250089683,0.01853112713036378,0.01846822313422538,0.0183865877811645,0.01836954985563178,0.01841994636531748,0.01850662782522107,0.01858875857788412,0.01868838410676472,0.01871084596729589,0.01858534040450552,0.01837025767065966,0.01817699948134069,0.01798633416904409,0.01784899054631971,0.01777511166958931,0.0177484454871921,0.01771473708605269,0.01767409225037149,0.01769177448717026,0.01776900461348349,0.01788370586293808,0.01799378322289976,0.01810752851150903,0.01821743980062634,0.01829008189494725,0.01833619794334181,0.01838335751672724,0.01842980186613833,0.01847240024600634,0.01848707952244446,0.01848251193573052,0.01847135230915046,0.01844993302875442,0.0184365939972254,0.01841807205435284,0.01839420262589856,0.01836151488167629,0.0183234517989989,0.01829419984413621,0.01825623019421478,0.01821264054776071,0.01816763915697811,0.01812293992527362
59,0.01419575728437587,0.01464149182879743,0.01534309041464634,0.01618987842063359,0.01699934989839956,0.01779707219853126,0.018434377491004,0.018834375589566,0.01908517636769766,0.01933600514386418,0.01949950044714352,0.01968035378902777,0.0199183159527757,0.02016498541450834,0.02033916021853075,0.02046899608632598,0.02049440559686089,0.02039213966832724,0.02020205161148541,0.02000712425843009,0.01982267438302298,0.0195508208413581,0.0191634254790052,0.01871033335611037,0.01827175813905979,0.01784114458820247,0.01747541146703217,0.01721087300621166,0.017017598109571,0.01683018971199983,0.01666849436152219,0.01653615749072405,0.01643741539188183,0.01637750635775412,0.01635030278748458,0.0163578650222517,0.0164317580923873,0.01659088053651175,0.0168098822999424,0.01703760902843861,0.01728725151897358,0.01754387150453107,0.01780197662491988,0.01805740854634642,0.01829868379252772,0.01852515103250049,0.01874896414453207,0.01898126056404778,0.0192014377380272,0.01939585759306495,0.01960262897216783,0.0196635131861787,0.01951968291313967,0.01924934814910357,0.01898937561598831,0.01872715061357191,0.01851935999306608,0.01841473898772112,0.01837879865202851,0.01831879979362165,0.01825528812849982,0.01823864710665702,0.0182904284156217,0.01837952054278788,0.01846453847315093,0.0185823381649039,0.01860468265288645,0.01848090194070982,0.01826935996302914,0.01808024367791103,0.01790869694223539,0.01777150248475181,0.01769856721407714,0.01767143921998786,0.01763489006430866,0.01760432224374618,0.0176146463143713,0.01768568809725386,0.01779580709714382,0.01790275309158655,0.0180287829029067,0.01813286272639867,0.01820106530395964,0.01824496295164295,0.01829159569483543,0.01835321544622416,0.01839270932181815,0.01840590518742437,0.0183997270723749,0.01838550687439917,0.01837473403451625,0.01835476180086923,0.01833120538101829,0.0183040947455128,0.01826964099551509,0.01824487769833969,0.01821162119941165,0.01817076159314735,0.01812601770661066,0.01808138206889675
60,0.0136989801544205,0.01396191110191118,0.01440268445891242,0.01509439291130211,0.0159271328795874,0.01670852504182357,0.01748987543115824,0.01811655170988957,0.0185129120994324,0.01876323487917843,0.0189684578149693,0.01912439141742092,0.01929835669880769,0.01952967667851219,0.01977137716786099,0.01994673493820181,0.02007377324092696,0.02010316009693227,0.02001379779564542,0.01984207197900287,0.01967359251954795,0.0195052264546086,0.01924893371915291,0.01887798747640322,0.01844299716483376,0.01802830570134632,0.01761365810025893,0.01726162052528939,0.01700666967746143,0.01681959127869652,0.01664430069712931,0.01648447598278598,0.01635589234098017,0.01626445946093443,0.01621410064922663,0.01620507649318299,0.01621727450663266,0.01629507639138645,0.01645627726814276,0.01667528789564968,0.01691275821061933,0.01715796285016373,0.0174103538880103,0.01766294517200513,0.01791087138902364,0.01815548480245614,0.01837002312010623,0.01858380258650185,0.01880882930154208,0.01902396993509614,0.01922764497036126,0.01942667618482393,0.01948288605496564,0.01933849740614565,0.0190705280550074,0.01882755301474585,0.01856561419334232,0.01835896667214905,0.01825630116048295,0.01822329801538219,0.01818161028231121,0.01811873971006138,0.01810357879960397,0.01815787140947692,0.01825019192487911,0.01835364940209974,0.01847081219311058,0.01849374506465,0.01837280029095103,0.01816575707281537,0.01799613507739543,0.01782497561085618,0.01768901548037589,0.01761590500046993,0.01758612148105697,0.01755996062392065,0.0175222136842056,0.01752644492131564,0.01759307159801871,0.01770040147990302,0.01781988599870842,0.01794000736567835,0.01803921858211001,0.01810494822429188,0.01814860153534568,0.01821057059438508,0.01826901761423751,0.01830676392987206,0.01831819581628765,0.01830914283287088,0.0183057444872472,0.0182883650739639,0.01826325498056934,0.01823642662177124,0.01820771005968864,0.01818675919884553,0.01815799379308106,0.01812170508398979,0.01807963518552746,0.0180354302676875
61,0.01319966213982241,0.01346469022837028,0.01372455211831182,0.01415777976356838,0.01483753786238252,0.01564512707617368,0.01641165906425512,0.01717905792379872,0.01779588723771403,0.0181878493436272,0.01839318773890961,0.01859066672797183,0.01874062130012433,0.01890968166700631,0.0191368373374487,0.01937678791722594,0.01954913276587481,0.01967803462983936,0.01971708595775482,0.01964381581396871,0.0194970915518538,0.01934484941256454,0.01919106932598748,0.01894993204400711,0.01859644890421917,0.01818501842172337,0.01778658615113199,0.01738678773399491,0.01704596459452423,0.01679849056282502,0.01662389042203956,0.01645125153686909,0.01629569116830363,0.0161746607528055,0.01609313818055054,0.01606128909456997,0.01605769271714416,0.01607422710427044,0.01615438898297904,0.01631596062743711,0.01654479162248635,0.01677862594497773,0.01701959533475051,0.01726608025178161,0.01751107996491187,0.01776242510154834,0.01799579835527751,0.01820036945486884,0.01840666707823353,0.01862649816220156,0.01885063369458944,0.01904722166545253,0.01924051056303558,0.0192941522192965,0.01915081940657451,0.01890004303276563,0.01865750464066822,0.01839734310855193,0.01819370919682145,0.01809477040531702,0.01807990552730206,0.01803921910418292,0.01797808407862706,0.01796554050943685,0.01802315909815715,0.018133888311761,0.01823737448452772,0.01835456785489965,0.01837916596887801,0.01826200464200199,0.01807479729674719,0.01790591950249574,0.01773624521294152,0.01760042439315363,0.01752496514576459,0.01750564671848744,0.01747272546867925,0.0174290935811202,0.01742903620902112,0.01749305674666564,0.01761296223702723,0.01772711404323232,0.01784227128577881,0.01793856592652862,0.01800377723286937,0.01806279160475951,0.0181219974204267,0.01817862111421076,0.01821433544924145,0.01822274765003746,0.01822454623185316,0.01821487171108893,0.01819237090325936,0.01816389061046066,0.01813541998443979,0.01812023537746504,0.01809561551771578,0.01806382122081891,0.01802617579709443,0.0179845897413034
62,0.01273326738161502,0.01296399228578365,0.01322716442484292,0.01348157186184148,0.01390545768045143,0.01456488512748486,0.01535766400605774,0.01611156842767256,0.01686574319677582,0.01747201234673527,0.01781519549988866,0.01801347747794167,0.01820474508055258,0.018350673674899,0.01851725051599276,0.0187413625108561,0.01897744305449954,0.0191512921633777,0.01928762225242398,0.0193395313330831,0.01928744128854897,0.0191570736147152,0.01901958931250248,0.01887998593661444,0.01865502018521058,0.0183236609057841,0.01792889573084346,0.01754558946434716,0.0171581479369995,0.01682643546284208,0.01659247827725018,0.01642111410719816,0.01625352660369038,0.01610602529040966,0.01599513584345578,0.01593188556223332,0.01590637177246652,0.01590790745508878,0.01592725972737996,0.0160081303706998,0.01617920223251562,0.01640522726559437,0.01663563643137916,0.01687074205862507,0.01710931300904022,0.01735695920138499,0.01759789212411776,0.01782192737160342,0.01801903854277258,0.01821990836092672,0.01844781476890713,0.01866538308715747,0.01885684590433551,0.01904640394463594,0.01909901670887646,0.01897123995293688,0.01872135044448493,0.01848074182263,0.01822425894649181,0.01802543241174322,0.01794497637579801,0.01793137652253128,0.01789277642110487,0.01783452489928309,0.01782541641986426,0.01790088775605432,0.01801227522661481,0.01811645936627048,0.01823473253596226,0.01826192335182531,0.01816360461401219,0.01797770518421571,0.0178106823292552,0.01764140383285487,0.01750357758009134,0.01743855352371745,0.0174129041260615,0.0173745272003651,0.01732684582804222,0.0173243282947708,0.01740055497462994,0.01751574771348781,0.01762550275752696,0.01773762397027183,0.01783292085504887,0.01791271855799891,0.01796949908322494,0.01802728990300682,0.01808180234515516,0.01811423270782724,0.01813296775281755,0.01812890103534249,0.01811442427054322,0.01808856921033371,0.0180583421657187,0.01804301218090533,0.01802453839546719,0.01799721751865629,0.01796406361580659,0.01792675951948425
63,0.01229814373507547,0.01249524838194366,0.01272540681002276,0.01298440434389381,0.01323174502667451,0.01363655407000847,0.01428736376689449,0.01506738466019065,0.01580934053290999,0.01654960527467754,0.01709980593751611,0.01743348439041698,0.01762618472207249,0.01781312573207738,0.0179573924130393,0.01811979296302735,0.0183415612817814,0.01857815520047373,0.018758916403746,0.01890581632989599,0.01897315736133951,0.01893619403938053,0.01882071539640214,0.01869757118017913,0.0185731744796221,0.0183675928863301,0.01805285551840724,0.01767362575954486,0.01730292770016817,0.01692572420832031,0.01660844775016597,0.01637949141624133,0.01621375799826218,0.01605500652129318,0.01591813675988704,0.01582473921531392,0.01576857593644978,0.01574911221538496,0.01575428768861094,0.01577485030613599,0.01586450687864496,0.0160335940046929,0.01625703125110657,0.016482436062868,0.01670971871867094,0.01694951349951859,0.01718714765001932,0.01741953241538055,0.01763667991921076,0.01782835711777225,0.01803585871796971,0.01825753286940338,0.01847044422182048,0.01865875716384412,0.01884604700320646,0.01891118542731093,0.01878348283253708,0.01853598263075215,0.01829921249463429,0.01804821868966114,0.01786808913037624,0.01779012125938874,0.0177788613563751,0.01774348015324404,0.01768893346792975,0.0176968456069298,0.01777340176647529,0.01788610646231277,0.01799202265027611,0.01811228749136529,0.01815640673859604,0.01805904709088554,0.01787557929440648,0.01770931327995084,0.01753830876666219,0.01741062627025722,0.01733993362916289,0.01730924729367365,0.01726724052513844,0.01721735908945742,0.01722646338669249,0.01729840320731685,0.01740981254696707,0.01751708793890129,0.0176280625468452,0.0177367359370174,0.01781425978139633,0.01787014174954695,0.01792623444416276,0.01797738412494337,0.01801925181966562,0.01803220279929697,0.01802374255781351,0.01800623012590028,0.01797864097703582,0.01796089922464835,0.01794243257712733,0.01792164187331341,0.01789328384424135,0.01786045895359327
64,0.01187421479329587,0.01205537092469445,0.01225461352907955,0.01248198837389726,0.01273523313631909,0.01295760195651799,0.01336335335339773,0.01400742822155653,0.01477530929254277,0.01550464370400729,0.01618236511338405,0.0167191915504366,0.01704473758637853,0.01723369944064972,0.01741859398871102,0.01755562487255568,0.01771847667110935,0.01794211631825009,0.01818445057019069,0.01837517257732331,0.01853134668674313,0.01861207005484577,0.01858878974610778,0.0184877779699698,0.01837998242171759,0.01827160757087987,0.01808228526723487,0.01778303506243951,0.01741678456862164,0.0170565635063827,0.01669352829534601,0.01638355830000357,0.0161620182309959,0.01600569439620596,0.01585834278797325,0.01573786783998574,0.01565233587556641,0.01560298384477384,0.01558809379053767,0.01559531582743222,0.01562361041505335,0.01571222026516526,0.01587957691052372,0.01609888689441882,0.01631738901642929,0.01654431966512839,0.01677442902477977,0.01700389038494871,0.01723010953060294,0.01744234270452109,0.0176388296538352,0.01784053147014513,0.01805783482244833,0.01826802408799686,0.01845462009498765,0.01865140972339086,0.018715263203935,0.01858908941648139,0.01834590473839831,0.01811477777216666,0.01788171326726869,0.01770575423862422,0.01763136214615244,0.01762355581167474,0.01759220840649523,0.01755365197825955,0.01756313895858782,0.01764143854328294,0.01775648869019462,0.0178650337415975,0.01800033931736177,0.01804473787091412,0.01794944114462417,0.01776731637280105,0.01759968479761926,0.01743805667973781,0.01730549115453545,0.0172304535166903,0.01719655942022809,0.01715276632297576,0.01711381071507702,0.01711906173200499,0.01718766386118505,0.01729717563197148,0.01740384345215087,0.01752704015572591,0.01763323496841654,0.01770979597870662,0.01776450782944973,0.01781765835991699,0.01787727714792298,0.01791336606289326,0.0179220005461135,0.01791089505284176,0.01789195781794251,0.01787610118328721,0.01785533634812353,0.0178347030024137,0.01781325568356239,0.01778554034800582
65,0.01147234483209159,0.01162366683753977,0.01181032513602485,0.01200953901449024,0.01223261427744333,0.01244988161384955,0.01267976643392552,0.01308819864678981,0.01372604175295166,0.0144811491483578,0.01514505153198298,0.01580746182021595,0.01633215043746121,0.01665130168146382,0.01683872992621648,0.0170114212416614,0.01715045151438297,0.0173178101414183,0.01754835296065764,0.01779940297265493,0.01799389441186707,0.01816227991860115,0.01825498677185344,0.01824499437708633,0.01815943530010747,0.01806465121366086,0.01797230183815727,0.0177980911455546,0.01751176265845496,0.01715635485797634,0.01680851024183076,0.01645449463820614,0.01615428208890653,0.01594393279729321,0.01579957221618029,0.01566722156834561,0.0155556439231983,0.01547771029590938,0.01543371176820406,0.01542181989312149,0.01543554104727736,0.01546385798328383,0.01555172249590942,0.01571588028186948,0.01592921170578485,0.01614608234327622,0.01636404766093349,0.01658627273120469,0.01680989205882237,0.01703187877263582,0.0172470435396108,0.01743832598296971,0.01763608025557521,0.01785090318942563,0.0180597569222891,0.01825394528282638,0.01844886116035565,0.01851279611778646,0.01839004586314999,0.01815298086198832,0.01793792518339414,0.01771025785831103,0.01753956940977542,0.01746987594611909,0.0174663299022184,0.01744958026801309,0.01741329976267128,0.01742503947794546,0.01750610665066104,0.0176243799799838,0.01774678535670568,0.01788230136788453,0.01792803275199142,0.01783368663167893,0.01765077367543489,0.01749139230322661,0.0173255995891247,0.0171895316121367,0.01711200671702904,0.01707673609170777,0.01704298790004002,0.0170007961472722,0.01700317627811424,0.01707033009543524,0.01717979901840547,0.01729787332751148,0.01741879613085585,0.01752380501409991,0.01759913579962999,0.01765144739797621,0.01771226206676355,0.01776637182747564,0.01779813044304542,0.017804175404017,0.01779203093197237,0.01778407091547358,0.01776549780856873,0.01774268126618335,0.01772153755904366,0.01770109906702114
66,0.01110964779197096,0.01121149304080435,0.01137122917192531,0.01156124805263447,0.01175896240390104,0.01193641986838456,0.01216142397863882,0.01240046449746238,0.01281197930557747,0.01344294888311952,0.01412865751613128,0.0147786109216094,0.01542681693933558,0.01594095718367957,0.01625582233092552,0.01642704628680929,0.01660131032578831,0.0167462631689295,0.01692295554056725,0.01716323772729916,0.01741190627748788,0.01761812799118156,0.01779737044710885,0.01790167876206514,0.01790594295276381,0.01783022399644743,0.01775171400564851,0.01767423930265626,0.01751257526293256,0.01723699910181665,0.01689208439725375,0.01655366503510777,0.01621115913802903,0.01592450198869812,0.01572787854160619,0.0155965923847557,0.01547419915446716,0.01537125840444425,0.01529947317463812,0.01525928734691284,0.01525241219098449,0.01526737281913642,0.01529605481699845,0.01538178361163977,0.0155409798687861,0.01575107632568359,0.01596030244997165,0.01617107157671198,0.01638771494212963,0.01660738297897622,0.01683025575052092,0.0170410811407368,0.01722897753600961,0.01742464117220995,0.01763835365981471,0.01785239207492153,0.01804559050246017,0.01823992099225679,0.01830576341802635,0.01818822665130081,0.01796532760320132,0.01775615695343927,0.0175350090363348,0.01737072815110362,0.01730653669480653,0.01731564568829716,0.01730193105754978,0.01726861123809462,0.01728363357300098,0.01736834302017401,0.01749880868586694,0.01762253666517357,0.0177592828827052,0.01780520200560777,0.01770964055064259,0.01753365485352575,0.01737086761089853,0.01720232714992587,0.01706464309002726,0.01698648465380555,0.01695993619010057,0.01692380135777977,0.01687937931058212,0.01688079012621087,0.01694834288526218,0.01706799363526171,0.0171847843829073,0.01730471152819532,0.01740826473267156,0.01748114032386463,0.01754000829394542,0.01759617647372131,0.01764620494746731,0.01767534836717722,0.01768040150233195,0.01767814970807818,0.01766818294268791,0.01764786043197734,0.01762463293790995,0.01760465013175502
67,0.01076609853948299,0.01083726219557131,0.01094918205591449,0.01111524601442832,0.01130716185578252,0.01145100789022464,0.01163771274425358,0.01187204017047001,0.0121205757878331,0.01253447435525582,0.01309773331345435,0.01377010816250124,0.01440714196113024,0.01504259169929659,0.01554816419811407,0.0158395103733257,0.01601290947776815,0.01619253358157055,0.0163480481715389,0.0165367625670302,0.01677075230220243,0.01703003457655218,0.01724665666234799,0.01743638940620663,0.01755327002238927,0.01756279876259622,0.01750353716971733,0.01744017039866623,0.01737501669847296,0.01722371718890582,0.01695612337683891,0.0166210981301548,0.01629459895627874,0.01596742602051714,0.01569685538731547,0.01551227567293607,0.01539176973395515,0.01527907269126553,0.01518333225917276,0.01511618739552863,0.01507898670227918,0.01507473525364209,0.01509128966282572,0.01511900149829125,0.0152009325516547,0.01535501971564389,0.01555885693727354,0.01576219241681822,0.01596802363293648,0.01618093567969497,0.01639866022603784,0.01661829163965877,0.01682655345476854,0.0170128928635839,0.01720780993382421,0.01742376840738383,0.01763758889096657,0.01783106787807312,0.01802656911251242,0.01809605084508172,0.01798898308892843,0.01777280025138945,0.01757064358228937,0.01735715779600295,0.01720009772496515,0.01714720896826726,0.01716000619138717,0.01715000555163159,0.01712068850055945,0.01713986730121882,0.01723439409427666,0.01736732788208084,0.01749339026012186,0.01763020517772424,0.01767411537623093,0.01758260361427959,0.01740427908103584,0.01723952294470599,0.01707014263991556,0.01693273584456357,0.01686184500434768,0.01683378132054337,0.0167962650214846,0.01675153464546244,0.01675383513677091,0.01682971503961675,0.01694917500088068,0.017065952317432,0.01718461134580431,0.01728549161741761,0.01736273935689597,0.01741800209804345,0.01747094491869577,0.01751858892785812,0.01754668799952808,0.01755974899973411,0.01755632788549809,0.01754532076070466,0.0175248872116405,0.01750292107790881
68,0.0104956652365569,0.01048090777512377,0.01056384563642818,0.01068383655726197,0.01085479665976671,0.01098805093492281,0.0111411194871768,0.01133859026351469,0.01158258006713307,0.01183989162317533,0.0121939649380069,0.01274728653039109,0.01340725270292465,0.01403270936148267,0.01465724226199063,0.01513067024831075,0.0154212230015615,0.01560044488216591,0.0157899191504865,0.01595856114158428,0.01613774147329874,0.01638396605396718,0.01665258434658962,0.01687925208217562,0.01708042652560012,0.01719666920881699,0.01722230675605238,0.01717838611916181,0.01712763793320807,0.01707263816110006,0.01692543830456233,0.01666860869760324,0.01634600199414604,0.01603526619539304,0.01572594307359523,0.01546596278481545,0.0152948944914287,0.01518490910900418,0.0150804887230435,0.0149904535525286,0.01492358054483935,0.01489054044304072,0.01488926460315237,0.01490612611600857,0.01493127875793327,0.01500581701736754,0.01515538718926162,0.01535468995443252,0.01555433969186734,0.01575705050513052,0.01596459331889125,0.01617994840708058,0.01639805626439895,0.01660552628175366,0.01679162575069493,0.01698538809502013,0.01720200409454203,0.017416839744941,0.01761231275582431,0.01781065945331652,0.01788543253411401,0.01778492022877931,0.01757659052922226,0.01738258311932576,0.01717758036189094,0.01703013560401548,0.01698300380175764,0.01700015616027023,0.01699489076423019,0.01697045083110051,0.01699663214078023,0.0170946257587746,0.01723103031188638,0.01735829349870505,0.01749297437353753,0.01753703647379028,0.01744328413523529,0.01726407301435793,0.01709926647663229,0.01693096680916642,0.01679891093545945,0.01672792255151044,0.01669934979005402,0.0166623610664267,0.01661918673305808,0.01662756120814604,0.01670418046511103,0.01682471363030747,0.01694120629985997,0.01705739808503628,0.01715983025162716,0.01723389508488832,0.01728697003375726,0.01733836118571976,0.01738517722382885,0.01741878389382275,0.01743124433838747,0.01742760664173082,0.01741718787073324,0.01739829349742947
69,0.01032152348571864,0.01019553975129835,0.01019513282300411,0.01028791372994668,0.01041460702666263,0.01052652254058171,0.01066755985093711,0.0108313626215669,0.01103991160132303,0.01129286932284369,0.01149982879135821,0.01184896645775301,0.01239324584902272,0.01304204483017194,0.01365761572453913,0.01424376925118345,0.01471169039555337,0.01500496262112891,0.01519431128326945,0.01539610842928087,0.01555015694426739,0.01574451370821016,0.01600172921510816,0.01627933958947017,0.01651697133997837,0.01671105500908444,0.01684286037730979,0.01688351023745456,0.01685244174006941,0.01681217456062818,0.01675619149700277,0.01662066889615431,0.01637709765902872,0.01607076181189075,0.01577831632413072,0.01547622415897519,0.01523335588640585,0.01507554358243881,0.01497466993542537,0.01487704663991295,0.01478396033676168,0.01472293972147111,0.01469443966871735,0.01469489522486416,0.01471050154934539,0.01472537161840661,0.01479738969639183,0.01494418038540534,0.01514111148217312,0.01533884243782908,0.01553257424629778,0.01573860666740256,0.01595326745984611,0.01617158101421576,0.01637954082895676,0.0165605148140774,0.01675605854986441,0.01697453363178529,0.01719204674280447,0.01739115091567122,0.01758940497947698,0.01767009565755197,0.01757723471634049,0.0173778951784728,0.01719286014061537,0.01699430405919903,0.01685535507908921,0.01681466292508575,0.01683717934903678,0.01683752203742819,0.01681690184915585,0.0168476632288331,0.01695013057980556,0.01708888926916396,0.01721518654992923,0.01734611358297838,0.01738771760965517,0.01729313282924088,0.01711497892844009,0.01695203824161343,0.0167862881768375,0.01665585613096216,0.01658580255606026,0.01655861363338556,0.01652400410984807,0.01648437033279053,0.01649448909943165,0.01657311481405787,0.0166944464153754,0.01680947967121009,0.01692434327158042,0.01702386845369172,0.01709614615609594,0.01714869677059815,0.01720007477686578,0.01724956394646182,0.01728311126235024,0.01729590815512227,0.01729367748379714,0.0172854835793463
70,0.01020516122377368,0.01000408645926356,0.009895270050844174,0.009907359389993091,0.01000866904464931,0.01007820426128437,0.01019738055709279,0.0103476957059782,0.01052254946296272,0.01074152456094272,0.01095023949795179,0.01115592081385894,0.01150105095258176,0.01203746549575293,0.01267664736640485,0.01325133974710586,0.01382931935732307,0.01429506275132112,0.01459521340694093,0.01479705751173838,0.01497700400837038,0.01514768877163548,0.01535597749315507,0.01562380855061547,0.0159113077434678,0.016135348156065,0.01634461716920014,0.0164909000278862,0.01654411763898446,0.01652378791257903,0.01647705660427566,0.01643346217218202,0.01631205708050275,0.01608557565401877,0.01579803925700346,0.01550713216981853,0.01522485207557115,0.01499884905033318,0.01485289683918153,0.01475967190394788,0.01465492754327496,0.01456953414707271,0.01451477378015883,0.01448959880174048,0.01449027379863552,0.01449211079576409,0.01450646325814656,0.01457774593267095,0.01472391012349206,0.01492018878362036,0.01510535812703374,0.01529879695184385,0.01550497477532746,0.01572062863655659,0.01594038218578237,0.01613883198016283,0.01632276499559809,0.01652126967330867,0.01674322491244687,0.01696500232661455,0.01715939686424225,0.01736358158696943,0.01745122543126305,0.01736713680460223,0.01717760770300828,0.01699419489988504,0.01680626211030584,0.01667651099042467,0.01664327428638521,0.016672015237712,0.01667234484019372,0.0166576941326908,0.01669405608931691,0.01679990764562082,0.0169388903442549,0.01705812509546193,0.01718714876600765,0.01722762244153251,0.01713410462948121,0.01695894207455945,0.01679495700258605,0.01663240915803031,0.01650466962809284,0.01643745516077322,0.01641348929290413,0.01637945039737525,0.01634283122375912,0.01635596786828441,0.01643635027107662,0.01655732571913184,0.01666838554240946,0.01678115223902864,0.01687914398951001,0.01695127065456006,0.01700481470111748,0.0170560106481016,0.01710628425396235,0.01714070466034723,0.01715544736074762,0.01715623883063378
71,0.01008416725955399,0.009868514634035323,0.009686951815467878,0.009593510824971146,0.009616863706123815,0.009663079655108884,0.009741426646905905,0.009869330617876832,0.0100292860887091,0.01021457861572717,0.0103961971568333,0.01060433181921368,0.01080968538154796,0.0111519730645129,0.01168198066017716,0.01227712453992781,0.01284459020887405,0.01341751144439504,0.01388506466195408,0.01419440768543525,0.01436833034499854,0.01456400919400415,0.01475009416994857,0.01497190902523714,0.01525119381874284,0.01551818762822029,0.01575678510399624,0.01598018497636228,0.01613855772535544,0.01620225111335231,0.01616999690258402,0.01613593797438622,0.01610710543670078,0.01600358366013955,0.01579671183425259,0.01550501752360327,0.01523437463868128,0.01497166079404017,0.01476113940417766,0.01462560859613642,0.01452069621501705,0.01442498522950801,0.0143477123262974,0.01429803871636002,0.01427472273139118,0.01425795843451111,0.01426098820663812,0.01427664014386131,0.01434935693547895,0.01449660066699409,0.0146764231426227,0.01486291970461281,0.01505770592535063,0.0152656681362399,0.015483512631213,0.0156892367630941,0.01589175465812339,0.0160798027824423,0.01628285737810363,0.01650983175762799,0.01672177630698406,0.01692326706378453,0.01713436785647059,0.01723003901220566,0.01715552389193775,0.01696274532181581,0.01679081087950304,0.01661422164513388,0.01649469269550244,0.01646975753621583,0.01649400693715065,0.01650156790679147,0.01649390981806684,0.01653482394441122,0.01664198514350851,0.01676999025080418,0.01688916923320103,0.01701755820136409,0.01705872551298566,0.01696816633055888,0.01678812748216836,0.01662870238324737,0.01647044161457049,0.01634732317588954,0.01628479075238621,0.01625781607542905,0.0162282331584902,0.01619592825229966,0.01621186289172637,0.01629287589399626,0.01640666394857056,0.01651732634848127,0.0166293505842425,0.01672741886314733,0.01680090086300587,0.01685096101448965,0.0169043937162161,0.0169563794243817,0.0169932454131153,0.01701153773480498
72,0.00997016357662716,0.009728489225240378,0.00953260574571807,0.009368819438523926,0.009289609134498712,0.009261751797375479,0.009317604799011369,0.00940616445606934,0.009543157838730219,0.009712223481288338,0.00986579654422542,0.01004816119156104,0.01025662907219211,0.01046280585530946,0.01080364454083507,0.01128970796717684,0.0118776274353196,0.01244076372052328,0.01301237449665367,0.01348400448494708,0.01375612721591449,0.01394585681683105,0.01415607638750662,0.01435715469484566,0.0145932389149293,0.01484804217213387,0.0151282526054476,0.0153803958242044,0.01561559623076795,0.01578401726800771,0.01582993159179352,0.01581049188807355,0.0157914475274189,0.01578107080976558,0.01569792160752505,0.0154815940787582,0.01521050429247861,0.01495987864918228,0.01471535618333551,0.01451890929524487,0.01436902505041934,0.0142740039379053,0.01418777511813433,0.0141174895716445,0.01407147364854543,0.01402701226375399,0.01401319258846065,0.01401923514271689,0.01403836170221784,0.01411422933929034,0.014241356990905,0.01442407262453014,0.01461349226291092,0.01481121931115608,0.01502213550617904,0.01522093795315703,0.01543201350829703,0.01563971861020505,0.015833430602208,0.01604252674245028,0.01625440161496337,0.01647438266061818,0.01668392394202105,0.0169029758304417,0.01700743268275145,0.01692339338912325,0.01674321595248725,0.0165834789269269,0.01641925824903275,0.01631081588600659,0.01627802812945957,0.0163104665931359,0.01632627187250979,0.01632459552255316,0.01636805162980709,0.0164596591902188,0.01658940852472675,0.01670979689947486,0.01683930727884373,0.01688298842491039,0.01678198244336028,0.01660816433141192,0.01645438877910688,0.01630236937778307,0.01618572382155119,0.01611672208204985,0.01609555381275467,0.01607171253410678,0.0160435171692523,0.01606116858831982,0.01613105189235954,0.01624622358993964,0.01635783373269118,0.01647069948370145,0.01657031671889574,0.01663574082967186,0.01668968714989209,0.0167462654128947,0.01680152260743194,0.01684242624461746
73,0.009796038916941198,0.009596902482392483,0.009373984874543977,0.009196180281900401,0.009049085576302997,0.008923807505614747,0.008907229082552771,0.008974076140755783,0.009073189936446414,0.009218803855639871,0.009359258514858972,0.009514878411282285,0.009698873591580308,0.009908773459465113,0.01011710979989575,0.01041585319654851,0.01089797782008153,0.01148133028033657,0.01204358930254808,0.01261605370624575,0.01304027313690843,0.01332424754449869,0.0135286342265418,0.01375299716589019,0.01396974771836171,0.01417831125279571,0.01444819254214681,0.01474065574613779,0.01500409598777506,0.01524913072851931,0.01539324400389829,0.01545219856148078,0.0154478842484575,0.01544748423539164,0.0154579878042992,0.01535891469418484,0.01516506964601892,0.01491434512546253,0.01468236951490265,0.01445464495463567,0.01424058867141817,0.01410484052533499,0.01402017829196302,0.01394232813319019,0.01387765762499475,0.01380585627520292,0.01376713739528495,0.0137580826960898,0.01376929375544979,0.01379362543370459,0.01384514212605065,0.0139779013221872,0.01416506497066367,0.01435896337992744,0.01456077050913736,0.0147468987555746,0.01495259014693644,0.01517010580227261,0.01538449335460959,0.01558532253383743,0.01577342254836078,0.01599500918559138,0.01622395469975629,0.0164425511098933,0.01667027764709375,0.01675725681178095,0.01668666390300658,0.01651980701371271,0.01637329898482789,0.01622231410936913,0.01610177880928846,0.01608085056291131,0.01612248096236968,0.01614553276890054,0.01614786646775704,0.01617024564632663,0.01626588854859927,0.0163986360025861,0.01652195947259731,0.01665436165977395,0.01668046502563972,0.01658668336158327,0.01642019886868318,0.01627403175090563,0.01613010949722707,0.01600247803672543,0.01594214686849429,0.01592806543180882,0.01590976515307547,0.01588463255982155,0.0158862682350318,0.01595963965144944,0.01607752334398428,0.01619164465084753,0.01630679678064217,0.01639269407634065,0.01646329417884872,0.01652202615202058,0.01658329761790426,0.0166433805437105
74,0.009521686043086442,0.009400583551530705,0.00922521171345724,0.009019456532710855,0.008858700558580398,0.008670919624820349,0.008559053815830187,0.008555072395684033,0.008633248359200995,0.008742466515088887,0.008861220824550762,0.009004722210917701,0.009163248396114111,0.009349919249495544,0.009562505589305851,0.009729096149089426,0.01002908025568461,0.01050970374947363,0.01109167170295023,0.01165504277258889,0.0121730395814539,0.01260302474755073,0.01289780191107281,0.01311645826583737,0.0133556227307688,0.01353995586217745,0.01376681069057915,0.01405082583189704,0.01435340185422198,0.01462625315492961,0.01484010290958224,0.01499741863441371,0.01507163663257719,0.01508600241389967,0.01510661900214146,0.01509294773646753,0.01501860375925643,0.01484699123960525,0.01461527992819161,0.01440056483511009,0.0141490157834918,0.01395478417786512,0.01383367481374608,0.01375830074251214,0.01368749906151756,0.0135911294101527,0.01352835275451472,0.01349720475712292,0.01349507190113261,0.01351315323040606,0.01350770998195323,0.01356820775990452,0.01370814107542601,0.01390126582320632,0.01410074363391073,0.01427148186495728,0.01446620879275213,0.01467985212231884,0.01490524117172729,0.01512772190424481,0.01530059741109068,0.01550058030302016,0.01573279344587057,0.015971669578921,0.01620002605217896,0.01640152999877671,0.01650258375240241,0.01644612701752486,0.01629363496794509,0.01616120325131132,0.01599115353650358,0.01588735729485058,0.01587931328100118,0.01592914759417012,0.01595748668421686,0.01593209946842663,0.01596121133363847,0.01606215676598902,0.01619960301073434,0.01632761086630988,0.01643480495834196,0.01646891786696024,0.01638343699910024,0.01622625598002463,0.01608954639032773,0.01592816196104042,0.01581280286783646,0.01576242431587392,0.01575523879925642,0.01574144574264948,0.0156944316191349,0.01570197544324396,0.01578016540774525,0.01590229696509231,0.0160203456782133,0.01611557541785296,0.01620793230122599,0.01628460332505182,0.01634964631533487,0.01641714038592076
75,0.009172656227759248,0.009097197988104631,0.009007230412557727,0.008853955714248844,0.008664417825760886,0.008467249199787233,0.008294237040195844,0.008197087478788239,0.008206038699811508,0.008295109904267387,0.008379567473575348,0.008502621963934157,0.008650004509899081,0.008812440756671614,0.009002975854625112,0.009171153013959512,0.009342542250444452,0.009646049433400035,0.0101280581105024,0.01071046871550683,0.0112168127395645,0.01173651162319414,0.01217134542526007,0.01247659010249814,0.01271012027121621,0.01290982880314277,0.0131137585761271,0.01335796351393302,0.01365406565588538,0.01396494588070649,0.01419944318261808,0.01442643769272851,0.01459908440858873,0.01469201697652552,0.01472737860422414,0.01471441751990969,0.01472674615131055,0.01467686897760664,0.01452612849092549,0.0143120531556548,0.01406384271908765,0.01383601966181196,0.01366215332914568,0.01355465301638642,0.0134872782885033,0.01337740291002221,0.01329299887957532,0.01324110158776104,0.01321966928825311,0.01322614162666286,0.01320782558344739,0.01321428970673589,0.01328531372574614,0.01343390328986423,0.01363405444825751,0.01379592801070492,0.01397706671246476,0.01418142201948885,0.0144044099447188,0.01463903790562741,0.01482576442306881,0.01501237689648144,0.01522512293309519,0.01546888498513484,0.01571836930545555,0.01591201285229287,0.01612844684819405,0.0162442099628233,0.01620290273517828,0.0160656214873813,0.01590438838915783,0.0157546714492771,0.01566866164701826,0.01567253135696731,0.01572865245073578,0.01572128356091054,0.01570528755115321,0.01574244118202236,0.01585038926305003,0.01599424342097076,0.01608978416398185,0.01620639346423303,0.01624953127949478,0.01617428528195992,0.01602826697609499,0.01586596078212636,0.015719856151602,0.01561807041162543,0.01557747386756255,0.01557615423919046,0.01553359646855386,0.01549499398229676,0.01550979505059939,0.01559434512530991,0.01572211739854484,0.01581394092685406,0.01591738115406676,0.01601708370686925,0.01610131596956416,0.01617418108342428
76,0.008823096586710592,0.008716108962854427,0.008675536036598389,0.008614910060846408,0.008482683433105702,0.008260819425065702,0.008077685534915672,0.007920749642707029,0.007838661178931807,0.007860129128791421,0.007926846092337124,0.008016212032205365,0.008144366654082327,0.008296590977413473,0.008464064706859934,0.008609006579545088,0.008781707103428371,0.008960032643499934,0.009269675573403214,0.009754679454379951,0.01027731049010221,0.01078500008594162,0.01130559267153664,0.01174503186287669,0.01206136584240698,0.01225014037083486,0.01246779444036782,0.01269040212485075,0.01294998560438225,0.01325643733651398,0.01352185949169568,0.01376844364845865,0.01401061956456693,0.01420191351937757,0.01431580475730073,0.01430882837582154,0.01432121028213628,0.01435926573775329,0.01433249521927805,0.01420124628950291,0.01394464864966748,0.01371985681510051,0.01351633393094935,0.01336186481997686,0.01326674435134233,0.01315293190466601,0.01305601309534169,0.01298544761275225,0.01294655361827324,0.01293651013693711,0.01290034610377764,0.01289532965847172,0.01291524852665723,0.01299827274278948,0.01315655922148154,0.01331273641962757,0.01348631955886165,0.01367887173484783,0.01389421002168061,0.01412784115956815,0.01431928011847173,0.01452055246938964,0.01472174961975481,0.01494816715729212,0.01520412975859942,0.01541033223939327,0.01561986361360826,0.01585183640943693,0.01598326358599851,0.01595793522904787,0.01578253504956314,0.0156422998271413,0.01551397297989046,0.01544483179866881,0.01545875054519696,0.01547079716509761,0.01547420020519144,0.01546893704194755,0.01551586015729203,0.0156325101439821,0.01573627809201432,0.01584333186203769,0.01597033463440555,0.01602435561791989,0.01596117438984476,0.01578151293674748,0.01563608258079689,0.01550657334885244,0.01541820771936046,0.01538638780606323,0.01534895339655064,0.01531664688426197,0.01528783972844478,0.01531145056854403,0.01540374551851538,0.01549854584021048,0.01560076319320126,0.01571327962261011,0.01582178525827936,0.01591507126437583
77,0.008468443782274968,0.008337006834201788,0.008263213534298836,0.008255698686933178,0.008223235947322714,0.008068686123532967,0.007859516409506715,0.007691713882725307,0.007551198099984135,0.007483774008549776,0.007487720117435548,0.007558648102526341,0.00765372999881346,0.007787914390773706,0.007946046603074084,0.008067750591055632,0.008217351297888366,0.008396601741488499,0.00858427160365078,0.008901435844166897,0.009328151806998555,0.00985050746167844,0.01035879886516896,0.01088011362153051,0.01132479480577912,0.01158803603618767,0.01179406387994224,0.012028804021693,0.01226820166276182,0.01254151291599599,0.01279943675999909,0.0130750529740876,0.01333568002066103,0.01359620534879176,0.01380828821955086,0.01387201936397346,0.01388944260751,0.01392692057021532,0.01398936086568528,0.01398429485549979,0.01380393290008798,0.01357010455885239,0.01336933839988329,0.01318920586803731,0.01305295071044065,0.01290844522966068,0.01280761229341061,0.01272553045059613,0.01267093556874379,0.01264670123760938,0.01258951936040057,0.01256772637252904,0.01257753813069839,0.01261238433799635,0.01270842586401889,0.01281817684684132,0.01298697723765277,0.01317325629070238,0.01337851782994191,0.01360608772281728,0.01378979643685778,0.01399651711409169,0.01421316781788535,0.01442982267293886,0.01467052879478597,0.01487579077443644,0.0150983699826982,0.01532439451389281,0.01557280917033515,0.01572068404197226,0.01564787173502041,0.01549423823588424,0.0153760635507035,0.01526823791834846,0.01521415603850667,0.01517878770769942,0.01520225738279233,0.015217766512412,0.01522498612571713,0.01528337454330647,0.01535289573615909,0.01546992488428955,0.01558947130148339,0.01572866459463886,0.01579534520977159,0.01568953451703774,0.01552854514954603,0.0154013127738782,0.01528826338832096,0.01521234260566515,0.01513856104922925,0.01511281197407802,0.01509213762948966,0.01507468130282184,0.01510849884994148,0.01516114497287288,0.01526839366807331,0.01538186271487716,0.01550489475433071,0.01562366041222344
78,0.00804847429077942,0.007953524501686333,0.007855322501538592,0.00781307184122731,0.007837416972912317,0.007797607175599784,0.007657330015868531,0.007462184064671118,0.007310079202032064,0.007185612373768035,0.00710251864994934,0.007115860193266894,0.007191840624112599,0.007293549464371853,0.007434762499388537,0.007546720859330845,0.007674153019254395,0.007830332587930007,0.008018387528704679,0.008216629533507354,0.008479188426995427,0.008907887699789195,0.009429305753435754,0.009938035869004462,0.01046070267718548,0.01084367067262648,0.01111875870597727,0.01134122523685379,0.01159128456309374,0.01184590168177382,0.012069795547906,0.01233918114075873,0.01262687326989622,0.01290457173524167,0.0131854828748827,0.01334007263250116,0.01342755567105014,0.01346915234137207,0.01353043787319431,0.01361588859768086,0.01355513077214539,0.01339961919416527,0.01318920880302487,0.01301160082510387,0.01285373657781359,0.01266521424283911,0.01253949502215494,0.01245355158821835,0.01238844840449046,0.01235145452769108,0.01227489302038277,0.01223605134333876,0.01223016453143458,0.01225625837591544,0.01230703378880884,0.01234960008129194,0.01247570922170797,0.01265809369394145,0.01285833232562142,0.01307751188100435,0.01324793759637807,0.01344901801843074,0.01367182674427194,0.01390469105283107,0.01413740434758919,0.0143197098377017,0.01454375211914545,0.01478329781829617,0.0150266983588003,0.01529229255280137,0.0153820376806264,0.01533265959049269,0.01520186216646733,0.01510488722888704,0.01501580939638898,0.01490634388918937,0.01488835883289553,0.01492458313484276,0.01495393962058751,0.01497533646842654,0.01497850341529938,0.01506516492889744,0.01519641878730129,0.01533022257614274,0.01548332101847077,0.01549674650560591,0.0154117739990619,0.01527078119440549,0.01516162483744034,0.01506408369375352,0.01493905307559217,0.014881972298871,0.01486929433617789,0.01486179534415866,0.01485708447663254,0.01484335900601173,0.01491218685001225,0.01503273178048498,0.01515885702725123,0.01529381915854546
79,0.007543926383575923,0.0075154758924417,0.007443766553944704,0.007377278513342206,0.007365513863246138,0.007397979468363375,0.007375047242165928,0.007250270338749217,0.007069553585200701,0.006932833990949418,0.006788381044221301,0.00672234261679187,0.006745861157221729,0.006827802897731703,0.006937108129530462,0.007031799728642368,0.007150524613614442,0.007285464230735537,0.007450342748252158,0.007648346031041351,0.00779416757590394,0.008063146146932293,0.008493191388200465,0.009013547273055252,0.00952330238212616,0.00997985632218709,0.01036669223085014,0.01065290931748506,0.01089015184999314,0.01115404906719736,0.01135755183138856,0.01159530561081462,0.01187793959908635,0.01218058496561046,0.01247729427327088,0.01269391791735424,0.01287136381684244,0.01298237961946531,0.01304691494114636,0.01313070468297079,0.01315239871836195,0.01311916684141001,0.01298913131821107,0.01280133307582817,0.01264583178317704,0.01242885187038271,0.01226718320143458,0.01216217834372551,0.01209326290692674,0.01204677210243086,0.01195014675900904,0.01189699064707058,0.01187799808122801,0.011889460330406,0.01193281650163737,0.01192318394528383,0.01198705267609861,0.01213047064433201,0.012327655792102,0.01254300161712407,0.01269695252088686,0.01288732641348557,0.0131065604039688,0.01334626996133635,0.01359591742435738,0.01376112993238602,0.0139654262854891,0.01420882142803188,0.01446618917465838,0.0147276858242439,0.01492346223686491,0.01503835259306812,0.01501345286791403,0.01490466545925388,0.01482716405230689,0.01467222253267482,0.01458828266782352,0.0145890565531156,0.01463975194621554,0.01468460966850444,0.01464053392869416,0.01466576090040591,0.01477054426393724,0.01491776577371918,0.01506750645675964,0.01515567519116179,0.01519215231540431,0.01512932253237146,0.01500823060011405,0.01491621668217838,0.01475895864091503,0.01465717790615663,0.01461820456795518,0.01462012828065198,0.01462717949800327,0.01456504490741527,0.01457208460366937,0.01465794183008014,0.01479316092427158,0.01493333106275927
80,0.00698188384001754,0.007008901928951468,0.006988209247187773,0.006938520114869827,0.006902804098470996,0.006912111219782534,0.006962183292751758,0.006957187652728025,0.006848249226625244,0.006681705719510207,0.00651606202496587,0.006392845996442092,0.006344553940155191,0.006379061659096947,0.006467928680038303,0.006530307824041651,0.006632364260722818,0.006759519132601471,0.006903933205979159,0.007078551358876109,0.007223303025619026,0.007377911688993279,0.007652673926650726,0.008083924935073615,0.008603752083606355,0.00904860620331422,0.00950318747244565,0.009893281149858536,0.01018909380865536,0.01043974962645767,0.01064935272783152,0.01086690851907007,0.01112022506164156,0.0114188155905053,0.01173825807973218,0.011964232540698,0.01220205209700501,0.01240213663284658,0.01253550698444531,0.01262175193959443,0.01263242680432376,0.01268239470671451,0.01267728327100307,0.012571928664969,0.01240576063383448,0.01217946801146072,0.01199404916554551,0.01186118901271112,0.01177901540885366,0.0117287550763901,0.0116128585390268,0.01154315861664661,0.01151489985184992,0.01151715568477133,0.01154693208589117,0.01152087340904401,0.01153599096022708,0.01162208976292834,0.0117839808893247,0.01199708632165544,0.01213846567231125,0.01231423194294668,0.01252530329684676,0.01276346139474441,0.01302061735071213,0.01319239041377563,0.01338163746315304,0.01360849567794121,0.01387206828063404,0.01414795138090275,0.01432775585657492,0.01454977175441667,0.01469079808329522,0.01468954172449167,0.01460108950471914,0.01444273838663691,0.01431858266489362,0.01426158912427996,0.01428283729464301,0.01434964549641075,0.01431623113076354,0.01429811450262426,0.01434641867280148,0.01447103455263779,0.01463585470335356,0.01470886490602774,0.01482223188079938,0.014883022840906,0.01484221703761508,0.0147401177732862,0.01457466546409073,0.01444543531589224,0.0143683362284128,0.01434898843856887,0.01436687253490918,0.01430451717006346,0.01426708244603206,0.01429574596685851,0.0143999934062685,0.0145512424818727
