state_fips,year,first_births_total,n_counties_with_fertility,mean_age_first_birth,share_first_birth_30_plus,female_pop_15_44,native_female_pop_15_44,foreign_born_female_pop_15_44,net_migration_rate,international_migration_rate,n_counties_with_population,foreign_born_share_15_44,first_birth_rate_15_44,permits_total_pc,real_rent_index,housing_stock_growth,housing_demand_shifter,n_metros_housing,unemployment_rate,n_metros_controls
01,2007,27223,12,23.747088856151045,0.15027725515189364,,,,,,,,,,0.22532827181818182,-0.05222241666666667,-0.05222241666666667,11.0,0.02749568181818182,11.0
01,2008,26879,12,23.740485266267346,0.14632250172997507,,,,,,,,,,0.22433719727272727,-0.009788566666666667,-0.009788566666666667,11.0,0.028862173636363633,11.0
01,2009,26334,12,23.7412279576593,0.14627497911445278,,,,,,,,,,0.23108594272727273,0.06342685666666667,0.06342685666666667,11.0,0.04464831181818182,11.0
01,2010,24800,12,23.976653122298387,0.1550804731451613,872578.0,829483.1403103533,43094.85968964671,0.00047107534883720933,0.0001793825581395349,43.0,0.04938797412912853,28.421527932173397,,0.2529062381818182,-0.0009432233333333331,-0.0009432233333333331,11.0,0.045580844545454545,11.0
01,2011,24515,12,24.15998384344279,0.1639403946971242,874986.0,829958.6992448629,45027.30075513711,-0.0005795379069767442,0.0007084232558139535,43.0,0.05146059566111585,28.017591138601073,,0.26085779545454546,0.1766473066666667,0.1766473066666667,11.0,0.045133465454545454,11.0
01,2012,23988,12,24.276200515007506,0.1676670207186927,876023.0,830107.2701523273,45915.729847672716,0.0006202309302325581,0.0009244088372093024,43.0,0.05241384055860716,27.382842687920295,,,,,,,
01,2013,23482,12,24.489353701303127,0.17387777365641768,877340.0,831410.3485172204,45929.65148277963,0.00011337069767441865,0.0007864406976744186,43.0,0.0523510286579657,26.764994186974263,,,,,,,
01,2014,24141,13,24.72896731096475,0.18648754794747524,878841.0,834235.0,44606.0,-0.000547155581395349,0.0005735358139534884,43.0,0.050755483642661185,27.469132641740657,,,,,,,
01,2015,23031,13,24.84896434371065,0.19252334527376147,879349.0,835977.0,43372.0,4.309023255813948e-05,0.0007525893023255815,43.0,0.04932285133661379,26.19096627163959,,,,,,,
01,2016,22324,13,24.94561891327719,0.19584305272352626,877546.0,834772.0,42774.0,-0.001117800465116279,0.0009494220930232558,43.0,0.048742743970116666,25.439122279629785,,,,,,,
01,2017,22290,13,25.071713632032303,0.20210868205473304,876253.0,833943.0,42310.0,-0.0003462018604651161,0.0004517711627906977,43.0,0.04828514139181264,25.437858700626418,,,,,,,
01,2018,21900,13,25.12707751986302,0.19990869397260275,875793.0,833881.0,41912.0,0.0005208272093023255,0.0004479667441860465,43.0,0.047856057310346166,25.005908930534954,,,,,,,
01,2019,21530,13,25.063028493683234,0.20032514156990247,,,,,,,,,,,,,,,
01,2020,21439,13,25.2383741646532,0.20840542772517373,,,,,,,,,,,,,,,
01,2021,21759,13,25.292522590146607,0.20814344570062962,,,,,,,,,,,,,,,
01,2022,21840,13,25.501671415979853,0.22010052532051283,,,,,,,,,,,,,,,
01,2023,22156,13,25.568875172729737,0.22490520906300776,,,,,,,,,,,,,,,
01,2024,21988,13,25.66252060032745,0.2264415669456067,,,,,,,,,,,,,,,
02,2007,4356,2,24.473140537190083,0.17860452846648303,,,,,,,,,,,,,,,
02,2008,4306,2,24.547840590803528,0.18927065768694845,,,,,,,,,,,,,,,
02,2009,4258,2,24.64279029426961,0.1949272451855331,,,,,,,,,,,,,,,
02,2010,4346,2,24.760354485043717,0.19719260469397146,108829.0,99434.1477217858,9394.852278214195,0.00279284,0.000464484,5.0,0.0863267353206792,39.9342087127512,,,,,,,
02,2011,4458,2,24.977344221175414,0.19739797846567966,109607.0,100185.70696917897,9421.293030821029,0.0025190119999999993,0.001716802,5.0,0.08595521299571221,40.67258478016915,,,,,,,
02,2012,4187,2,25.198352320515884,0.21686163959875807,110730.0,101159.9675990848,9570.032400915195,0.0037254999999999996,0.0031156000000000005,5.0,0.08642673531035126,37.812697552605435,,,,,,,
02,2013,4148,2,25.59233370057859,0.24228552266152364,111687.0,101798.95536122058,9888.044638779422,0.00012336200000000012,0.003580108,5.0,0.08853353245032476,37.139505940709306,,,,,,,
02,2014,4139,2,25.66936461633245,0.24377853394539745,112524.0,102371.0,10153.0,-0.008357326,0.001415274,5.0,0.09022963989904376,36.78326401478795,,,,,,,
02,2015,4129,2,25.85141678057641,0.25793186364737225,112904.0,101938.0,10966.0,-0.0039885039999999995,0.00293351,5.0,0.09712676255934245,36.570892085311414,,,,,,,
02,2016,3895,2,25.942490672143776,0.26264438433889603,113224.0,102289.0,10935.0,-0.0014085840000000003,0.002987136,5.0,0.09657846392990885,34.40083374549565,,,,,,,
02,2017,3631,2,26.226384353070777,0.274029301019003,112736.0,101495.0,11241.0,-0.007561832,0.003306232,5.0,0.09971082883905762,32.20799034913426,,,,,,,
02,2018,3509,2,26.305499952978057,0.2824165018523796,112271.0,100908.0,11363.0,-0.007796214,0.003070176,5.0,0.10121046396665212,31.254731854174274,,,,,,,
02,2019,3341,2,26.43295396468123,0.288835402274768,,,,,,,,,,,,,,,
02,2020,3258,2,26.461632488950276,0.28606536464088395,,,,,,,,,,,,,,,
02,2021,3264,2,26.601715483455884,0.3060659926470588,,,,,,,,,,,,,,,
02,2022,3323,2,26.62819755070719,0.3051458696960578,,,,,,,,,,,,,,,
02,2023,3122,2,26.81950660345932,0.31934678731582317,,,,,,,,,,,,,,,
02,2024,3098,2,27.00548784570691,0.32892193124596514,,,,,,,,,,,,,,,
04,2007,37672,9,24.03587546894245,0.18082397544595455,,,,,,,,,0.03698597,0.23503500666666668,0.01493673,0.01493673,3.0,0.023967516666666664,3.0
04,2008,36219,9,24.214817937022,0.19047995477511803,,,,,,,,,0.01916021,0.26455892,0.02899721,0.02899721,3.0,0.02611416,3.0
04,2009,33978,9,24.301989401141917,0.19050536732591675,,,,,,,,,0.013221575,0.27182779333333335,0.03349294,0.03349294,3.0,0.03822121666666667,3.0
04,2010,32059,9,24.558501663526624,0.20303207423812344,1234792.0,991875.7699082976,242916.23009170243,0.0008407724999999999,0.00023012166666666666,12.0,0.19672643659150887,25.96307718222988,0.0113926,0.28001201000000003,-0.0790556,-0.0790556,3.0,0.049781636666666663,3.0
04,2011,31477,9,24.886981083775453,0.21746042043396765,1243981.0,1006516.9703377881,237464.02966221186,0.0006488541666666669,0.0015143650000000002,12.0,0.19089039917990056,25.303441129727865,0.010482695,0.3145305333333333,0.1046938,0.1046938,3.0,0.0462512,3.0
04,2012,31825,9,24.924839282702276,0.2194818187588374,1249942.0,1020487.510752241,229454.48924775902,-0.0019186399999999999,0.0015024383333333332,12.0,0.1835721091440715,25.461181398816905,,,,,,,
04,2013,30889,9,25.08933622435171,0.22486976263394734,1256756.0,1032067.4539209908,224688.54607900928,-0.0016748849999999999,0.0017959991666666667,12.0,0.1787845421696887,24.578358885893522,,,,,,,
04,2014,31012,10,25.35291187988521,0.24110012298465108,1268640.0,1043060.0,225580.0,0.0029539166666666668,0.0022219933333333334,12.0,0.177812460587716,24.445075040988776,,,,,,,
04,2015,30244,10,25.541826572543314,0.24937166680994574,1278934.0,1054830.0,224104.0,0.002351073333333333,0.002565690833333333,12.0,0.17522718138699886,23.647819199427023,,,,,,,
04,2016,29497,10,25.658338192561956,0.2533815519205343,1287309.0,1066829.0,220480.0,0.005940262500000001,0.0018388058333333333,12.0,0.1712720100612984,22.913690496998,,,,,,,
04,2017,28895,10,25.804516029728322,0.25724150551998615,1300635.0,1081334.0,219301.0,0.005975894999999999,0.0013585175,12.0,0.16861071707281444,22.216071380517977,,,,,,,
04,2018,28625,10,25.96864637593013,0.2673538997729258,1324853.0,1104294.0,220559.0,0.011349803333333333,0.0013463833333333334,12.0,0.16647809228646498,21.606170646856672,,,,,,,
04,2019,28406,10,26.069844199781738,0.27244241420826587,,,,,,,,,,,,,,,
04,2020,28200,10,26.25737613755319,0.28265982390070926,,,,,,,,,,,,,,,
04,2021,28656,10,26.500994390947792,0.2956800262772194,,,,,,,,,,,,,,,
04,2022,29568,10,26.65643618181818,0.3061417734713204,,,,,,,,,,,,,,,
04,2023,29913,10,26.7430216505867,0.31050023638551805,,,,,,,,,,,,,,,
04,2024,30774,10,26.87036166052512,0.3203030225515045,,,,,,,,,,,,,,,
05,2007,16337,5,23.091479104241902,0.11299475760543552,,,,,,,,,,0.24714450500000001,0.0444178,0.0444178,2.0,0.027705285000000003,2.0
05,2008,16213,5,23.18352537266391,0.11978054511811509,,,,,,,,,,0.24943062,-0.07545323,-0.07545323,2.0,0.023404809999999998,2.0
05,2009,15922,5,23.195578788657205,0.1165056349704811,,,,,,,,,,0.26074807499999997,0.03017137,0.03017137,2.0,0.035620095000000004,2.0
05,2010,15407,5,23.450509661582398,0.13033030888557148,473239.0,441169.2346202677,32069.76537973232,0.0003799774358974359,0.0001612223076923077,39.0,0.0677665310334362,32.556488370569625,,0.27513711,0.05225197,0.05225197,2.0,0.03891983,2.0
05,2011,15313,5,23.655880342976555,0.13668163266505584,474038.0,441354.2083785915,32683.791621408498,-0.00030866974358974384,0.0007164384615384615,39.0,0.06894761943432488,32.303317455562635,,0.26513754,-0.12258254,-0.12258254,2.0,0.03155474,2.0
05,2012,15167,5,23.939902480121315,0.15098565391969407,476086.0,442561.8305326392,33524.169467360865,-0.0029560535897435896,0.00063981,39.0,0.07041620519687801,31.857689577093215,,,,,,,
05,2013,14688,5,23.933755073733657,0.14842025197440087,478564.0,443920.03779979085,34643.962200209135,-0.0035617851282051284,0.00039663897435897436,39.0,0.07239149246539467,30.691819693917637,,,,,,,
05,2014,15451,7,24.475147060772766,0.18290061788880976,481412.0,446440.0,34972.0,-0.0031973079487179487,0.0005089846153846154,39.0,0.07264463702608161,32.095170041461365,,,,,,,
05,2015,14630,7,24.343779860560492,0.17047185447710184,483504.0,448338.0,35166.0,-0.002236564615384615,0.0005597292307692308,39.0,0.07273155961481187,30.258281213805883,,,,,,,
05,2016,13902,7,24.493058704646813,0.17414733232628396,485742.0,450337.0,35405.0,-0.0009468687179487181,0.0005418833333333333,39.0,0.07288848812744214,28.62013167483973,,,,,,,
05,2017,13371,7,24.463877208735322,0.17126628973150845,486615.0,450870.0,35745.0,-0.0009500633333333331,0.00033361769230769227,39.0,0.07345642859344656,27.47757467402361,,,,,,,
05,2018,13170,7,24.521564163857253,0.1727412377372817,488330.0,453245.0,35085.0,-0.0015205694871794871,0.00036443384615384615,39.0,0.07184690680482461,26.96946736837794,,,,,,,
05,2019,13066,7,24.5545309310424,0.17671818865758457,,,,,,,,,,,,,,,
05,2020,12749,7,24.690524655188643,0.18189676280492587,,,,,,,,,,,,,,,
05,2021,13301,7,24.835801795128184,0.1904368333208029,,,,,,,,,,,,,,,
05,2022,13473,7,25.01336008401989,0.19505666815111705,,,,,,,,,,,,,,,
05,2023,13299,7,24.98826967787052,0.19174399413489734,,,,,,,,,,,,,,,
05,2024,13357,7,25.144605902897357,0.1994456968630681,,,,,,,,,,,,,,,
06,2007,221982,36,25.684494697980014,0.2788333478074799,,,,,,,,,0.01315416,0.3143554322727273,0.009198390833333334,0.009198390833333334,22.0,0.031439852727272725,22.0
06,2008,216979,36,25.76031550891561,0.28275083204826273,,,,,,,,,0.007110618571428571,0.3244957527272727,-0.002324794166666666,-0.002324794166666666,22.0,0.03479314045454545,22.0
06,2009,207236,36,25.904080511860872,0.29116065638209576,,,,,,,,,0.005988487142857143,0.33543195863636366,0.020750635833333333,0.020750635833333333,22.0,0.051730397727272726,22.0
06,2010,201038,36,26.14184639702942,0.3027787167500671,7791883.0,5211197.371869078,2580685.628130922,2.6418e-05,0.00034583422222222223,45.0,0.33120179398624466,25.800952093351505,0.00558906,0.3518608618181818,0.03618418166666667,0.03618418166666667,22.0,0.058303923636363636,22.0
06,2011,195881,36,26.409644071900797,0.31854036393014123,7814934.0,5266223.844683059,2548710.1553169414,-0.0007137493333333332,0.0015504979999999998,45.0,0.3261332924010544,25.0649589619055,0.004412764285714286,0.3659671309090909,0.02283344666666667,0.02283344666666667,22.0,0.05522665454545454,22.0
06,2012,197581,36,26.66858905192807,0.3357003762052019,7846449.0,5333438.3014149815,2513010.698585019,-0.0005389888888888888,0.001624866888888889,45.0,0.3202736293302893,25.180944908964552,,,,,,,
06,2013,193108,36,26.96825099922841,0.3532168148756137,7877136.0,5403492.59448271,2473643.4055172903,-0.0005338908888888889,0.001925765111111111,45.0,0.31402827188933774,24.51500139136864,,,,,,,
06,2014,195834,36,27.264497055909597,0.3706558817621046,7937596.0,5506998.0,2430598.0,0.0017363751111111113,0.002144317111111111,45.0,0.30621336737218674,24.671701608396294,,,,,,,
06,2015,189805,36,27.475593198909408,0.3826506706356524,7977234.0,5576708.0,2400526.0,0.0018172813333333334,0.0025922182222222223,45.0,0.3009220990634097,23.793334882742563,,,,,,,
06,2016,188526,36,27.730328993597702,0.39751029052756653,7984132.0,5628709.0,2355423.0,0.0016023213333333332,0.0023877966666666665,45.0,0.295013033351653,23.61258556346513,,,,,,,
06,2017,181917,36,27.963444872573756,0.411781203471913,8023534.0,5707714.0,2315820.0,0.0023674437777777774,0.0017048235555555556,45.0,0.28862842732391986,22.672926917241206,,,,,,,
06,2018,176344,36,28.215218633239576,0.42951268133874704,8023145.0,5763182.0,2259963.0,0.0014406648888888888,0.0016635082222222221,45.0,0.2816804382819954,21.979410817079835,,,,,,,
06,2019,175464,36,28.387982869409107,0.4413268942005198,,,,,,,,,,,,,,,
06,2020,165503,36,28.54634646344175,0.4546260792070234,,,,,,,,,,,,,,,
06,2021,165877,36,28.76626653484811,0.4710418573521345,,,,,,,,,,,,,,,
06,2022,165727,36,28.850642988499157,0.47621098786558624,,,,,,,,,,,,,,,
06,2023,162280,36,28.985038220483116,0.48560518079245746,,,,,,,,,,,,,,,
06,2024,164769,36,29.10288355564457,0.4949170658133508,,,,,,,,,,,,,,,
08,2007,29399,12,25.885319370658863,0.28705062213000443,,,,,,,,,0.02297213,0.21906524000000002,0.02274268,0.02274268,6.0,0.02846203,6.0
08,2008,28737,12,25.823293960677873,0.2847202205171034,,,,,,,,,0.01273434,0.23397365,0.02182814,0.02182814,6.0,0.02487524166666667,6.0
08,2009,27878,12,25.957206415524784,0.2906950609799842,,,,,,,,,0.0098421,0.244608845,0.051289345,0.051289345,6.0,0.03921924166666667,6.0
08,2010,27199,12,26.197635850693043,0.3019229045185485,963208.0,830997.4312960582,132210.56870394177,-0.0006856507142857142,0.00039643,28.0,0.13726066301768858,28.2379299175256,0.012512139999999998,0.25946237833333335,0.05597531,0.05597531,6.0,0.049154011666666664,6.0
08,2011,26974,12,26.553217882219915,0.32279227322606957,972032.0,839473.1324824789,132558.8675175212,-0.000812005,0.0021118353571428572,28.0,0.13637294607329922,27.750115222544114,0.012177035,0.28033644166666666,0.059617985,0.059617985,6.0,0.04649348833333333,6.0
08,2012,26479,12,26.72872834944673,0.3304504776237773,981090.0,848362.0635206811,132727.93647931886,0.002005968214285714,0.0014619939285714285,28.0,0.13528619849281806,26.98936896716917,,,,,,,
08,2013,26546,12,26.887817260114517,0.34110588838243044,992516.0,859760.4728478644,132755.52715213565,0.004367776428571429,0.0012348125,28.0,0.1337565612565799,26.74616832373483,,,,,,,
08,2014,26425,12,27.121002825316932,0.3531503689309366,1007595.0,870791.0,136804.0,0.007701213928571428,0.0013945507142857142,28.0,0.1357728055419092,26.22581493556439,,,,,,,
08,2015,26562,12,27.249491699570815,0.3661620954747383,1023369.0,885864.0,137505.0,0.010704887857142856,0.0019126282142857142,28.0,0.1343650237597582,25.955447155424878,,,,,,,
08,2016,26081,12,27.431405945592577,0.37935654288562554,1038284.0,899694.0,138590.0,0.011292,0.001378345,28.0,0.13347985714891109,25.119331512380043,,,,,,,
08,2017,25354,12,27.637118277707657,0.38893267500197204,1053937.0,915936.0,138001.0,0.008995935714285714,0.0012456907142857144,28.0,0.1309385665367095,24.05646637322724,,,,,,,
08,2018,25003,12,27.777766697316324,0.4055514284685838,1074552.0,936885.0,137667.0,0.008059916428571429,0.0012338007142857143,28.0,0.12811571706162195,23.26830158056567,,,,,,,
08,2019,25437,12,27.9258560720997,0.4140821015843063,,,,,,,,,,,,,,,
08,2020,25476,12,28.119818651711416,0.4272254077563197,,,,,,,,,,,,,,,
08,2021,26285,12,28.39202971637816,0.45086554658550504,,,,,,,,,,,,,,,
08,2022,26160,12,28.461295805810394,0.45233170431957187,,,,,,,,,,,,,,,
08,2023,26378,12,28.517704177117295,0.4567443045719918,,,,,,,,,,,,,,,
08,2024,26990,12,28.52847333797703,0.45839201415339015,,,,,,,,,,,,,,,
09,2007,17473,8,27.171550522749385,0.36393274915584045,,,,,,,,,,0.21876714,-0.015114064,-0.015114064,6.0,0.031354120000000006,6.0
09,2008,17353,8,27.15962668967902,0.36420187558347256,,,,,,,,,,0.233313255,0.0175493,0.0175493,6.0,0.03208995,6.0
09,2009,16867,8,27.250489411098595,0.36728509070966975,,,,,,,,,,0.23209409,0.016784376,0.016784376,6.0,0.04754551333333334,6.0
09,2010,16523,8,27.43194322193306,0.3800158596501846,698931.0,582376.6066437778,116554.39335622215,0.000573025,0.000524235,8.0,0.1667609440076662,23.640387963904878,,0.24603123999999998,0.050435458,0.050435458,6.0,0.053643665,6.0
09,2011,15980,8,27.414049036921153,0.37440536795994994,695164.0,577708.575310396,117455.42468960395,-0.0011546687499999998,0.00273181875,8.0,0.16896074119143678,22.987381394893866,,0.24356057,0.062784176,0.062784176,6.0,0.05359888833333334,6.0
09,2012,15759,8,27.55895026727584,0.38746142553461516,692647.0,574815.4939209946,117831.50607900538,-0.0025390662500000003,0.0033813325,8.0,0.1701176877673698,22.751849065974444,,,,,,,
09,2013,15222,8,27.746058302654056,0.3992249042832742,690490.0,571916.4801579306,118573.51984206938,-0.00229894,0.00233564875,8.0,0.17172373219318074,22.04521426812843,,,,,,,
09,2014,15431,8,28.058226955738448,0.4187027621022617,688672.0,571563.0,117109.0,-0.0033400699999999997,0.0038093275,8.0,0.17005047395567122,22.406893267041493,,,,,,,
09,2015,14653,8,28.2908961420187,0.4369070324848154,686245.0,568160.0,118085.0,-0.0040703037499999995,0.00357050625,8.0,0.1720741134725936,21.35243244030922,,,,,,,
09,2016,14586,8,28.60760300870698,0.4588646114767585,681924.0,565502.0,116422.0,-0.00410868375,0.0031136312500000003,8.0,0.17072577002715844,21.38948035264927,,,,,,,
09,2017,14280,8,28.596358606442575,0.46120457079831934,678628.0,561737.0,116891.0,-0.0018421675,0.00309691,8.0,0.17224606117047925,21.042456249963163,,,,,,,
09,2018,13842,8,28.650303344964602,0.46199984286952755,674441.0,558564.0,115877.0,-0.00053802875,0.00355062,8.0,0.17181191534915582,20.52366330042213,,,,,,,
09,2019,13561,8,28.806356274611016,0.4807905987021606,,,,,,,,,,,,,,,
09,2020,13397,8,28.84388283832201,0.4821227580801672,,,,,,,,,,,,,,,
09,2021,14035,8,29.170716202208766,0.5142858904880656,,,,,,,,,,,,,,,
09,2022,14100,8,29.393759083758866,0.5274469454609929,,,,,,,,,,,,,,,
09,2023,13941,8,29.387740907969302,0.5231331700738828,,,,,,,,,,,,,,,
09,2024,13781,8,29.465967845657065,0.5350847537914519,,,,,,,,,,,,,,,
10,2007,4930,3,25.22119652596349,0.24117661784989858,,,,,,,,,,0.19420516,,,1.0,0.02277904,1.0
10,2008,4942,3,25.10694062181303,0.22966412727640628,,,,,,,,,,0.19131714,,,1.0,0.02951764,1.0
10,2009,4692,3,25.27610833525149,0.23550720289855073,,,,,,,,,,0.1741445,,,1.0,0.0437037,1.0
10,2010,4667,3,25.622348523034066,0.24898192243411185,179466.0,158293.90943710873,21172.090562891255,0.00159079,0.0003888466666666667,3.0,0.11797271105887051,26.004925724092587,,0.19607843,,,1.0,0.03982301,1.0
10,2011,4512,3,25.794991102393617,0.2588651981382979,179069.0,157610.2358474071,21458.764152592874,0.006880086666666667,0.0014995100000000001,3.0,0.11983517053534042,25.19699110398785,,0.24182075,,,1.0,0.04829932,1.0
10,2012,4313,3,25.977509603292372,0.27683721377231624,179437.0,158062.6993944758,21374.3006055242,0.007182336666666666,0.0013983566666666669,3.0,0.11911869127060863,24.036291288864614,,,,,,,
10,2013,4245,3,26.00706698303887,0.2810368640753828,179233.0,157258.42547486618,21974.574525133852,0.008125666666666668,0.0021377066666666664,3.0,0.12260339627821804,23.684254573655522,,,,,,,
10,2014,4317,3,26.431202238591617,0.29488098563817466,179620.0,158260.0,21360.0,0.009753693333333334,0.0015499633333333335,3.0,0.11891771517648368,24.034071929629217,,,,,,,
10,2015,4390,3,26.623234647835993,0.3068335025056948,179986.0,158474.0,21512.0,0.00945518,0.002007713333333333,3.0,0.11952040714277777,24.390785950018333,,,,,,,
10,2016,4269,3,26.78402408901382,0.31951250784727103,179902.0,157892.0,22010.0,0.008459949999999999,0.0015743600000000001,3.0,0.12234438749986104,23.72958610799213,,,,,,,
10,2017,4087,3,26.567776063371667,0.3117198580866161,180082.0,157200.0,22882.0,0.010244323333333333,0.0013246999999999998,3.0,0.12706433735742606,22.695216623538165,,,,,,,
10,2018,4047,3,26.750432190264398,0.3236965885841364,179238.0,156346.0,22892.0,0.012076473333333332,0.0013940933333333333,3.0,0.12771845256028297,22.57891741706558,,,,,,,
10,2019,4095,3,27.079731525518927,0.3326007045177045,,,,,,,,,,,,,,,
10,2020,4032,3,27.138764626984127,0.34672648015873014,,,,,,,,,,,,,,,
10,2021,4073,3,27.148293707095505,0.3501104419346919,,,,,,,,,,,,,,,
10,2022,4235,3,27.317473493270366,0.36245563565525385,,,,,,,,,,,,,,,
10,2023,4085,3,27.449204345410035,0.37870262888616896,,,,,,,,,,,,,,,
10,2024,4086,3,27.51786623641703,0.37665177777777775,,,,,,,,,,,,,,,
11,2007,4062,1,26.764032,0.393402,,,,,,,,,,,,,,,
11,2008,4218,1,26.899004,0.402086,,,,,,,,,,,,,,,
11,2009,4279,1,26.964478,0.401496,,,,,,,,,,,,,,,
11,2010,4226,1,27.429366,0.43611,153940.0,131770.09019432537,22169.90980567462,0.00337473,0.00115521,1.0,0.14401656363306886,27.45225412498376,,,,,,,
11,2011,4318,1,27.724988,0.462251,157829.0,134284.71996147363,23544.28003852637,0.01562293,0.00392026,1.0,0.14917588046890223,27.35872368195959,,,,,,,
11,2012,4428,1,28.302846,0.487805,161924.0,137732.20724453978,24191.79275546022,0.01602269,0.00537241,1.0,0.149402143940739,27.346162397173984,,,,,,,
11,2013,4319,1,28.816277,0.528363,166695.0,141510.83714463387,25184.16285536613,0.01671046,0.00730439,1.0,0.15107929365227588,25.909595368787308,,,,,,,
11,2014,4501,1,29.146301000000005,0.546101,171134.0,144880.0,26254.0,0.01103073,0.00788211,1.0,0.1534119461942104,26.301027265184008,,,,,,,
11,2015,4447,1,29.349224,0.558579,174954.0,147583.0,27371.0,0.01170967,0.00746682,1.0,0.1564468374544166,25.41810990317455,,,,,,,
11,2016,4516,1,29.518268,0.564438,177644.0,150441.0,27203.0,0.00933765,0.00510359,1.0,0.15313210691045012,25.421629776406746,,,,,,,
11,2017,4328,1,29.76756,0.588725,180338.0,152616.0,27722.0,0.00684499,0.00519771,1.0,0.15372245450210162,23.999378943982965,,,,,,,
11,2018,4190,1,30.188305,0.623628,183901.0,155589.0,28312.0,0.00378103,0.00511349,1.0,0.15395239830125992,22.78399791192,,,,,,,
11,2019,3928,1,30.400458,0.625509,,,,,,,,,,,,,,,
11,2020,3932,1,30.505468,0.627416,,,,,,,,,,,,,,,
11,2021,3891,1,30.724364,0.646877,,,,,,,,,,,,,,,
11,2022,3612,1,30.798173,0.646456,,,,,,,,,,,,,,,
11,2023,3454,1,30.831644,0.642733,,,,,,,,,,,,,,,
11,2024,3360,1,30.888988,0.648512,,,,,,,,,,,,,,,
12,2007,99508,34,25.085038385526794,0.23234307607428548,,,,,,,,,0.025467993333333338,0.21219466799999998,0.022712239999999998,0.022712239999999998,20.0,0.027042095999999998,20.0
12,2008,96668,34,25.220326248779326,0.2383828216472876,,,,,,,,,0.015349786666666665,0.2280169125,0.03413542,0.03413542,20.0,0.032394667,20.0
12,2009,91793,34,25.35465668719837,0.24236061700783285,,,,,,,,,0.01054307,0.24087436599999998,0.037037513333333334,0.037037513333333334,20.0,0.050526191,20.0
12,2010,88176,34,25.60026543865678,0.2536972244715115,3514410.0,2694817.7301504877,819592.269849512,0.0014129286274509804,0.0006002272549019608,51.0,0.23320906492114238,25.08984438355229,0.012056273333333334,0.2603207755,0.07201775333333332,0.07201775333333332,20.0,0.0565112635,20.0
12,2011,87672,34,25.836515638185507,0.2662878908089242,3517007.0,2698245.3510507974,818761.6489492026,0.005975066274509804,0.002717203137254902,51.0,0.23280068790002484,24.928014075604626,0.013332833333333334,0.2732872685,-0.04489087,-0.04489087,20.0,0.050984616,20.0
12,2012,87026,34,25.948274088732102,0.27148212577850295,3525835.0,2711851.7829314834,813983.2170685166,0.0071757103921568635,0.0026899209803921565,51.0,0.23086253811324597,24.682380202136514,,,,,,,
12,2013,86892,34,26.219444700145008,0.28592971182617505,3539465.0,2728069.3044395726,811395.6955604273,0.009548715490196077,0.002597396274509804,51.0,0.2292424690060298,24.549472872312624,,,,,,,
12,2014,87382,34,26.480184731180334,0.3004851659952851,3572729.0,2753516.0,819213.0,0.013081549999999999,0.002756324117647059,51.0,0.22929614868634032,24.458054333256175,,,,,,,
12,2015,88562,34,26.660373575111223,0.31022339951672273,3609641.0,2784867.0,824774.0,0.016697255882352942,0.0034573080392156863,51.0,0.22849197468667937,24.53484986457102,,,,,,,
12,2016,88460,34,26.91847720252091,0.3271535618697716,3640302.0,2809703.0,830599.0,0.019248109215686274,0.003938658431372549,51.0,0.22816760807207753,24.30018168822257,,,,,,,
12,2017,87538,34,27.014993569249924,0.3337750865566954,3691185.0,2842219.0,848966.0,0.01800058588235294,0.0038387552941176475,51.0,0.2299982255021084,23.715419303015157,,,,,,,
12,2018,86219,34,27.21731868106798,0.34596780664354726,3732548.0,2871517.0,861031.0,0.016519620000000002,0.004183450784313725,51.0,0.23068182914191593,23.099234088885126,,,,,,,
12,2019,85415,34,27.312240196967743,0.3543287980214248,,,,,,,,,,,,,,,
12,2020,83186,34,27.408307920551536,0.3651694943980959,,,,,,,,,,,,,,,
12,2021,85643,34,27.668928137933047,0.38130391814859355,,,,,,,,,,,,,,,
12,2022,91247,34,27.846838898824068,0.39008417158920294,,,,,,,,,,,,,,,
12,2023,91759,34,27.92808340761124,0.39560153891171435,,,,,,,,,,,,,,,
12,2024,93760,34,28.10300240896971,0.4060579877133106,,,,,,,,,,,,,,,
13,2007,57874,15,24.61772988169126,0.2115457508207485,,,,,,,,,0.04542061,0.293553854,-0.08078965,-0.08078965,5.0,0.032206672,5.0
13,2008,54176,15,24.730526556297995,0.21723617280714705,,,,,,,,,0.01751577,0.306663134,0.04830267,0.04830267,5.0,0.029403774,5.0
13,2009,51836,15,24.89409896840034,0.2245931204568254,,,,,,,,,0.00792001,0.311574454,0.03139046,0.03139046,5.0,0.047536684,5.0
13,2010,49679,15,25.113890946858834,0.23531056665794403,1921214.0,1665380.7045244768,255209.29547552322,-4.465067961165047e-05,0.00021729271844660194,103.0,0.1328375160057772,25.858129287002907,0.00932694,0.34336827400000003,0.06383181,0.06383181,5.0,0.04879985,5.0
13,2011,49838,15,25.230336268891207,0.2412217362053052,1932574.0,1673657.5206960498,258916.4793039502,-0.001906352718446602,0.00044160398058252424,103.0,0.13397493669269597,25.788404480242413,0.00907857,0.366735026,0.30112048,0.30112048,5.0,0.053354703999999996,5.0
13,2012,49007,15,25.388403856714344,0.24398575505540027,1941181.0,1680367.2977941365,260813.70220586358,-0.0024919923300970874,0.0013887716504854368,103.0,0.1343582603610192,25.245971395763714,,,,,,,
13,2013,48889,15,25.58907929434024,0.2538405267238029,1945995.0,1686829.2907434748,259165.70925652506,-0.002461670679611651,0.0010921688349514562,103.0,0.1331790211467784,25.122880582940862,,,,,,,
13,2014,47983,25,25.65622189387908,0.2585082381051622,1954843.0,1693129.0,261714.0,-2.9156310679611547e-05,0.0007955720388349515,103.0,0.13387980518128567,24.545705204970425,,,,,,,
13,2015,46588,25,25.695930106636904,0.2535418286683266,1964466.0,1701702.0,262764.0,0.0010544953398058253,0.0013202171844660193,103.0,0.13375848703922594,23.715350634727198,,,,,,,
13,2016,48883,25,26.059018468015466,0.2764764280833828,1974691.0,1711207.0,263484.0,0.003075464563106796,0.001498384563106796,103.0,0.1334304962143444,24.75475909901853,,,,,,,
13,2017,48852,25,26.162869558871698,0.2805617569802669,1985510.0,1719174.0,266336.0,0.004705516310679612,0.0008008079611650485,103.0,0.13413984316372116,24.604257848109555,,,,,,,
13,2018,48546,25,26.283102556791494,0.29001349709553825,1999418.0,1731956.0,267462.0,0.005636895631067961,0.0007311749514563108,103.0,0.1337699270487712,24.28006549906023,,,,,,,
13,2019,47742,25,26.323677190251768,0.2894935477566922,,,,,,,,,,,,,,,
13,2020,47352,25,26.472841625063353,0.3012121791054232,,,,,,,,,,,,,,,
13,2021,47487,25,26.605492069029417,0.30652590353149284,,,,,,,,,,,,,,,
13,2022,48613,25,26.647388441857117,0.30812742254129555,,,,,,,,,,,,,,,
13,2023,49495,25,26.781533231861804,0.32098184016567327,,,,,,,,,,,,,,,
13,2024,55025,25,27.31197630626079,0.3543843985097683,,,,,,,,,,,,,,,
15,2007,7786,4,25.835730507449266,0.274595715515027,,,,,,,,,,,,,,,
15,2008,7892,4,25.97725545527116,0.29004040851495183,,,,,,,,,,,,,,,
15,2009,7704,4,26.070287877985464,0.2908875273883697,,,,,,,,,,,,,,,
15,2010,7668,4,26.269953267214394,0.29316651395409493,260519.0,205478.83689701915,55040.16310298086,0.0006041460000000001,0.0009755699999999999,5.0,0.21127120518265793,29.433553790702405,,,,,,,
15,2011,7639,4,26.413274185102765,0.3010864123576385,261034.0,205734.83239529328,55299.16760470675,0.0038998159999999995,0.003962894,5.0,0.21184660850581438,29.264387014718388,,,,,,,
15,2012,7522,4,26.677612242089868,0.3141452536559426,262633.0,206559.39620216505,56073.603797834934,0.004722044,0.004809614,5.0,0.21350555260700269,28.64072679366264,,,,,,,
15,2013,7486,4,26.84871756011221,0.32273553059043547,263632.0,208457.8299913189,55174.17000868109,0.00516355,0.002732484,5.0,0.2092847985399386,28.395642410633002,,,,,,,
15,2014,6898,4,27.09111335198608,0.34299767990721947,265266.0,210197.0,55069.0,0.002838294,0.001747138,5.0,0.2075991646121252,26.004086464152962,,,,,,,
15,2015,7173,4,27.25358961145964,0.354523602816116,266402.0,212111.0,54291.0,0.002630876,0.0033876859999999996,5.0,0.20379351506370072,26.925473532480986,,,,,,,
15,2016,7044,4,27.556714656019306,0.3722319206416808,267443.0,212868.0,54575.0,0.002299466,0.0049030919999999995,5.0,0.20406217399595428,26.338322558451708,,,,,,,
15,2017,6837,4,27.484642576422406,0.36463383823314316,267092.0,212705.0,54387.0,-0.00084318,0.002443428,5.0,0.2036264657870696,25.597921315501775,,,,,,,
15,2018,6640,4,27.763403937801204,0.3853912664156626,266237.0,212170.0,54067.0,0.00011245399999999994,0.002297748,5.0,0.2030784601689472,24.940184872876422,,,,,,,
15,2019,6517,4,27.67630817707534,0.3716430618382691,,,,,,,,,,,,,,,
15,2020,6247,4,27.89082795677925,0.3942691448695374,,,,,,,,,,,,,,,
15,2021,5995,4,28.1654711971643,0.4160137150959133,,,,,,,,,,,,,,,
15,2022,6054,4,28.22258018599273,0.4117935586389164,,,,,,,,,,,,,,,
15,2023,5860,4,28.19138213088737,0.40153614880546074,,,,,,,,,,,,,,,
15,2024,5888,4,28.39775834646739,0.4169498215013587,,,,,,,,,,,,,,,
16,2007,9028,4,23.90186098958795,0.13757198050509525,,,,,,,,,,0.19972359,-0.0321452,-0.0321452,1.0,0.02516854,1.0
16,2008,9061,4,24.032115908067542,0.14490681105838207,,,,,,,,,,0.2153985,0.04567343,0.04567343,1.0,0.0304424,1.0
16,2009,8509,4,24.19179712856975,0.1534842315195675,,,,,,,,,,0.23869681,-0.03013776,-0.03013776,1.0,0.05231432,1.0
16,2010,8118,4,24.210581421286033,0.1517614866962306,281806.0,259537.33247465687,22268.66752534314,-0.001275675185185185,9.47951851851852e-05,27.0,0.07902126826732979,28.807051659652384,,0.24326088,0.03392824,0.03392824,1.0,0.04483638,1.0
16,2011,7726,4,24.467318213823454,0.16243858529640173,284042.0,261634.59345066315,22407.406549336854,-0.0071748233333333335,0.0007561555555555556,27.0,0.07888765235189463,27.200202786911795,,0.27667528,0.11362758,0.11362758,1.0,0.05273224,1.0
16,2012,7980,4,24.50626585,0.16741834686716792,285601.0,262444.3030365737,23156.696963426293,-0.007610174074074074,0.001296738148148148,27.0,0.08108058782506466,27.94107863767984,,,,,,,
16,2013,7800,4,24.67737192448718,0.1701285544871795,286975.0,263895.0481268914,23079.95187310861,-0.0046653362962962965,0.0014536677777777776,27.0,0.08042495643560801,27.180067950169875,,,,,,,
16,2014,7865,5,24.800890181945324,0.17736798664971393,289265.0,265270.0,23995.0,-5.0169999999999847e-05,0.0006678400000000001,27.0,0.08295161875788637,27.18960123070541,,,,,,,
16,2015,7635,5,24.94191229312377,0.18336610700720365,291004.0,267627.0,23377.0,-0.001117475185185185,0.0017094625925925925,27.0,0.08033222911025278,26.23675275941224,,,,,,,
16,2016,7523,5,25.06121203203509,0.19380575342283662,294390.0,270564.0,23826.0,0.008308115925925926,0.0020966344444444444,27.0,0.0809334556200958,25.55453649920174,,,,,,,
16,2017,7544,5,25.193332408669143,0.194459275980912,298150.0,273854.0,24296.0,0.011353087037037036,0.0009212848148148148,27.0,0.08148918329699815,25.302699983229918,,,,,,,
16,2018,7359,5,25.399782603478737,0.21429542138877564,304217.0,279385.0,24832.0,0.008577128518518518,0.0009041685185185186,27.0,0.08162594463820233,24.189969659815198,,,,,,,
16,2019,7563,5,25.54845968015338,0.20957301269337564,,,,,,,,,,,,,,,
16,2020,7615,5,25.7067629335522,0.22455654707813527,,,,,,,,,,,,,,,
16,2021,7978,5,25.949235534219106,0.23840583141138127,,,,,,,,,,,,,,,
16,2022,7997,5,26.064273764786794,0.2438414839314743,,,,,,,,,,,,,,,
16,2023,8201,5,26.08328232227777,0.2453361198634313,,,,,,,,,,,,,,,
16,2024,8328,5,26.13982928746398,0.24879910854947165,,,,,,,,,,,,,,,
17,2007,71349,19,25.46018870432662,0.2564017111942704,,,,,,,,,0.00996039,0.21398898444444445,0.0124799825,0.0124799825,9.0,0.03195571,9.0
17,2008,70303,19,25.54894520724578,0.2646827112214272,,,,,,,,,0.00420379,0.21907905333333333,0.028272372499999997,0.028272372499999997,9.0,0.028865962222222222,9.0
17,2009,68344,19,25.76242971934625,0.27623481310722225,,,,,,,,,0.00241262,0.22892323333333334,0.04535911,0.04535911,9.0,0.044729014444444444,9.0
17,2010,65073,19,25.99438322800547,0.29293270488528267,2543412.0,2088360.905125261,455051.09487473906,-0.0005279634375,0.000172345625,64.0,0.17891363840177646,25.58492293029993,0.00233611,0.2348744222222222,-0.022707810000000002,-0.022707810000000002,9.0,0.04730326666666667,9.0
17,2011,63343,19,26.205476653868622,0.30012799333785894,2536848.0,2081706.6298276463,455141.37017235364,-0.0040295725,0.000842126875,64.0,0.17941215641313696,24.969174345486998,0.00228161,0.24944463333333333,0.053259419999999995,0.053259419999999995,9.0,0.04826246888888889,9.0
17,2012,62147,19,26.360025254654285,0.31188943411588654,2528498.0,2076046.5547447,452451.44525530015,-0.0059912443749999995,0.00084269046875,64.0,0.17894079617832412,24.57862335663307,,,,,,,
17,2013,60401,19,26.57706012941839,0.32699768586612804,2519793.0,2072219.6940624355,447573.30593756447,-0.0054796542187499995,0.000907200625,64.0,0.17762304520155603,23.970619808849378,,,,,,,
17,2014,60864,21,26.838541742442164,0.34407871526682443,2513695.0,2071069.0,442626.0,-0.00624065625,0.0009456665625,64.0,0.17608580197677123,24.21296139746469,,,,,,,
17,2015,60140,21,26.91464098355504,0.34567682394413035,2503999.0,2063708.0,440291.0,-0.0066158384374999995,0.00098016625,64.0,0.1758351341194625,24.017581476669918,,,,,,,
17,2016,57906,21,27.186388328912376,0.3613787003764722,2486350.0,2056648.0,429702.0,-0.0052973359375,0.00081419109375,64.0,0.17282442134051923,23.2895610030768,,,,,,,
17,2017,55648,21,27.31398264568358,0.37151391406699247,2472580.0,2047931.0,424649.0,-0.00554652671875,0.0009667953125,64.0,0.17174328029831187,22.50604631599382,,,,,,,
17,2018,53912,21,27.487952671353316,0.3798411465721917,2457276.0,2041788.0,415488.0,-0.005459713125,0.000973651875,64.0,0.16908479145199806,21.93974140470993,,,,,,,
17,2019,52516,21,27.631340963287382,0.39186142309010585,,,,,,,,,,,,,,,
17,2020,50356,21,27.76790254897133,0.4008856519977758,,,,,,,,,,,,,,,
17,2021,49785,21,28.006367399959828,0.4186401892939641,,,,,,,,,,,,,,,
17,2022,48982,21,28.065289498366745,0.4184801864970806,,,,,,,,,,,,,,,
17,2023,48905,21,28.06470724997444,0.4195687164502608,,,,,,,,,,,,,,,
17,2024,48975,21,28.12132728806534,0.42329790270546197,,,,,,,,,,,,,,,
18,2007,35602,17,24.201645928936575,0.16544006215942925,,,,,,,,,0.02091802,0.22678492,-0.01844207,-0.01844207,9.0,0.03142119222222222,9.0
18,2008,34887,17,24.296327983460888,0.16957609808811305,,,,,,,,,0.01295023,0.23505305444444444,0.037148723333333335,0.037148723333333335,9.0,0.03587231222222222,9.0
18,2009,34311,17,24.201422100900587,0.16321280904083238,,,,,,,,,0.01062273,0.2374763977777778,-0.02042031,-0.02042031,9.0,0.05282862,9.0
18,2010,32935,17,24.419675095035675,0.17564895038712616,1210884.0,1132443.7680538464,78440.23194615357,-0.0001544914492753623,0.00021379579710144927,69.0,0.06477931159892572,27.199137159298495,0.01118912,0.2554989544444444,0.06803184333333333,0.06803184333333333,9.0,0.05240752333333333,9.0
18,2011,32796,17,24.611233240120743,0.18444314770093911,1208863.0,1128761.8325782556,80101.16742174438,-0.0015590260869565217,0.0007231215942028985,69.0,0.06626157589548558,27.129625110537752,0.01066108,0.2619253322222222,0.05460520666666666,0.05460520666666666,9.0,0.04498481222222222,9.0
18,2012,32386,17,24.64682269391095,0.1841225792317668,1207505.0,1126523.5049664371,80981.49503356294,-0.0019395614492753624,0.0008862157971014493,69.0,0.06706514261519657,26.82059287539182,,,,,,,
18,2013,32155,17,24.84273049093454,0.19412213898305086,1207517.0,1123812.7273078307,83704.27269216918,-0.00043088260869565215,0.0007505059420289856,69.0,0.06931933272340611,26.629024684538603,,,,,,,
18,2014,32189,18,25.15505300534344,0.21081708940942556,1208688.0,1125290.0,83398.0,-0.0010094442028985506,0.0007980366666666667,69.0,0.06899878215056325,26.63135565174801,,,,,,,
18,2015,31453,18,25.254316077448895,0.21473315966680442,1211170.0,1126948.0,84222.0,-0.0012512272463768115,0.0006383340579710145,69.0,0.06953771972555463,25.969104254563767,,,,,,,
18,2016,30629,18,25.505125840543275,0.22681132975284862,1212873.0,1126444.0,86429.0,-0.0003108610144927536,0.0011248186956521738,69.0,0.07125972793524137,25.25326229539284,,,,,,,
18,2017,29451,18,25.472462644630067,0.2251875526467692,1215339.0,1125917.0,89422.0,0.000701262463768116,0.0007417947826086957,69.0,0.07357782478798097,24.23274493783216,,,,,,,
18,2018,29287,18,25.492607659507634,0.22720003189128282,1217050.0,1126358.0,90692.0,0.0015889692753623189,0.0007556333333333333,69.0,0.07451789162318721,24.06392506470564,,,,,,,
18,2019,28555,18,25.531745845000877,0.22465433300647872,,,,,,,,,,,,,,,
18,2020,27891,18,25.743537234233266,0.23753190412677927,,,,,,,,,,,,,,,
18,2021,28310,18,25.96155054690922,0.24945258735429177,,,,,,,,,,,,,,,
18,2022,28750,18,26.067756505634783,0.2579825619478261,,,,,,,,,,,,,,,
18,2023,28643,18,26.053381196732186,0.25447748486541216,,,,,,,,,,,,,,,
18,2024,29325,18,26.246649432804773,0.26642817104859334,,,,,,,,,,,,,,,
19,2007,15530,7,24.64565386947843,0.1658726582099163,,,,,,,,,,0.198195525,-0.05564875,-0.05564875,4.0,0.0222037975,4.0
19,2008,15274,7,24.632545334751864,0.16734322168390728,,,,,,,,,,0.19899530499999998,0.0325625,0.0325625,4.0,0.0196143525,4.0
19,2009,15229,7,24.797622893492676,0.17433844815811939,,,,,,,,,,0.220262295,0.00569113,0.00569113,4.0,0.026683615,4.0
19,2010,14922,7,24.979795210427557,0.1824149967162579,457308.0,425888.24345064035,31419.75654935964,0.00015737025000000002,0.00038124775,40.0,0.06870589744627174,32.63008738093364,,0.220057165,0.06979158,0.06979158,4.0,0.0311119725,4.0
19,2011,14505,7,25.219406799999998,0.19586369189934508,457763.0,425425.09416765114,32337.905832348868,0.0010647974999999999,0.00157904125,40.0,0.07064333690654087,31.686702507629494,,0.23484947750000001,0.16981868,0.16981868,4.0,0.02751381,4.0
19,2012,14447,7,25.316709241918737,0.20336381297155118,459021.0,425744.7933680497,33276.20663195026,-0.0020697065,0.00119459075,40.0,0.07249386549188438,31.473505569461963,,,,,,,
19,2013,14656,7,25.554687344432313,0.21404217808406112,460330.0,425834.17174269084,34495.828257309186,0.0007048394999999999,0.0021257855,40.0,0.07493717171878693,31.83802923989312,,,,,,,
19,2014,14395,7,25.735012228273707,0.22278538034039597,462737.0,426033.0,36704.0,0.0005638325000000001,0.001962735,40.0,0.07931935419039325,31.108383379759992,,,,,,,
19,2015,14041,7,25.892707023502602,0.23353019186667617,465558.0,427387.0,38171.0,-0.00012400875000000006,0.0015940739999999998,40.0,0.08198978430184853,30.159507515712328,,,,,,,
19,2016,13719,7,25.972300933960202,0.2339821504482834,467539.0,428541.0,38998.0,-0.0005693545,0.0016262685,40.0,0.08341122344873904,29.34300667965667,,,,,,,
19,2017,13281,7,26.1741960809427,0.24945400978841953,470522.0,430602.0,39920.0,0.000362685,0.0016694074999999999,40.0,0.08484194150326659,28.226097823268624,,,,,,,
19,2018,12955,7,26.11740621181011,0.24013899876495565,473490.0,432163.0,41327.0,-0.0002722584999999998,0.00166289825,40.0,0.0872816743753828,27.360662315994002,,,,,,,
19,2019,12780,7,26.27832536517997,0.24976546056338028,,,,,,,,,,,,,,,
19,2020,12413,7,26.286191648674777,0.25207411254330137,,,,,,,,,,,,,,,
19,2021,12554,7,26.45694609120599,0.26740466560458814,,,,,,,,,,,,,,,
19,2022,12730,7,26.46504343000786,0.26362920384917515,,,,,,,,,,,,,,,
19,2023,12811,7,26.438451575521036,0.26250873280774334,,,,,,,,,,,,,,,
19,2024,12983,7,26.474004430408993,0.2671184117692367,,,,,,,,,,,,,,,
20,2007,15967,5,24.32880292866537,0.16646836600488507,,,,,,,,,0.02130417,0.20531965,-0.01469476,-0.01469476,2.0,0.027324115,2.0
20,2008,15812,5,24.20240948583354,0.15962559707816848,,,,,,,,,0.01659691,0.231776755,0.0015602,0.0015602,2.0,0.023269900000000003,2.0
20,2009,15700,5,24.36197468356688,0.16827993878980893,,,,,,,,,0.01234868,0.244607735,0.04369496,0.04369496,2.0,0.032362735000000004,2.0
20,2010,15405,5,24.52836757987666,0.17111321123012008,489687.0,440450.5292278015,49236.470772198474,0.0003998691891891892,0.00036291243243243243,37.0,0.10054682025906032,31.458870666364433,0.00941452,0.24335021,0.03652954,0.03652954,2.0,0.036871565,2.0
20,2011,14854,5,24.76972519025178,0.18304817894169922,490774.0,439847.0755526161,50926.92444738388,-0.00348928,0.001293142972972973,37.0,0.10376858685949923,30.266477034235717,0.00801944,0.248237025,0.04466379,0.04466379,2.0,0.0389181,2.0
20,2012,14950,5,24.94090290367893,0.19478272341137123,491440.0,439826.08835748263,51613.911642517385,-0.0010597900000000001,0.0018342772972972973,37.0,0.1050258661128874,30.420804167344947,,,,,,,
20,2013,14224,5,25.122258039580995,0.20542719263217102,493195.0,440658.0998462613,52536.90015373868,-0.004977059189189189,0.001730926756756757,37.0,0.1065235863172552,28.840519469986518,,,,,,,
20,2014,13979,6,25.291830475785105,0.21825598054224193,495034.0,440305.0,54729.0,-0.006118656486486487,0.002029405945945946,37.0,0.11055604261525472,28.238464428705907,,,,,,,
20,2015,13942,6,25.468619964854398,0.22493200157796583,496080.0,441734.0,54346.0,-0.004439816486486487,0.0026653002702702704,37.0,0.10955087889050154,28.104338009998386,,,,,,,
20,2016,13244,6,25.663092480972516,0.24071264980368468,496771.0,442837.0,53934.0,-0.007382646486486486,0.0021942621621621624,37.0,0.10856913950290979,26.660171386816057,,,,,,,
20,2017,12831,6,25.8120175437612,0.24331677912867275,496782.0,443882.0,52900.0,-0.006784761621621622,0.0006172718918918919,37.0,0.10648533964596141,25.828230491442927,,,,,,,
20,2018,12827,6,25.79617239112809,0.2433150792079208,497864.0,444885.0,52979.0,-0.005699275405405405,0.000507414054054054,37.0,0.10641259460414892,25.76406408175727,,,,,,,
20,2019,12221,6,25.892684604369528,0.25145242206038787,,,,,,,,,,,,,,,
20,2020,12106,6,25.878076847844046,0.25210632397158433,,,,,,,,,,,,,,,
20,2021,12026,6,26.052843896224847,0.25744247979378015,,,,,,,,,,,,,,,
20,2022,12260,6,26.11137833760196,0.2606850456769984,,,,,,,,,,,,,,,
20,2023,12261,6,26.163567509583228,0.2659652777098116,,,,,,,,,,,,,,,
20,2024,12466,6,26.17090470600032,0.26199269099951866,,,,,,,,,,,,,,,
21,2007,24455,4,23.926067962461666,0.15109414549171948,,,,,,,,,,0.29511866,0.03028065,0.03028065,1.0,0.01642178,1.0
21,2008,24191,4,23.868256816584683,0.1515850585755033,,,,,,,,,,0.29359823,0.01111111,0.01111111,1.0,0.03000846,1.0
21,2009,23910,4,24.011899173316603,0.15838598649100796,,,,,,,,,,0.31764707,0.05104573,0.05104573,1.0,0.03628023,1.0
21,2010,23185,4,24.167694688289842,0.16816894436057794,677641.0,639545.1008476309,34090.89915236917,0.0014860970967741935,0.00023129225806451612,62.0,0.05030820028948835,34.214281603385864,,0.33575648,0.0010118,0.0010118,1.0,0.05639914,1.0
21,2011,22629,4,24.34024961359318,0.1740245192452163,678293.0,642474.7392169588,35818.260783041296,0.001648031935483871,0.0006712727419354839,62.0,0.05280647269401467,33.361688827689505,,0.32686415,0.01617251,0.01617251,1.0,0.03863846,1.0
21,2012,22590,4,24.474877911111108,0.18180597884019478,677671.0,640935.4508661703,36735.54913382963,-0.0007171603225806451,0.001020854193548387,62.0,0.0542085305905515,33.33475978756653,,,,,,,
21,2013,22355,4,24.563676980407067,0.18649054529188103,677690.0,639915.6798820548,37774.32011794516,0.00029877774193548393,0.0010200554838709678,62.0,0.0557398222165668,32.987058979769515,,,,,,,
21,2014,21628,7,24.7607037764472,0.19396166811540597,681304.0,642194.0,39110.0,0.0006441758064516129,0.0005534464516129032,62.0,0.057404624073834884,31.74500663433651,,,,,,,
21,2015,21475,7,24.936414247450525,0.2017226322700815,681826.0,642120.0,39706.0,0.0005478845161290323,0.0009045980645161289,62.0,0.05823479890763919,31.49630550903016,,,,,,,
21,2016,20963,7,25.048657413776652,0.20650682683776175,681773.0,642081.0,39692.0,0.0020370306451612903,0.0008279258064516129,62.0,0.05821879129857005,30.747770885617353,,,,,,,
21,2017,20295,7,25.17883717689086,0.210889280857354,682667.0,641937.0,40730.0,0.0032204087096774194,0.0006769303225806452,62.0,0.059663056805148044,29.728989390141898,,,,,,,
21,2018,20004,7,25.169266177414517,0.21065754614077187,684897.0,642094.0,42803.0,0.0026216445161290325,0.0006415990322580645,62.0,0.062495528524727076,29.207311464351573,,,,,,,
21,2019,19549,7,25.314389380530976,0.2139238810169318,,,,,,,,,,,,,,,
21,2020,19434,7,25.376736586446434,0.22110743578264896,,,,,,,,,,,,,,,
21,2021,19342,7,25.454787534277738,0.22479579278254572,,,,,,,,,,,,,,,
21,2022,19589,7,25.542982904231966,0.22701524232987902,,,,,,,,,,,,,,,
21,2023,19820,7,25.58173563657921,0.22976813027245208,,,,,,,,,,,,,,,
21,2024,20226,7,25.704093697320285,0.2351429653910808,,,,,,,,,,,,,,,
22,2007,26275,12,23.438058852749762,0.12970491786869648,,,,,,,,,0.0150138,0.2392597225,-0.04798259999999999,-0.04798259999999999,8.0,0.02569164125,8.0
22,2008,25761,12,23.49817566523039,0.13466094798338574,,,,,,,,,0.01034709,0.23747169750000002,0.009177876666666668,0.009177876666666668,8.0,0.02502186,8.0
22,2009,26004,12,23.621654279457005,0.1360175148823258,,,,,,,,,0.00822211,0.2414238525,0.011040469999999997,0.011040469999999997,8.0,0.0345111975,8.0
22,2010,24747,12,23.800763504465188,0.14527019242736494,858592.0,819473.4999978248,39118.50000217524,0.0009031302222222222,0.0001922708888888889,45.0,0.04556122116462213,28.822770303007715,0.00703948,0.26910625,-0.03186793666666667,-0.03186793666666667,8.0,0.0371801025,8.0
22,2011,23796,12,24.052992020003362,0.15557252504622623,864506.0,823823.2163223164,40682.78367768362,-0.0015552311111111112,0.000962762,45.0,0.047058995169129675,27.525546381401632,0.00730228,0.28412295625,0.018591756666666667,0.018591756666666667,8.0,0.04064190375,8.0
22,2012,24240,12,24.239645318151815,0.17009087966171618,869739.0,828868.9270016468,40870.072998353186,-0.0013662173333333332,0.0006618186666666666,45.0,0.04699119275823343,27.870430094545604,,,,,,,
22,2013,24001,12,24.43993998416732,0.1776592344068997,874240.0,831376.8417103606,42863.15828963937,-0.001533572,0.0010340677777777778,45.0,0.04902905185033785,27.453559663250367,,,,,,,
22,2014,23403,15,24.703221769687644,0.19036005037815662,879816.0,837545.0,42271.0,-0.00137983,0.0006834024444444444,45.0,0.04804527310255781,26.599879974903843,,,,,,,
22,2015,23151,15,24.78519289836292,0.19463539955077536,883140.0,839435.0,43705.0,-0.0014810615555555554,0.0008537733333333333,45.0,0.0494881898679711,26.21441674026768,,,,,,,
22,2016,22601,15,25.072231182912258,0.20994662311402149,885085.0,840173.0,44912.0,-0.0025772544444444445,0.0008565131111111111,45.0,0.05074314896309394,25.53540055474898,,,,,,,
22,2017,21908,15,25.12187313182399,0.21366620038342157,883823.0,838888.0,44935.0,-0.004689223555555556,0.0003352362222222222,45.0,0.05084162779199002,24.78776859167503,,,,,,,
22,2018,21201,15,25.123579014574783,0.20904682481958398,880428.0,835680.0,44748.0,-0.005357117777777778,0.0003074202222222222,45.0,0.05082528043178999,24.08033365590372,,,,,,,
22,2019,20814,15,25.21567206486019,0.22057280061497067,,,,,,,,,,,,,,,
22,2020,20299,15,25.31415318848219,0.2222277138775309,,,,,,,,,,,,,,,
22,2021,20421,15,25.365163244062483,0.22609085005631457,,,,,,,,,,,,,,,
22,2022,20363,15,25.407847566468593,0.22467224456121396,,,,,,,,,,,,,,,
22,2023,19993,15,25.37903266968439,0.2255791682088731,,,,,,,,,,,,,,,
22,2024,19484,15,25.55065710793472,0.23229335649763908,,,,,,,,,,,,,,,
23,2007,6225,6,25.572530156626506,0.23823307004016064,,,,,,,,,,0.18762887,,,1.0,0.02743305,1.0
23,2008,6119,6,25.629432882333713,0.24039865664324236,,,,,,,,,,0.23309723,,,1.0,0.0233272,1.0
23,2009,6034,6,25.69365266804773,0.2499170644680146,,,,,,,,,,0.22081219,,,1.0,0.03296704,1.0
23,2010,5843,6,25.834075183125105,0.24798928666780762,175195.0,167899.90806843355,7295.091931566447,-0.0010826983333333334,0.00020868166666666667,6.0,0.041639840929058744,33.35140843060589,,0.21006836,,,1.0,0.03384798,1.0
23,2011,5610,6,25.86889467130125,0.2554368648841355,173072.0,165779.9605553478,7292.039444652237,-0.0003720316666666667,0.0007089483333333333,6.0,0.04213298190725384,32.41425533881853,,0.2672844,,,1.0,0.02772405,1.0
23,2012,5561,6,26.107174802014026,0.27243293238626143,171229.0,164051.1407284816,7177.859271518382,-0.00045904666666666665,0.00031244666666666666,6.0,0.04191964720648011,32.47697527872031,,,,,,,
23,2013,5514,6,26.365796083061298,0.28726880885019945,169009.0,161485.17657531492,7523.823424685087,2.334499999999999e-05,0.0011116716666666668,6.0,0.04451729449132938,32.62548148323462,,,,,,,
23,2014,5444,6,26.618938345518004,0.3073107981263776,168027.0,160316.0,7711.0,0.0030185950000000002,0.002005045,6.0,0.04589143411475537,32.399554833449386,,,,,,,
23,2015,5286,6,26.724366392735533,0.3115778987892546,167038.0,159317.0,7721.0,-0.0003387233333333333,0.00037541833333333335,6.0,0.0462230151223075,31.64549383972509,,,,,,,
23,2016,5302,6,26.9836854883063,0.32063350735571483,166376.0,158601.0,7775.0,0.003022718333333334,0.001261155,6.0,0.04673149973553878,31.867577054382842,,,,,,,
23,2017,5070,6,27.168342996449706,0.34043386370808676,165985.0,157983.0,8002.0,0.004792683333333333,0.00034177,6.0,0.04820917552790915,30.544928758622767,,,,,,,
23,2018,5047,6,27.56578177590648,0.3687339417475728,165711.0,157392.0,8319.0,0.003998478333333333,0.00032969333333333336,6.0,0.05020185745062187,30.456638364381362,,,,,,,
23,2019,4637,6,27.67576016907483,0.3748112508087125,,,,,,,,,,,,,,,
23,2020,4614,6,27.761595226701345,0.3925010702210663,,,,,,,,,,,,,,,
23,2021,4820,6,28.034335922821576,0.40497926721991695,,,,,,,,,,,,,,,
23,2022,4903,6,28.40505818009382,0.4287171023862941,,,,,,,,,,,,,,,
23,2023,4850,6,28.369175137731958,0.4292783668041237,,,,,,,,,,,,,,,
23,2024,4665,6,28.409646151554128,0.4319401652733119,,,,,,,,,,,,,,,
24,2007,32808,12,26.19420574103877,0.3045598999329432,,,,,,,,,0.00794269,0.22046285,-0.00841339,-0.00841339,2.0,0.0250761,2.0
24,2008,32320,12,26.222617620761138,0.3019802255878713,,,,,,,,,0.00520807,0.234042825,-0.00601177,-0.00601177,2.0,0.025908874999999998,2.0
24,2009,31454,12,26.278946989095186,0.3046670722324665,,,,,,,,,0.00515484,0.236731165,-0.00310629,-0.00310629,2.0,0.03807352,2.0
24,2010,29717,12,26.579583926136554,0.3216005522091732,1183866.0,981882.9377304498,201983.0622695502,0.0012700538095238097,0.0006456238095238095,21.0,0.17061311184673789,25.101658464724892,0.00591169,0.25767284999999995,0.02782864,0.02782864,2.0,0.04017725,2.0
24,2011,28939,12,26.786758342479008,0.3296243639724939,1180625.0,973387.0701512292,207237.92984877084,0.003047857142857143,0.0018929490476190475,21.0,0.1755323916135698,24.511593435680254,0.00545093,0.25098598,0.11056531,0.11056531,2.0,0.042708170000000004,2.0
24,2012,29001,12,27.025292254956724,0.34560895103617123,1181391.0,969312.4625163635,212078.53748363658,0.0017661295238095237,0.0024463199999999997,21.0,0.1795159582929247,24.54818091554786,,,,,,,
24,2013,29169,12,27.17762004463643,0.354383018169975,1179974.0,965705.1569347931,214268.84306520683,0.0012277633333333334,0.0020462733333333335,21.0,0.18158776639587554,24.72003620418755,,,,,,,
24,2014,29356,14,27.470994119089795,0.3741994682177408,1184208.0,965705.0,218503.0,-0.000140705238095238,0.0021586633333333335,21.0,0.18451403807439234,24.789563995514303,,,,,,,
24,2015,28588,14,27.572547948579825,0.3796697487407304,1185575.0,964400.0,221175.0,0.0006958976190476191,0.002524842380952381,21.0,0.1865550471290302,24.11319401977943,,,,,,,
24,2016,28385,14,27.761599279372906,0.3929894594680289,1183509.0,962273.0,221236.0,0.00022781285714285721,0.0019302899999999999,21.0,0.18693224977587833,23.983763537074918,,,,,,,
24,2017,27459,14,27.917750139444262,0.4012892852980807,1182017.0,959754.0,222263.0,0.0017901814285714284,0.0019983561904761906,21.0,0.18803705868866522,23.23063035472417,,,,,,,
24,2018,27121,14,28.045720982891485,0.4152871352088787,1175890.0,953314.0,222576.0,0.0021743866666666667,0.0019996171428571428,21.0,0.18928301116601043,23.064232198590005,,,,,,,
24,2019,26582,14,28.0005831739523,0.41204591283575354,,,,,,,,,,,,,,,
24,2020,25951,14,28.215483019228547,0.43177544291164116,,,,,,,,,,,,,,,
24,2021,25766,14,28.419370563455715,0.4468290024062718,,,,,,,,,,,,,,,
24,2022,25820,14,28.53532144926414,0.45263368458559256,,,,,,,,,,,,,,,
24,2023,25201,14,28.538054074560534,0.4544265185508512,,,,,,,,,,,,,,,
24,2024,24987,14,28.621743297394644,0.45719777136110784,,,,,,,,,,,,,,,
25,2007,35039,12,27.646679431462086,0.402922219298496,,,,,,,,,,0.2021087566666667,0.023135765000000003,0.023135765000000003,6.0,0.032652893333333335,6.0
25,2008,34709,12,27.76199254761013,0.406349814831888,,,,,,,,,,0.20620549166666668,-0.019152005000000003,-0.019152005000000003,6.0,0.02949467833333333,6.0
25,2009,34046,12,27.761014616283852,0.4098866500910533,,,,,,,,,,0.212540575,0.06875207,0.06875207,6.0,0.043853938333333335,6.0
25,2010,33072,12,28.020243842918482,0.42552616585026604,1355429.0,1107309.787037116,248119.212962884,0.0018611023076923077,0.001015039230769231,13.0,0.1830558538756984,24.399655016972485,,0.2398787033333333,-0.012339094999999998,-0.012339094999999998,6.0,0.05218699666666667,6.0
25,2011,32928,12,28.206996991132165,0.4383504549016035,1351529.0,1102729.0494031687,248799.95059683127,0.003483265384615385,0.0036989384615384612,13.0,0.1840877632642964,24.363517172032566,,0.24162365,0.03532786,0.03532786,6.0,0.05068332833333333,6.0
25,2012,33137,12,28.366584315085856,0.4474153028035127,1352025.0,1104192.3143726503,247832.68562734974,0.00337904,0.004232896923076923,13.0,0.18330480991649545,24.50916218265195,,,,,,,
25,2013,32745,12,28.71705604770194,0.4746984666666667,1353338.0,1102377.2419007793,250960.75809922058,0.004553769230769231,0.004059188461538461,13.0,0.18543834437459125,24.195729374332206,,,,,,,
25,2014,32368,12,28.889906619191795,0.48699332952298563,1359445.0,1102627.0,256818.0,0.004071514615384616,0.0048031976923076924,13.0,0.1889138582289096,23.809716465175125,,,,,,,
25,2015,31366,12,28.993512030383215,0.4921891162086336,1364368.0,1105297.0,259071.0,0.0011753523076923078,0.004408244615384615,13.0,0.1898835211614462,22.989398754588205,,,,,,,
25,2016,30832,12,29.197181326024907,0.5106708277439024,1366294.0,1103743.0,262551.0,0.0018431338461538463,0.004860682307692307,13.0,0.19216288734342682,22.56615340475769,,,,,,,
25,2017,30413,12,29.305675296715222,0.5199093140433367,1371877.0,1101454.0,270423.0,0.002914422307692308,0.005371943076923077,13.0,0.19711898369897593,22.168897065844824,,,,,,,
25,2018,30015,12,29.45917054666,0.5354988393469932,1380070.0,1102995.0,277075.0,0.003809336153846154,0.005783657692307693,13.0,0.2007688015825284,21.748896795090104,,,,,,,
25,2019,29641,12,29.65127695249823,0.5527817826321649,,,,,,,,,,,,,,,
25,2020,28780,12,29.81388117647672,0.5674774569492703,,,,,,,,,,,,,,,
25,2021,29139,12,29.958680812416347,0.5832733526201997,,,,,,,,,,,,,,,
25,2022,29012,12,30.01016819919344,0.5816903415483248,,,,,,,,,,,,,,,
25,2023,28673,12,30.044013641683815,0.5881488601820527,,,,,,,,,,,,,,,
25,2024,28906,12,30.08404827354183,0.5862450223828963,,,,,,,,,,,,,,,
26,2007,49053,21,24.963784020365726,0.2161335860192037,,,,,,,,,0.00390545,0.1854260388888889,0.0001995020000000014,0.0001995020000000014,9.0,0.04096849222222222,9.0
26,2008,48148,21,24.983249557115563,0.21232456824790233,,,,,,,,,0.00197361,0.19760377,-0.043640088,-0.043640088,9.0,0.041045502222222224,9.0
26,2009,46943,21,24.9559891332254,0.21325855976396907,,,,,,,,,0.00128484,0.20180479444444444,0.05271363,0.05271363,9.0,0.06431083333333333,9.0
26,2010,45878,21,25.086381515977155,0.21853620231919438,1866346.0,1726071.300469553,140274.6995304469,-0.0008140170588235293,0.000279658431372549,51.0,0.0751600718893747,24.58172278880765,0.00247593,0.21204886111111113,-0.026806760000000006,-0.026806760000000006,9.0,0.06437746,9.0
26,2011,45410,21,25.236258513763488,0.2234309687954195,1842630.0,1702296.4906579987,140333.5093420012,-0.0020171676470588235,0.0012236401960784313,51.0,0.07615935339270564,24.64412280273305,0.0029161,0.22092369555555555,0.038331378,0.038331378,9.0,0.056218246666666666,9.0
26,2012,44962,21,25.427171701125392,0.23510958996485923,1822298.0,1682460.4490378618,139837.55096213816,-0.0014425682352941175,0.001400115294117647,51.0,0.07673692829720395,24.673242246877294,,,,,,,
26,2013,44398,21,25.630411224694807,0.24507851506824632,1806398.0,1666703.5300368783,139694.46996312172,-0.000581743725490196,0.0012452111764705883,51.0,0.07733316243879905,24.578193731392528,,,,,,,
26,2014,44204,21,25.92387564442132,0.2568996491493982,1797899.0,1653398.0,144501.0,-0.00018621607843137268,0.001223021568627451,51.0,0.08037214548759412,24.586475658532542,,,,,,,
26,2015,43002,21,26.079379956746195,0.26519695942049204,1793698.0,1646474.0,147224.0,-0.0021341723529411764,0.0011163307843137255,51.0,0.08207847697884482,23.973935411646778,,,,,,,
26,2016,41617,21,26.30398643410145,0.2783719785183939,1788283.0,1639942.0,148341.0,0.00042892960784313714,0.0014986029411764707,51.0,0.08295163573103362,23.27204363067814,,,,,,,
26,2017,40888,21,26.46671378993837,0.2867343981363725,1783788.0,1631482.0,152306.0,0.0012888560784313724,0.001108923137254902,51.0,0.0853834648512043,22.92200642677269,,,,,,,
26,2018,40589,21,26.610214471531695,0.29623793416935623,1786162.0,1629193.0,156969.0,0.0013920113725490197,0.0011122580392156861,51.0,0.08788060657431969,22.724142602966584,,,,,,,
26,2019,39995,21,26.71322662837855,0.3054880768096012,,,,,,,,,,,,,,,
26,2020,38824,21,26.943012022717905,0.32320213854832064,,,,,,,,,,,,,,,
26,2021,38416,21,27.145434151134943,0.3378279203456893,,,,,,,,,,,,,,,
26,2022,37946,21,27.267011064249196,0.3437779338270174,,,,,,,,,,,,,,,
26,2023,37732,21,27.45323577430298,0.3584491003657373,,,,,,,,,,,,,,,
26,2024,37956,21,27.51424026298872,0.36178738568342295,,,,,,,,,,,,,,,
27,2007,29243,9,25.885460032965156,0.25004279564340187,,,,,,,,,0.01478992,0.12384335,-0.07990695,-0.07990695,3.0,0.02230524,3.0
27,2008,28540,9,26.033269188332167,0.25546597813594957,,,,,,,,,0.00811777,0.12681565666666667,0.04875641,0.04875641,3.0,0.020612806666666667,3.0
27,2009,27520,9,26.229106318386627,0.2662063573764535,,,,,,,,,0.00707988,0.12938054333333335,0.10269761,0.10269761,3.0,0.03457962,3.0
27,2010,26562,9,26.391160509637828,0.27983575224004215,970752.0,867476.2022552072,103275.79774479277,-0.00028647239130434783,0.0002782095652173913,46.0,0.10638741691471433,27.362292325949365,0.00742325,0.14913443666666668,-0.01177823,-0.01177823,3.0,0.03862385666666667,3.0
27,2011,26940,9,26.83904967409057,0.3101706292873051,967817.0,861584.6395788338,106232.36042116614,-0.0016007000000000003,0.0011311536956521739,46.0,0.10976492500252231,27.835840866610113,0.00732765,0.14697474,0.16444103,0.16444103,3.0,0.03164011333333333,3.0
27,2012,27188,9,26.973094552927762,0.3226055385096366,966717.0,857896.8075509816,108820.19244901829,-0.002655269347826087,0.0011200560869565218,46.0,0.11256675164398504,28.124052851041203,,,,,,,
27,2013,26346,9,27.051943505693462,0.32699455617551054,965328.0,853837.0121180404,111490.98788195965,-0.0003052426086956522,0.0011879015217391305,46.0,0.11549544598515701,27.292277857888717,,,,,,,
27,2014,26485,11,27.24517647430621,0.3446103766660374,966635.0,848462.0,118173.0,-0.00038320217391304344,0.0017622999999999998,46.0,0.12225193583927749,27.39917342119828,,,,,,,
27,2015,25502,11,27.47008050568583,0.3555799327503725,969074.0,846548.0,122526.0,-0.0005443791304347827,0.0018490226086956521,46.0,0.1264361648336453,26.315843784891555,,,,,,,
27,2016,25065,11,27.624835545621384,0.3643325341312587,970600.0,847713.0,122887.0,0.002379786956521739,0.001805156304347826,46.0,0.12660931382649906,25.82423243354626,,,,,,,
27,2017,24605,11,27.80463333737045,0.3821176291404186,975259.0,847773.0,127486.0,0.0030800265217391302,0.0012114454347826088,46.0,0.13072014716090802,25.22919552652167,,,,,,,
27,2018,23649,11,27.895577174552834,0.3865705393039875,979729.0,848605.0,131124.0,0.0020778321739130436,0.0012037941304347826,46.0,0.13383701003032472,24.138307634049823,,,,,,,
27,2019,22677,11,27.89326190258853,0.39008680641178284,,,,,,,,,,,,,,,
27,2020,22047,11,27.9990248158026,0.3954730134712206,,,,,,,,,,,,,,,
27,2021,22157,11,28.155639036918355,0.40912566949496776,,,,,,,,,,,,,,,
27,2022,22361,11,28.21803586910245,0.41223568073878625,,,,,,,,,,,,,,,
27,2023,22327,11,28.20266960594796,0.40892192453083714,,,,,,,,,,,,,,,
27,2024,22194,11,28.295463024466073,0.4171397921510318,,,,,,,,,,,,,,,
28,2007,18374,6,22.715957551594645,0.10476772101883096,,,,,,,,,,0.22732513333333335,0.03642325,0.03642325,3.0,0.02858601,3.0
28,2008,17607,6,22.879280840858748,0.11041049230419718,,,,,,,,,,0.25437635333333336,-0.04604087,-0.04604087,3.0,0.030240509999999998,3.0
28,2009,17066,6,22.8803465769366,0.11555154224774407,,,,,,,,,,0.25296162666666666,-0.05345708,-0.05345708,3.0,0.040162746666666665,3.0
28,2010,15783,6,23.01425611334981,0.11372991503516441,481769.0,467513.26156634284,14255.738433657149,-0.0006678777272727273,0.00016986431818181817,44.0,0.029590402109013134,32.7605138562257,,0.27352248333333334,-0.0018723,-0.0018723,3.0,0.04776160666666667,3.0
28,2011,15618,6,23.25713942937636,0.11941360065309259,481062.0,466791.19953301596,14270.800466984016,-0.0035067975,0.0005532981818181818,44.0,0.02966520005110363,32.46566970577597,,0.32215508666666665,0.20047698,0.20047698,3.0,0.04219058,3.0
28,2012,15184,6,23.483963325671755,0.13356187756849316,482064.0,465647.016964817,14608.98303518295,-0.004473656818181819,0.0004220497727272727,44.0,0.030305069524343135,31.4978923960304,,,,,,,
28,2013,14809,6,23.705415751502464,0.14031997319197784,481563.0,466969.8718934005,14593.1281065995,-0.0024535897727272727,0.0004205340909090909,44.0,0.030303673883997528,30.751947304921682,,,,,,,
28,2014,14667,6,23.824674219949546,0.1396333803777187,481411.0,466815.0,14596.0,-0.0038394634090909087,0.0006853227272727272,44.0,0.030319207496297344,30.466690624019808,,,,,,,
28,2015,14188,6,24.019135572032702,0.14850610621652102,481129.0,465917.0,15212.0,-0.0050671261363636365,0.0008832965909090909,44.0,0.03161730014195777,29.488972811865423,,,,,,,
28,2016,13742,6,24.129639123999418,0.15288887119778777,481553.0,466554.0,14999.0,-0.003715254318181818,0.000240465,44.0,0.03114714268211391,28.53683810504763,,,,,,,
28,2017,13505,6,24.189115475971864,0.15172163880044423,479564.0,464406.0,15158.0,-0.0033642168181818176,0.0008232981818181818,44.0,0.03160787715508254,28.160996238249744,,,,,,,
28,2018,13137,6,24.38772160264901,0.15894069034026032,478166.0,463335.0,14831.0,-0.005219243863636363,0.0008548754545454545,44.0,0.03101642525817394,27.473722514775204,,,,,,,
28,2019,13082,6,24.316426959639195,0.15586300580950924,,,,,,,,,,,,,,,
28,2020,12977,6,24.345843030977882,0.1523466673345149,,,,,,,,,,,,,,,
28,2021,12728,6,24.494696490179134,0.16169102003456945,,,,,,,,,,,,,,,
28,2022,12792,6,24.503556899468414,0.16486858763289555,,,,,,,,,,,,,,,
28,2023,12942,6,24.562934820893215,0.16705322144954413,,,,,,,,,,,,,,,
28,2024,12572,6,24.77684524705695,0.17936725421571748,,,,,,,,,,,,,,,
29,2007,32383,10,24.24901971982213,0.16734091220702224,,,,,,,,,,0.24013326,0.03363167,0.03363167,4.0,0.026614634999999998,4.0
29,2008,31921,10,24.28161689840544,0.16803975285861972,,,,,,,,,,0.26776424,0.00858129,0.00858129,4.0,0.027662755,4.0
29,2009,31516,10,24.390722228931335,0.17492710347125268,,,,,,,,,,0.25904715,-0.03745793,-0.03745793,4.0,0.0366824125,4.0
29,2010,30673,10,24.677322082939394,0.18993902745085256,1042461.0,986518.5291318429,55942.4708681571,0.00046547482142857144,0.0002424882142857143,56.0,0.0536638501278773,29.423642707017336,,0.267056705,0.05419829,0.05419829,4.0,0.0416119075,4.0
29,2011,30227,10,24.91348795728984,0.2018063490257055,1040027.0,980792.3080447941,59234.691955205824,-0.0018603024999999998,0.0008728937500000001,56.0,0.05695495593403423,29.063668539374458,,0.2701582,0.03835886,0.03835886,4.0,0.0354262925,4.0
29,2012,29717,10,25.06858025954841,0.20940891785846485,1038132.0,977881.838018454,60250.16198154598,-0.002114200892857143,0.0008943762500000001,56.0,0.0580370916044838,28.62545418116386,,,,,,,
29,2013,28875,10,25.228415570043293,0.21894395778354978,1037581.0,976760.7626800919,60820.23731990806,-0.0018646703571428573,0.0006312491071428572,56.0,0.05861733909922026,27.829152615554833,,,,,,,
29,2014,28361,11,25.36752941063432,0.22696662377913332,1038737.0,975818.0,62919.0,-0.001387783392857143,0.0007079821428571429,56.0,0.06057259922386514,27.30335012616283,,,,,,,
29,2015,27849,11,25.517469096664154,0.2342275887464541,1038702.0,975333.0,63369.0,-0.0005065357142857144,0.00107978875,56.0,0.06100787328800753,26.8113472391504,,,,,,,
29,2016,27462,11,25.709799089906053,0.24448338762653848,1037921.0,975854.0,62067.0,-0.00043747017857142866,0.0006203596428571429,56.0,0.05979934889071519,26.458661111972877,,,,,,,
29,2017,26335,11,25.83806721735333,0.24993355458515282,1037665.0,974508.0,63157.0,0.0011743566071428571,0.0008621407142857142,56.0,0.060864537206131074,25.379096336486246,,,,,,,
29,2018,26669,11,25.89778387232367,0.25314061655855113,1037208.0,972893.0,64315.0,0.0014904019642857141,0.0008198489285714286,56.0,0.062007813283353,25.712296858489328,,,,,,,
29,2019,25878,11,25.9886967915604,0.25740016948759564,,,,,,,,,,,,,,,
29,2020,24981,11,26.081061599535648,0.2672031756935271,,,,,,,,,,,,,,,
29,2021,24744,11,26.249394028653413,0.2752990133365664,,,,,,,,,,,,,,,
29,2022,25262,11,26.313177910141714,0.2791544491330853,,,,,,,,,,,,,,,
29,2023,24999,11,26.35407426557062,0.28213139581583263,,,,,,,,,,,,,,,
29,2024,25394,11,26.350929452193434,0.28164126415688745,,,,,,,,,,,,,,,
30,2007,4962,2,24.71352272188634,0.1964934014510278,,,,,,,,,,0.18031278,,,1.0,0.01429848,1.0
30,2008,5093,2,24.60622436147654,0.18456705497742,,,,,,,,,,0.2,,,1.0,0.01730419,1.0
30,2009,4906,2,24.54881746514472,0.18752554973501834,,,,,,,,,,0.20164233,,,1.0,0.03524229,1.0
30,2010,4700,2,24.88308521212766,0.20872337723404255,124364.0,121240.75701192807,3123.242988071935,0.000771903,0.000377195,10.0,0.02511372252478157,37.7922871570551,,0.23847517,,,1.0,0.03327645,1.0
30,2011,4618,2,25.063230692940667,0.2061498406236466,124875.0,121350.93311155814,3388.0668884418574,-0.002524259,0.000442742,10.0,0.027131666774309168,36.98098098098098,,0.21024546,,,1.0,0.03393214,1.0
30,2012,4676,2,25.246364381094953,0.21749348417450814,125039.0,121615.10831375953,3423.891686240462,0.002198968,0.00047693500000000005,10.0,0.027382590121805692,37.396332344308576,,,,,,,
30,2013,4646,2,25.356542925312098,0.22901432285837278,125550.0,122083.81830898665,3466.181691013355,0.011387577,0.0019345830000000001,10.0,0.027607978423045437,37.00517722023098,,,,,,,
30,2014,4618,3,25.752707022520568,0.25985255889995673,126338.0,122822.0,3516.0,0.006216486,0.000718302,10.0,0.027830106539600122,36.552739476642024,,,,,,,
30,2015,4666,3,25.900450118731246,0.2642522012430347,127685.0,124100.0,3585.0,0.0028178540000000003,0.0005954059999999999,10.0,0.028076908015820183,36.54305517484434,,,,,,,
30,2016,4499,3,25.999555554789954,0.26694820582351636,128878.0,125182.0,3696.0,0.009334926,0.000916154,10.0,0.0286782848895855,34.9089836900014,,,,,,,
30,2017,4412,3,26.2388941412058,0.2844518771532185,130341.0,126365.0,3976.0,0.012170778,0.000811686,10.0,0.03050459947368825,33.8496712469599,,,,,,,
30,2018,4115,3,26.47667099951397,0.29526135722964764,132260.0,127945.0,4315.0,0.007342782000000001,0.000754166,10.0,0.03262513231513685,31.112959322546498,,,,,,,
30,2019,3990,3,26.567669403508777,0.2949871639097744,,,,,,,,,,,,,,,
30,2020,3956,3,26.899014131193127,0.32280063877654197,,,,,,,,,,,,,,,
30,2021,4253,3,27.135904055725373,0.3411708622149071,,,,,,,,,,,,,,,
30,2022,4325,3,27.21549146728324,0.33687891953757226,,,,,,,,,,,,,,,
30,2023,4359,3,27.214613577884833,0.3388389596237669,,,,,,,,,,,,,,,
30,2024,4478,3,27.371929552925412,0.33943715855292544,,,,,,,,,,,,,,,
31,2007,9851,4,24.74017883301188,0.18201218820424322,,,,,,,,,,0.23887324,0.05203525,0.05203525,1.0,0.02154493,1.0
31,2008,9934,4,24.748389373364205,0.17294118139722164,,,,,,,,,,0.22967593,0.00319107,0.00319107,1.0,0.02277542,1.0
31,2009,10022,4,24.907603154260624,0.18768748732787865,,,,,,,,,,0.26550168,0.00994036,0.00994036,1.0,0.03343949,1.0
31,2010,9767,4,25.055595487867308,0.18531810709532098,299059.0,270264.8023229839,28704.19767701605,-0.00040790366666666663,0.00023901466666666668,30.0,0.0959817215901078,32.659107400212,,0.283176,0.01968504,0.01968504,1.0,0.03499742,1.0
31,2011,9466,4,25.321889226494825,0.20536632421297274,300402.0,270893.22715791233,29366.77284208765,-0.0036447926666666667,0.000633042,30.0,0.09775824675630537,31.511108448012997,,0.2859813,0.01312741,0.01312741,1.0,0.03528115,1.0
31,2012,9496,4,25.549968586878684,0.22135657476832352,301981.0,271850.23109872785,30012.768901272135,-0.003227082666666667,0.000845719,30.0,0.09938628225375813,31.445686980306707,,,,,,,
31,2013,9462,4,25.616835531811457,0.22437110705981825,303618.0,272277.18527076027,31195.81472923972,-0.0010397713333333333,0.000928124,30.0,0.10274692122746253,31.164160227654488,,,,,,,
31,2014,9506,4,25.91542148916474,0.24647605059962127,306058.0,273036.0,33022.0,-0.0048662309999999995,0.0015338913333333333,30.0,0.10789458207267903,31.059472387586666,,,,,,,
31,2015,9250,4,26.040756771891893,0.2496214456216216,308191.0,274936.0,33255.0,-0.0013148813333333335,0.0012358243333333333,30.0,0.10790386481110739,30.013855044436728,,,,,,,
31,2016,8838,4,26.191502644716,0.2577506397374972,309884.0,276031.0,33853.0,0.0003645040000000001,0.0017690943333333333,30.0,0.10924410424545959,28.52034955015425,,,,,,,
31,2017,8649,4,26.118799881836054,0.25101173985431846,311701.0,277470.0,34231.0,-0.00439292,0.0015074713333333334,30.0,0.10981998774466556,27.747745435529563,,,,,,,
31,2018,8588,4,26.35147880414532,0.267932002561714,313521.0,279447.0,34074.0,-0.003146917,0.0015118983333333334,30.0,0.10868171510042389,27.392104516124917,,,,,,,
31,2019,8571,4,26.407187402403455,0.26788017477540543,,,,,,,,,,,,,,,
31,2020,8348,4,26.458672690225203,0.27347857426928607,,,,,,,,,,,,,,,
31,2021,8380,4,26.57052537995227,0.2793554575178998,,,,,,,,,,,,,,,
31,2022,8389,4,26.632256478960542,0.2862079632852545,,,,,,,,,,,,,,,
31,2023,8481,4,26.76022882844004,0.2945408996580592,,,,,,,,,,,,,,,
31,2024,8815,4,26.688655926148613,0.28508214702212137,,,,,,,,,,,,,,,
32,2007,15245,3,24.73417505569039,0.2118070445391932,,,,,,,,,0.06158416,0.300107785,-0.022785605,-0.022785605,2.0,0.02599549,2.0
32,2008,14570,3,24.721001884969116,0.21002078496911464,,,,,,,,,0.02702115,0.326720265,0.07340368,0.07340368,2.0,0.03532446,2.0
32,2009,13995,3,24.93001093633441,0.22243670146480884,,,,,,,,,0.01747584,0.32715406999999996,0.00697878,0.00697878,2.0,0.05667344,2.0
32,2010,13863,3,25.301125099112745,0.23811611166414196,537263.0,397500.7701439594,139762.2298560406,-0.0006368427272727272,0.00017911,11.0,0.26013745568937485,25.803005232074423,0.0213902,0.366850645,0.039739495,0.039739495,2.0,0.06842355,2.0
32,2011,13591,3,25.542822474725924,0.25355006570524613,542874.0,403881.0325319052,138992.96746809475,-0.005766202727272727,-0.00018754454545454543,11.0,0.2560317264560372,25.03527522040105,0.01766091,0.36970131,-0.035761225,-0.035761225,2.0,0.058931225000000004,2.0
32,2012,13003,3,25.50742167592094,0.2503268484195955,545829.0,407368.2024872391,138460.79751276097,0.000714119090909091,0.0002699518181818182,11.0,0.2536706505384671,23.8224792013616,,,,,,,
32,2013,13045,3,25.81931754005366,0.26799537953238783,547506.0,410848.8307199176,136657.16928008237,0.0030254099999999996,0.00029248454545454544,11.0,0.24959940033548922,23.82622290897269,,,,,,,
32,2014,13264,3,25.922798344918576,0.2730703503468034,551283.0,416964.0,134319.0,-0.0006259036363636361,0.0002566272727272727,11.0,0.24364799930344305,24.060237663777045,,,,,,,
32,2015,13358,3,25.994535059589758,0.2745916706093726,555914.0,421800.0,134114.0,0.003968137272727272,0.0006960318181818181,11.0,0.24124954579305433,24.028896555942104,,,,,,,
32,2016,13320,3,26.299399298423424,0.2914416224474475,560867.0,426567.0,134300.0,0.0028514445454545455,3.4969090909090914e-05,11.0,0.23945070756525166,23.74894582851193,,,,,,,
32,2017,13240,3,26.42885230513595,0.2968279948640484,567850.0,432344.0,135506.0,0.008596797272727273,7.4890909090909e-06,11.0,0.23862991987320595,23.316016553667342,,,,,,,
32,2018,12980,3,26.48651747026194,0.2961477182588598,571331.0,438714.0,132617.0,0.015531818181818181,-2.394454545454546e-05,11.0,0.23211938438488372,22.718879248631705,,,,,,,
32,2019,12801,3,26.643230793531753,0.3046634646511991,,,,,,,,,,,,,,,
32,2020,12578,3,26.867983775640006,0.3236604332962315,,,,,,,,,,,,,,,
32,2021,12395,3,27.176079303590157,0.3386039738604276,,,,,,,,,,,,,,,
32,2022,12468,3,27.244947332691694,0.34512332242540905,,,,,,,,,,,,,,,
32,2023,11986,3,27.381779080093445,0.35933612247622226,,,,,,,,,,,,,,,
32,2024,12081,3,27.595314779654004,0.37273373230692824,,,,,,,,,,,,,,,
33,2007,6137,5,26.578865872902067,0.3045463993808049,,,,,,,,,,0.31217215,-0.00275989,-0.00275989,2.0,0.031439629999999996,2.0
33,2008,5873,5,26.45496337357398,0.30223024280606164,,,,,,,,,,0.31346941,-0.01291513,-0.01291513,2.0,0.02708787,2.0
33,2009,5752,5,26.63803899913074,0.30598074095966615,,,,,,,,,,0.30549135,0.02149533,0.02149533,2.0,0.04593399,2.0
33,2010,5657,5,26.749072083789994,0.3208417385540039,250097.0,233580.85915346185,16516.14084653815,-0.00049091,0.0002469533333333333,9.0,0.066038940277325,22.619223741188417,,0.3347572,0.00365965,0.00365965,2.0,0.046775529999999996,2.0
33,2011,5719,5,26.90566549414233,0.3150900055953838,247028.0,230737.3866496603,16290.613350339692,-0.0003684444444444444,0.0018242211111111112,9.0,0.06594642449576442,23.151221723853165,,0.3317178,0.00091158,0.00091158,2.0,0.04011163500000001,2.0
33,2012,5349,5,27.00682366367545,0.3316506133856796,244130.0,227867.11986060173,16262.880139398281,-8.044888888888875e-05,0.001947938888888889,9.0,0.06661565616433163,21.910457543112276,,,,,,,
33,2013,5292,5,27.259259350151172,0.34996223469387755,241488.0,224907.96837527555,16580.031624724463,0.0006008966666666666,0.0015044522222222223,9.0,0.06865778682470543,21.91413237924866,,,,,,,
33,2014,5300,5,27.38132073943396,0.3586794283018868,239886.0,222408.0,17478.0,0.0062676933333333336,0.0015801366666666665,9.0,0.07285960831394912,22.093827901586586,,,,,,,
33,2015,5251,5,27.66482559074462,0.3785942146257856,238136.0,220532.0,17604.0,0.0003125055555555556,0.0020882566666666665,9.0,0.07392414418651527,22.050424967245608,,,,,,,
33,2016,5215,5,27.81658643624161,0.3904122742090125,236709.0,219190.0,17519.0,0.00297317,0.0020471655555555556,9.0,0.0740107051273927,22.031270462889033,,,,,,,
33,2017,5089,5,27.976124872273534,0.3920217017095696,235513.0,217724.0,17789.0,0.003968004444444445,0.001325668888888889,9.0,0.07553298544029417,21.608149019374725,,,,,,,
33,2018,5045,5,28.318632383944497,0.42457879008919724,237541.0,219881.0,17660.0,0.004494923333333334,0.0013520222222222222,9.0,0.07434506043167285,21.238438837926925,,,,,,,
33,2019,4827,5,28.320488976382844,0.41992963289828045,,,,,,,,,,,,,,,
33,2020,4949,5,28.57546972196403,0.446150684380683,,,,,,,,,,,,,,,
33,2021,5296,5,29.03493202511329,0.4773413755664653,,,,,,,,,,,,,,,
33,2022,5100,5,29.30068628490196,0.501372648627451,,,,,,,,,,,,,,,
33,2023,5082,5,29.365210375836288,0.5100355552931917,,,,,,,,,,,,,,,
33,2024,4943,5,29.52437768035606,0.5199271582035201,,,,,,,,,,,,,,,
34,2007,47234,21,27.262649743701573,0.3711521993902697,,,,,,,,,,0.1764382175,,,4.0,0.0307827875,4.0
34,2008,46269,21,27.34057362404634,0.3735978642719748,,,,,,,,,,0.190582675,,,4.0,0.0303552675,4.0
34,2009,44996,21,27.404013699839986,0.37732241810383144,,,,,,,,,,0.20349638250000002,,,4.0,0.05068884,4.0
34,2010,43441,21,27.51788627487857,0.38436037724730093,1754463.0,1306562.1589327538,447900.8410672462,-0.00023472904761904763,0.0006554095238095239,21.0,0.2552922695247755,24.760282775983306,,0.2076869,,,4.0,0.057654245,4.0
34,2011,42813,21,27.597750743675984,0.3882932634480182,1744789.0,1297838.3596972043,446950.64030279574,-0.001644069523809524,0.0030764599999999996,21.0,0.2561631465482621,24.537637502299706,,0.21000384,,,4.0,0.0579832025,4.0
34,2012,42024,21,27.796057050542547,0.400961298972016,1738929.0,1290176.378238936,448752.62176106405,-0.002916817619047619,0.0024880485714285716,21.0,0.2580626476187723,24.166599096340335,,,,,,,
34,2013,40907,21,28.035128550003666,0.42058822668491946,1731150.0,1278782.1353125507,452367.86468744924,-0.0030856990476190475,0.002577922380952381,21.0,0.2613106112627151,23.62995696502325,,,,,,,
34,2014,41314,20,28.25630534249891,0.43568767768795086,1729675.0,1272699.0,456976.0,-0.003319329523809524,0.0026945690476190476,21.0,0.2641976093774842,23.88541199936404,,,,,,,
34,2015,41615,20,28.48122075398294,0.44964548102847535,1726126.0,1268747.0,457379.0,-0.004092921428571429,0.003670141428571429,21.0,0.26497428345323576,24.10890050900108,,,,,,,
34,2016,41084,20,28.605710217749,0.4571121831126473,1718704.0,1261072.0,457632.0,-0.004169521904761905,0.0034626904761904764,21.0,0.26626574442137796,23.90405794133254,,,,,,,
34,2017,40737,20,28.77526587411935,0.47050587114907827,1718574.0,1258456.0,460118.0,-0.002062272380952381,0.0038931114285714282,21.0,0.26773243398305807,23.703954557673978,,,,,,,
34,2018,40303,20,28.848274274967125,0.4805598760141925,1686971.0,1238254.0,448717.0,-0.0008592680952380954,0.004099769523809524,21.0,0.26598975323227253,23.89074856651359,,,,,,,
34,2019,38729,20,28.909409082083194,0.48759333848020864,,,,,,,,,,,,,,,
34,2020,38472,20,29.065502166900604,0.502157389867956,,,,,,,,,,,,,,,
34,2021,39475,20,29.33383147065231,0.525269232020266,,,,,,,,,,,,,,,
34,2022,40228,20,29.42873114117033,0.5332853713831163,,,,,,,,,,,,,,,
34,2023,40321,20,29.4615211249721,0.5332209431561717,,,,,,,,,,,,,,,
34,2024,40655,20,29.545640155331448,0.538260894256549,,,,,,,,,,,,,,,
35,2007,11576,5,23.209312323773325,0.14383222874913615,,,,,,,,,0.02646465,0.21354256666666668,,,3.0,0.025926333333333332,3.0
35,2008,11337,5,23.295184058657494,0.14686414942224574,,,,,,,,,0.01458563,0.22685121333333333,,,3.0,0.028762696666666667,3.0
35,2009,11009,5,23.32482541865746,0.14360982387137797,,,,,,,,,0.01087657,0.24667695,,,3.0,0.03835873333333333,3.0
35,2010,10796,5,23.742033929974067,0.1658945647462023,385371.0,335838.2640620675,49532.73593793249,0.0011484790909090908,0.00024665,22.0,0.12853259829601213,28.01456259033503,0.01112002,0.26633525,,,3.0,0.04185160666666667,3.0
35,2011,11031,5,24.16249675586982,0.18112611531139516,385632.0,335685.488910181,49946.51108981904,0.00117157,0.0018791154545454547,22.0,0.12951858530884117,28.60499128703012,0.00969511,0.25433574333333336,,,3.0,0.05020412666666666,3.0
35,2012,10011,5,24.010438319248824,0.17830385076415942,386890.0,338172.62488468,48717.375115320014,-0.0037817195454545455,0.0019029513636363638,22.0,0.12592048157181632,25.87557186797281,,,,,,,
35,2013,9803,5,24.006987678159746,0.17198812455370804,387871.0,338634.6936273995,49236.3063726005,-0.004951277727272727,0.0029561595454545456,22.0,0.12693990108206207,25.273866826857383,,,,,,,
35,2014,9184,6,24.27319244686411,0.18412454355400698,388226.0,337324.0,50902.0,-0.007738050909090909,0.0011635036363636365,22.0,0.1311143509193099,23.656323893814427,,,,,,,
35,2015,9115,6,24.471585269775098,0.19023573088315962,387616.0,338452.0,49164.0,-0.006803192727272728,0.0021387522727272725,22.0,0.12683686947907208,23.515541154131924,,,,,,,
35,2016,8756,6,24.74526047590224,0.20100492302421197,386783.0,339036.0,47747.0,-0.0026670827272727276,0.0014373781818181818,22.0,0.12344648032617772,22.638016665675586,,,,,,,
35,2017,8251,6,24.853290524300085,0.21294390922312448,387019.0,339175.0,47844.0,-0.004267112727272727,0.0013631168181818182,22.0,0.12362183768755539,21.319366749436075,,,,,,,
35,2018,8133,6,25.15412496139186,0.22291913906307637,388179.0,341564.0,46615.0,-0.002642042272727273,0.0013641850000000002,22.0,0.12008635191496707,20.951674356418046,,,,,,,
35,2019,8132,6,25.150947125799313,0.22417623057058533,,,,,,,,,,,,,,,
35,2020,8071,6,25.348221921447156,0.22946352112501547,,,,,,,,,,,,,,,
35,2021,8012,6,25.818022836869698,0.25961040027458815,,,,,,,,,,,,,,,
35,2022,8106,6,25.727054069454724,0.25289911769059953,,,,,,,,,,,,,,,
35,2023,7841,6,25.68084437405943,0.24639710151766356,,,,,,,,,,,,,,,
35,2024,8171,6,25.739628093379025,0.2545590412434218,,,,,,,,,,,,,,,
36,2007,108212,28,26.846902148809743,0.3399067348075999,,,,,,,,,,0.199340296,0.0305846875,0.0305846875,10.0,0.026876868999999998,10.0
36,2008,108734,28,26.93704809812938,0.34601872741736717,,,,,,,,,,0.20862719200000002,-0.0294237675,-0.0294237675,10.0,0.026676312,10.0
36,2009,107364,28,27.081926937930774,0.35461619702134795,,,,,,,,,,0.21419421700000002,0.0293339575,0.0293339575,10.0,0.039241341,10.0
36,2010,104867,28,27.128615199586143,0.3587687806364252,3993463.0,2960939.240927574,1032523.7590724255,-0.00025170326923076923,0.0004398919230769231,52.0,0.2585534807940941,26.259664857293032,,0.217944475,0.0446050175,0.0446050175,10.0,0.041884864,10.0
36,2011,102296,28,27.260215364188237,0.3643643109407992,3982763.0,2955246.9425872522,1027516.0574127476,-0.0017918650000000001,0.001913638846153846,52.0,0.2579907610401994,25.68468171467898,,0.229084295,0.16840482750000002,0.16840482750000002,10.0,0.039532695,10.0
36,2012,101938,28,27.435764984951636,0.3764150707292668,3980900.0,2954717.4070100775,1026182.5929899225,-0.0025624348076923073,0.0021543076923076923,52.0,0.25777653118388366,25.606772337913537,,,,,,,
36,2013,99147,28,27.662783445722006,0.3908035266220864,3973798.0,2949820.3136852197,1023977.6863147803,-0.003269358461538461,0.0018017107692307693,52.0,0.25768236994300675,24.950186194668174,,,,,,,
36,2014,98865,29,27.899160555767967,0.4048349515804379,3982609.0,2955702.0,1026907.0,-0.004282936923076923,0.002018241923076923,52.0,0.2578478078063902,24.824179325663152,,,,,,,
36,2015,97436,29,28.073674025165236,0.41533932141097746,3982035.0,2959281.0,1022754.0,-0.005464639423076924,0.0020435821153846154,52.0,0.25684204182032555,24.468895928840404,,,,,,,
36,2016,95099,29,28.217904525136962,0.4220969888011441,3967785.0,2954313.0,1013472.0,-0.005262339423076924,0.0020664803846153846,52.0,0.2554251301418802,23.967780512300944,,,,,,,
36,2017,91891,29,28.36671705758997,0.43528761492420365,3963362.0,2957363.0,1005999.0,-0.003777479038461539,0.0015848303846153846,52.0,0.2538246569452904,23.185114052160767,,,,,,,
36,2018,90649,29,28.549487656786063,0.45103658007258773,3891007.0,2913700.0,977307.0,-0.002949526923076923,0.0016831771153846152,52.0,0.2511707123631492,23.297053950301297,,,,,,,
36,2019,87455,29,28.59661553897433,0.45429093857412384,,,,,,,,,,,,,,,
36,2020,82163,29,28.70988761985322,0.4667185817947251,,,,,,,,,,,,,,,
36,2021,81722,29,28.940493437862507,0.48512044945057636,,,,,,,,,,,,,,,
36,2022,80765,29,29.02768521986009,0.48712922634804684,,,,,,,,,,,,,,,
36,2023,81031,29,29.07420624269724,0.49103427749873507,,,,,,,,,,,,,,,
36,2024,81348,29,29.15661722272213,0.4978857062742784,,,,,,,,,,,,,,,
37,2007,52935,24,24.689760981448945,0.2130349365637102,,,,,,,,,0.06132116,0.26508075600000003,0.03688487666666667,0.03688487666666667,10.0,0.029492242000000002,10.0
37,2008,53374,24,24.71949823251021,0.21478615421366207,,,,,,,,,0.03157338,0.272252257,0.016341956666666668,0.016341956666666668,10.0,0.029669052,10.0
37,2009,51982,24,24.8149841614405,0.21774850994575046,,,,,,,,,0.0210281,0.287379789,0.08397908666666666,0.08397908666666666,10.0,0.048198636,10.0
37,2010,50953,24,25.09758026424352,0.22885789409848292,1813458.0,1620356.4426948752,193101.5573051249,0.0016981383783783784,0.0002768995945945946,74.0,0.10648250872373383,28.09714920334521,0.02235407,0.308068162,-0.00239639,-0.00239639,10.0,0.053952318,10.0
37,2011,50481,24,25.29079266688457,0.23644543295497314,1830722.0,1632497.5410467088,198224.4589532911,0.0015210789189189187,0.00039012432432432433,74.0,0.10827665748993626,27.57436683450573,0.0228345,0.326222987,0.16259143,0.16259143,10.0,0.05383753300000001,10.0
37,2012,48737,24,25.428452862260706,0.2470402814904487,1843578.0,1639873.0282225595,203704.9717774406,0.0009594291891891893,0.0012325156756756756,74.0,0.11049436030232548,26.436093292499695,,,,,,,
37,2013,48425,24,25.670934324398555,0.2573256808053691,1850609.0,1646581.489383367,204027.5106166332,0.0024484354054054055,0.0010123664864864865,74.0,0.11024884814492592,26.167061761830833,,,,,,,
37,2014,48542,28,25.853621489782046,0.26614061404556877,1859621.0,1653456.0,206165.0,0.002272285945945946,0.0009224097297297297,74.0,0.11086398787709968,26.103168333762632,,,,,,,
37,2015,48343,28,26.027966766419127,0.27604822745795665,1868754.0,1659753.0,209001.0,0.003915446756756757,0.0012293966216216216,74.0,0.11183976061054585,25.86910850759383,,,,,,,
37,2016,47487,28,26.213616576368267,0.28363554676016595,1880171.0,1671223.0,208948.0,0.005963164594594595,0.0010347967567567568,74.0,0.11113244486804658,25.25674526412757,,,,,,,
37,2017,47367,28,26.273502615322904,0.2862753114193426,1892483.0,1681505.0,210978.0,0.007416927297297297,0.0009136083783783784,74.0,0.1114821110678405,25.029022717773422,,,,,,,
37,2018,46815,28,26.467681208821954,0.2995833617430311,1906503.0,1694554.0,211949.0,0.007304970810810811,0.0008462925675675676,74.0,0.1111716058144152,24.555429495783642,,,,,,,
37,2019,45787,28,26.44263671273506,0.2988619801908839,,,,,,,,,,,,,,,
37,2020,45234,28,26.600731841711987,0.30819734708405183,,,,,,,,,,,,,,,
37,2021,46874,28,26.856124818300124,0.3275375833511115,,,,,,,,,,,,,,,
37,2022,47360,28,26.934533350950172,0.3308276790329392,,,,,,,,,,,,,,,
37,2023,47768,28,27.02753922121504,0.3353497884357729,,,,,,,,,,,,,,,
37,2024,48265,28,27.13645490821506,0.34312663265306126,,,,,,,,,,,,,,,
38,2007,3553,2,24.739938035744444,0.15508031100478467,,,,,,,,,,,,,,,
38,2008,3620,2,24.766850876519335,0.15248637513812155,,,,,,,,,,,,,,,
38,2009,3529,2,24.823179390478888,0.1586851802210258,,,,,,,,,,,,,,,
38,2010,3617,2,25.014929784351672,0.1680949388996406,99882.0,95286.80083727861,3741.1991627213906,0.0013658076923076924,0.000423336923076923,13.0,0.03745618993133288,36.212731022606675,,,,,,,
38,2011,3764,2,25.154622698724758,0.18225312380446332,100731.0,96965.64947298454,3765.350527015456,0.011942298461538462,0.0008407115384615384,13.0,0.03738025560170609,37.36684833864451,,,,,,,
38,2012,3965,2,25.387768224464057,0.19419951828499368,102312.0,98373.6839566343,3938.316043365702,0.019152025384615388,0.0009360207692307692,13.0,0.038493197702769,38.754007350066466,,,,,,,
38,2013,4186,2,25.569278642140468,0.20568580769230768,104290.0,99662.8292291468,4627.170770853211,0.024065093846153848,0.0007853984615384615,13.0,0.04436830732431883,40.13807651740339,,,,,,,
38,2014,4406,2,25.728324807989107,0.21243788197911936,106885.0,101604.0,5281.0,0.012276536923076923,0.0006069776923076924,13.0,0.04940824250362539,41.22187397670393,,,,,,,
38,2015,4256,2,25.83059176973684,0.22180464473684208,109655.0,103941.0,5714.0,0.009041847692307693,0.0017871653846153847,13.0,0.05210888696365875,38.81263964251516,,,,,,,
38,2016,4032,2,26.06882426041667,0.22371037500000002,112193.0,106127.0,6066.0,-0.007413540000000001,0.0011468384615384614,13.0,0.05406754432094694,35.93807100264723,,,,,,,
38,2017,3684,2,26.23099859066232,0.23181289033659064,113908.0,106755.0,7153.0,-0.010471006153846154,0.0022548615384615383,13.0,0.06279629174421462,32.34188994627243,,,,,,,
38,2018,3734,2,26.325120574718802,0.24156413738618104,114966.0,107081.0,7885.0,-0.0038674561538461537,0.002243446923076923,13.0,0.06858549484195327,32.479167753944644,,,,,,,
38,2019,3501,2,26.44630112396458,0.252784599257355,,,,,,,,,,,,,,,
38,2020,3482,2,26.479609704480183,0.26852413296955774,,,,,,,,,,,,,,,
38,2021,3450,2,26.52811590144928,0.2559422179710145,,,,,,,,,,,,,,,
38,2022,3235,2,26.668779152395672,0.2748070599690881,,,,,,,,,,,,,,,
38,2023,3388,2,26.707054082644625,0.2739082520661157,,,,,,,,,,,,,,,
38,2024,3481,2,26.517667119793163,0.2660154797471991,,,,,,,,,,,,,,,
39,2007,59562,28,24.69238780338135,0.20131956994392397,,,,,,,,,0.00915414,0.20888382875,-0.029864616666666666,-0.029864616666666666,8.0,0.03144323375,8.0
39,2008,58503,28,24.63869369890433,0.1978529758815787,,,,,,,,,0.00661825,0.23341904375,0.01942164,0.01942164,8.0,0.03197482875,8.0
39,2009,57153,28,24.688992747572303,0.19867731452417195,,,,,,,,,0.0065691099999999995,0.23777076500000002,0.03904093666666667,0.03904093666666667,8.0,0.04838875125,8.0
39,2010,54725,28,24.908624793513017,0.2108725108268616,2188897.0,2081136.4888833219,107760.51111667803,-0.00021417098591549295,0.00015065211267605634,71.0,0.04923050793010271,25.001176391579868,0.01233619,0.24157278000000001,-0.04806738,-0.04806738,8.0,0.05405547875,8.0
39,2011,54078,28,25.112984756721772,0.21931279202263396,2172139.0,2062244.6165358617,109894.38346413834,-0.0021119425352112676,0.0005922419718309859,71.0,0.05059270307477484,24.896196790352736,0.0080793,0.26263437375,0.11910299,0.11910299,8.0,0.04692632125,8.0
39,2012,54228,28,25.23353253673379,0.22578743446190158,2157678.0,2046811.8812499067,110866.11875009337,-0.003271033098591549,0.0007468969014084507,71.0,0.05138214263207642,25.132573071607535,,,,,,,
39,2013,53875,28,25.436965135517397,0.23521103547099767,2148446.0,2036656.5533131424,111789.44668685766,-0.0016226560563380283,0.0010385052112676055,71.0,0.052032700233963364,25.076264425542927,,,,,,,
39,2014,52879,29,25.654286127252785,0.24938056109230505,2139458.0,2025095.0,114363.0,-0.0008045866197183099,0.0008698661971830986,71.0,0.05345419260392118,24.71607294931707,,,,,,,
39,2015,52046,29,25.763939467913,0.25392915928217347,2134527.0,2018291.0,116236.0,-0.0015225236619718309,0.0010548098591549296,71.0,0.05445515563869654,24.38291949457655,,,,,,,
39,2016,51130,29,25.912311765812632,0.2602191199687072,2127676.0,2009938.0,117738.0,-0.001127421690140845,0.0010325642253521128,71.0,0.05533643280273876,24.030914481340204,,,,,,,
39,2017,50473,29,26.06074517571771,0.2716700580310265,2125986.0,2002809.0,123177.0,0.0005369107042253521,0.0008136214084507042,71.0,0.057938763472572256,23.74098418333893,,,,,,,
39,2018,49231,29,26.226655893705185,0.2785441328634397,2129093.0,2000023.0,129070.0,0.0003777805633802817,0.0008480284507042254,71.0,0.060622058313093884,23.122991809188232,,,,,,,
39,2019,48404,29,26.26104256332121,0.2808651793653417,,,,,,,,,,,,,,,
39,2020,46981,29,26.387230891296483,0.29196904861539774,,,,,,,,,,,,,,,
39,2021,47252,29,26.5432890693304,0.300114308071616,,,,,,,,,,,,,,,
39,2022,47065,29,26.635578464485288,0.3060660860512058,,,,,,,,,,,,,,,
39,2023,46913,29,26.725108157483,0.30961565350755654,,,,,,,,,,,,,,,
39,2024,46376,29,26.815561914675694,0.3164567540753838,,,,,,,,,,,,,,,
40,2007,21380,5,23.30121625378859,0.11861534073900842,,,,,,,,,0.02893145,0.24018472000000002,0.0006693100000000002,0.0006693100000000002,2.0,0.022818885,2.0
40,2008,21765,5,23.32074396195727,0.11899824562370778,,,,,,,,,0.01928699,0.257718545,0.00617004,0.00617004,2.0,0.020523935,2.0
40,2009,21951,5,23.487677227461162,0.1292423987517653,,,,,,,,,0.01703293,0.271268635,0.01417811,0.01417811,2.0,0.03192381,2.0
40,2010,21133,5,23.816140701036293,0.14474983343585862,637662.0,585711.9356357952,51950.06436420479,0.0010066872222222222,0.00026205638888888885,36.0,0.08146959418030993,33.14138211152617,0.01544625,0.276925565,0.01571008,0.01571008,2.0,0.03800904,2.0
40,2011,20505,5,24.011850904120944,0.15157269319678127,641532.0,588409.520953619,53122.479046381006,0.0027015858333333336,0.0012594772222222223,36.0,0.08280565746740771,31.962552140812928,0.014789239999999999,0.29257807,0.044882950000000005,0.044882950000000005,2.0,0.036745349999999996,2.0
40,2012,20110,5,24.0191694876181,0.15425173799104921,645230.0,591109.54938666,54120.45061334009,0.0028631763888888892,0.0012065233333333333,36.0,0.08387776546865472,31.167180695255954,0.01784486,,,,1.0,,
40,2013,20446,5,24.28905394028172,0.17220947906681014,651720.0,596396.7097744291,55323.29022557086,0.004110736111111111,0.0009524144444444444,36.0,0.08488812714903772,31.372368501810595,,,,,,,
40,2014,19959,6,24.578936865524327,0.1827245648078561,657950.0,601188.0,56762.0,0.0004007100000000001,0.001156638888888889,36.0,0.08627099323656813,30.33513184892469,,,,,,,
40,2015,19141,6,24.657776634397365,0.18379385413510266,664205.0,606226.0,57979.0,0.001173138888888889,0.00164605,36.0,0.08729082135786391,28.81791013316672,,,,,,,
40,2016,18738,6,24.740767446365677,0.19505802673711176,669193.0,610400.0,58793.0,-0.002987656111111111,0.0013330227777777778,36.0,0.08785656753731734,28.000890624976652,,,,,,,
40,2017,17790,6,24.805368273187185,0.19196195278246206,673581.0,614238.0,59343.0,-0.0028223586111111114,0.0007792572222222222,36.0,0.08810076293719686,26.41107750960909,,,,,,,
40,2018,17615,6,24.98430309497587,0.20056744178257166,677196.0,617731.0,59465.0,-0.0021181736111111115,0.0007424444444444444,36.0,0.08781061908221549,26.011671657836136,,,,,,,
40,2019,17258,6,24.919863301888977,0.19816883497508403,,,,,,,,,,,,,,,
40,2020,17105,6,25.01847416767027,0.20040926009938614,,,,,,,,,,,,,,,
40,2021,17310,6,25.117706351299827,0.20415931109185442,,,,,,,,,,,,,,,
40,2022,17530,6,25.37772409121506,0.21756988254420992,,,,,,,,,,,,,,,
40,2023,17492,6,25.33758302829865,0.2147267534301395,,,,,,,,,,,,,,,
40,2024,17590,6,25.403837237009665,0.21347351199545198,,,,,,,,,,,,,,,
41,2007,20058,10,25.47392553689301,0.2511715683019244,,,,,,,,,,0.26469182333333335,,,3.0,0.031230320000000002,3.0
41,2008,20142,10,25.421209482375136,0.251266063002681,,,,,,,,,,0.28334111,,,3.0,0.036173373333333335,3.0
41,2009,19140,10,25.67390286583072,0.2628528549634274,,,,,,,,,,0.29890828333333336,,,3.0,0.05776479,3.0
41,2010,18435,10,26.024491317656633,0.28407908820179006,733377.0,633038.1740962303,100338.82590376968,0.0003577096153846154,0.0002852519230769231,26.0,0.13681752482525317,25.137139561235216,,0.30589134,,,3.0,0.060805126666666674,3.0
41,2011,17910,10,26.16728107275265,0.2877162949748744,737352.0,635818.2121104641,101533.78788953587,0.0017093292307692306,0.0014982534615384615,26.0,0.13770056620113036,24.28962015428181,,0.33848011666666666,,,3.0,0.06005363,3.0
41,2012,18055,10,26.445832248573804,0.30839103517031297,740991.0,640352.6790866335,100638.3209133665,0.0011220192307692307,0.0003593053846153846,26.0,0.13581584784884904,24.366017940838688,,,,,,,
41,2013,18097,10,26.747665419903853,0.32961254218931313,746213.0,645176.1328938041,101036.86710619593,0.00024119346153846164,0.0002335576923076923,26.0,0.1353995000170138,24.25178869840113,,,,,,,
41,2014,17810,10,26.840763810892756,0.33542949983155534,750398.0,649171.0,101227.0,0.004241132307692307,0.0008007115384615384,26.0,0.13489774759527612,23.734071785905613,,,,,,,
41,2015,17932,10,27.074810523812182,0.35065796124247156,756320.0,653959.0,102361.0,0.008971478076923077,0.00044779653846153847,26.0,0.13534086101121218,23.709540935053944,,,,,,,
41,2016,17681,10,27.35801149363724,0.36389353571630567,762814.0,661976.0,100838.0,0.015774702307692307,0.0014277126923076923,26.0,0.13219212022852228,23.17865167655549,,,,,,,
41,2017,16789,10,27.524152780987553,0.37208889987491817,771473.0,669619.0,101854.0,0.01276574,0.001105718846153846,26.0,0.13202535928023404,21.762265173246504,,,,,,,
41,2018,16415,10,27.642918093694792,0.38519665306122447,783235.0,681048.0,102187.0,0.010520161923076922,0.001107281923076923,26.0,0.1304678672429092,20.957950040537003,,,,,,,
41,2019,16105,10,27.75982622961813,0.3891336613474077,,,,,,,,,,,,,,,
41,2020,15687,10,28.077930892012493,0.41225209568432464,,,,,,,,,,,,,,,
41,2021,16181,10,28.272603714850753,0.42574615858105186,,,,,,,,,,,,,,,
41,2022,15853,10,28.18901777512143,0.4204882039361635,,,,,,,,,,,,,,,
41,2023,15562,10,28.275093221372575,0.4225034433234803,,,,,,,,,,,,,,,
41,2024,15425,10,28.369529931021066,0.42943276551053483,,,,,,,,,,,,,,,
42,2007,60043,31,25.567584880818746,0.2552170921173159,,,,,,,,,,0.18039585416666667,-0.0720041,-0.0720041,12.0,0.026472800833333334,12.0
42,2008,60325,31,25.49993374929134,0.24969745029423954,,,,,,,,,,0.19014421666666667,-0.00046269,-0.00046269,12.0,0.025076122500000003,12.0
42,2009,60065,31,25.68870373352202,0.261449991076334,,,,,,,,,,0.19431241416666667,0.06436847000000001,0.06436847000000001,12.0,0.039055588333333335,12.0
42,2010,58684,31,25.767628348749234,0.26658029135709904,2392865.0,2215214.7114947853,177650.28850521462,8.449537037037037e-05,0.00023312,54.0,0.07424166783550874,24.524576187958786,,0.20154396416666667,-0.016743285,-0.016743285,12.0,0.040427810833333334,12.0
42,2011,58373,31,25.991511358025114,0.2778851688794477,2384621.0,2202399.1439481713,182221.85605182897,0.0006327294444444444,0.00121725,54.0,0.07641543710796347,24.478942356038967,,0.19907224916666666,0.16695860499999998,0.16695860499999998,12.0,0.036690886666666665,12.0
42,2012,58079,31,26.13982675214794,0.2869368076929699,2377222.0,2192664.2751592,184557.7248408,-0.00030776703703703703,0.0011651461111111111,54.0,0.07763588122640627,24.431458231498784,,,,,,,
42,2013,56204,31,26.406145445235214,0.30124186340829834,2367622.0,2179180.045784695,188441.95421530507,-0.0012827262962962964,0.0013197601851851852,54.0,0.07959123298199842,23.738586649389134,,,,,,,
42,2014,55992,32,26.642386466298756,0.3167060831547364,2361478.0,2165085.0,196393.0,-0.0010954774074074074,0.0015470111111111112,54.0,0.08316528885723264,23.710574479203277,,,,,,,
42,2015,54350,32,26.76348658090156,0.32366140362465506,2356306.0,2156208.0,200098.0,-0.0017518462962962961,0.0014361922222222222,54.0,0.08492020985389843,23.065764803043407,,,,,,,
42,2016,53208,32,27.005628730980305,0.33876488349496314,2344278.0,2140912.0,203366.0,-0.0026335212962962963,0.0017211372222222224,54.0,0.08674995030452873,22.696966827313144,,,,,,,
42,2017,52320,32,27.14039560510321,0.34741969770642206,2336553.0,2128977.0,207576.0,-0.00044540740740740733,0.0014213181481481482,54.0,0.08883855833785922,22.391959437684488,,,,,,,
42,2018,51314,32,27.287650562672955,0.36070076567798265,2328927.0,2115436.0,213491.0,0.00019658055555555554,0.0016413277777777779,54.0,0.09166925369494192,22.033322641714403,,,,,,,
42,2019,50902,32,27.382038088778433,0.36656710368944245,,,,,,,,,,,,,,,
42,2020,49602,32,27.562779674226846,0.38347233579291157,,,,,,,,,,,,,,,
42,2021,49679,32,27.765756115340487,0.3972100060588981,,,,,,,,,,,,,,,
42,2022,49285,32,27.926549651739883,0.40728416295018766,,,,,,,,,,,,,,,
42,2023,48445,32,27.936907781628648,0.4077819509959748,,,,,,,,,,,,,,,
42,2024,48466,32,28.080602850575666,0.42085181492180085,,,,,,,,,,,,,,,
44,2007,5118,4,25.979191245408362,0.2942554831965612,,,,,,,,,,,,,,,
44,2008,4942,4,25.992311121205994,0.2976530064751113,,,,,,,,,,,,,,,
44,2009,4612,4,25.99945817237641,0.29423219384215094,,,,,,,,,,,,,,,
44,2010,4741,4,26.43092187428812,0.31596677452014343,219234.0,185854.30376932252,33379.69623067749,0.000220236,0.000966238,5.0,0.15225601973543104,21.62529534652472,,,,,,,
44,2011,4596,4,26.64218859312446,0.331157362924282,216939.0,183271.25838223725,33667.74161776273,-0.003575246,0.0023312380000000002,5.0,0.1551945091374199,21.185678923568375,,,,,,,
44,2012,4685,4,26.58900778783351,0.32806836243329773,214773.0,181156.75202084135,33616.247979158674,-0.00035982200000000004,0.002792946,5.0,0.15651989765547195,21.81372891378339,,,,,,,
44,2013,4381,4,27.05135802122803,0.35790936863729744,212875.0,179087.74928124546,33787.25071875456,0.001097736,0.002092892,5.0,0.1587187350264454,20.580152671755727,,,,,,,
44,2014,4382,4,27.155750931309903,0.3594245481515289,211980.0,178965.0,33015.0,0.00029452,0.001906218,5.0,0.15574582507783752,20.67176148693273,,,,,,,
44,2015,4488,4,27.505013490641712,0.3885916147504457,210986.0,177731.0,33255.0,0.00043422200000000006,0.002602424,5.0,0.1576170930772658,21.271553562795635,,,,,,,
44,2016,4184,4,27.476099669216058,0.3800193068833652,209789.0,177245.0,32544.0,0.00018230200000000002,0.0022385079999999997,5.0,0.15512729456739868,19.94384834285878,,,,,,,
44,2017,4216,4,27.762096952087287,0.39255216129032255,209420.0,177800.0,31620.0,0.00038377199999999994,0.0010347219999999999,5.0,0.15098844427466335,20.131792569955113,,,,,,,
44,2018,4063,4,27.98781685527935,0.4139797408318976,208571.0,177346.0,31225.0,-0.00010724800000000003,0.001053102,5.0,0.14970921173125698,19.480177014062356,,,,,,,
44,2019,3977,4,28.00088029670606,0.40583372265526785,,,,,,,,,,,,,,,
44,2020,4092,4,28.32123677223851,0.44257069012707717,,,,,,,,,,,,,,,
44,2021,4275,4,28.66362589497076,0.4680700161403509,,,,,,,,,,,,,,,
44,2022,4259,4,28.94893173914064,0.4886127250528293,,,,,,,,,,,,,,,
44,2023,4011,4,28.79306875417602,0.48092747045624534,,,,,,,,,,,,,,,
44,2024,4138,4,29.112373076607057,0.5084583583856935,,,,,,,,,,,,,,,
45,2007,25311,15,24.067065709770453,0.17510162000711155,,,,,,,,,,0.23196911199999998,-0.04090304,-0.04090304,5.0,0.027195358000000003,5.0
45,2008,25561,15,24.045460007707053,0.171941593834357,,,,,,,,,,0.23957648599999998,-0.00888311,-0.00888311,5.0,0.034731398000000004,5.0
45,2009,24877,15,24.265144423362944,0.1802870888772762,,,,,,,,,,0.247319476,0.13824314,0.13824314,5.0,0.053254868,5.0
45,2010,23813,15,24.418237991895182,0.18914054999370092,861152.0,804687.1245551438,56464.87544485625,0.0006099364705882353,0.00019421558823529413,34.0,0.06556899994989995,27.652493404184163,,0.27166893999999997,-0.06364594,-0.06364594,5.0,0.056209284000000005,5.0
45,2011,23375,15,24.69888771550802,0.20192503709090906,866631.0,808980.6128439518,57650.38715604822,0.0012228535294117647,0.00042612058823529407,34.0,0.06652241514098645,26.972263858551102,,0.286904338,0.51008454,0.51008454,5.0,0.050928416,5.0
45,2012,22955,15,24.82798943415378,0.20980163184491396,870672.0,812279.5965958983,58392.40340410176,0.0025504411764705882,0.0008685635294117647,34.0,0.0670659024340989,26.364693018725767,,,,,,,
45,2013,22534,15,25.13228889278424,0.22321823453448122,873248.0,814534.8890317342,58713.110968265784,0.004910381764705882,0.0008378661764705882,34.0,0.0672353225753346,25.804811462494044,,,,,,,
45,2014,22636,16,25.386375618616363,0.23471465197031277,877362.0,821740.0,55622.0,0.0060723355882352946,0.0010344055882352942,34.0,0.06339686469211113,25.80006884273538,,,,,,,
45,2015,22345,16,25.529715866547324,0.24247039471917656,883140.0,826875.0,56265.0,0.007801924117647058,0.0011677123529411763,34.0,0.06371017052788912,25.301764159702877,,,,,,,
45,2016,21705,16,25.76381015240728,0.25349008191660904,889536.0,833461.0,56075.0,0.0071235173529411765,0.0007961638235294118,34.0,0.06303848298438737,24.40036153680121,,,,,,,
45,2017,21236,16,25.825414497928048,0.2547561098135242,897570.0,840049.0,57521.0,0.00817687411764706,0.0008791932352941176,34.0,0.06408525240371224,23.659436032844233,,,,,,,
45,2018,21526,16,25.878565217597323,0.2572238700641085,906414.0,849022.0,57392.0,0.007677845294117647,0.0008463967647058823,34.0,0.06331764513787298,23.748529921205982,,,,,,,
45,2019,21386,16,25.932338865987095,0.2616665450294585,,,,,,,,,,,,,,,
45,2020,21001,16,26.087234081758012,0.2721775476882053,,,,,,,,,,,,,,,
45,2021,22135,16,26.40792865543257,0.2939237011068444,,,,,,,,,,,,,,,
45,2022,22693,16,26.535825999118675,0.29996035477900673,,,,,,,,,,,,,,,
45,2023,22759,16,26.598093104530076,0.30423129684959793,,,,,,,,,,,,,,,
45,2024,23237,16,26.5956662865258,0.30468634879717693,,,,,,,,,,,,,,,
46,2007,4472,2,24.180344257826473,0.1375219785330948,,,,,,,,,,0.2777778,0.04819277,0.04819277,1.0,0.02119701,1.0
46,2008,4437,2,24.238336805499213,0.14649510908271354,,,,,,,,,,0.27728984,0.0270453,0.0270453,1.0,0.01306413,1.0
46,2009,4314,2,24.283147622392214,0.1520632093184979,,,,,,,,,,0.24605264,0.10138249,0.10138249,1.0,0.01872659,1.0
46,2010,4329,2,24.56745200993301,0.1568494067914068,117012.0,112431.93263636665,4580.067363633345,0.00114645,0.0001270104761904762,21.0,0.039141860353069304,36.99620551738283,,0.27395412,-0.07949791,-0.07949791,1.0,0.02843016,1.0
46,2011,4292,2,24.70887690773532,0.1700843448275862,117602.0,112837.06685811548,4764.933141884523,0.0028482128571428573,0.00124965,21.0,0.04051744988932606,36.49597795955851,,0.28947368,0.01493506,0.01493506,1.0,0.01923077,1.0
46,2012,4351,2,24.752470340611353,0.1693865359687428,117845.0,112943.28622388717,4901.713776112823,0.00617368,0.001993626666666667,21.0,0.04159458420902731,36.921379778522635,,,,,,,
46,2013,4260,2,25.0224175370892,0.1802816985915493,119232.0,113891.13030437643,5340.869695623565,0.003687052380952381,8.662666666666666e-05,21.0,0.04479392860661203,35.72866344605475,,,,,,,
46,2014,4214,3,25.206573274086377,0.19269138870431896,120710.0,114879.0,5831.0,-0.0024889890476190476,0.0009677961904761905,21.0,0.04830585701267501,34.910115152017234,,,,,,,
46,2015,4021,3,25.21860197015668,0.19099754016413825,122068.0,116105.0,5963.0,-0.0018251942857142858,0.001563821904761905,21.0,0.04884982141101681,32.94065602778779,,,,,,,
46,2016,4060,3,25.421428261822662,0.19926084285714285,122844.0,116251.0,6593.0,0.005822202380952381,0.0031180728571428575,21.0,0.0536696948975937,33.050047214353164,,,,,,,
46,2017,3904,3,25.706582853483603,0.22643476536885246,123213.0,116063.0,7150.0,0.004149874761904762,0.0034558676190476188,21.0,0.05802959103341368,31.684968306915668,,,,,,,
46,2018,3822,3,25.77734179565672,0.2289376402407117,124999.0,117138.0,7861.0,0.0025198904761904763,0.0034113314285714284,21.0,0.06288850310802487,30.57624460995688,,,,,,,
46,2019,3667,3,25.719116328061084,0.2238887215707663,,,,,,,,,,,,,,,
46,2020,3581,3,25.807595879363305,0.2242387079028204,,,,,,,,,,,,,,,
46,2021,3687,3,25.922294695145105,0.23894777352861404,,,,,,,,,,,,,,,
46,2022,3760,3,26.067952229787235,0.24228738085106383,,,,,,,,,,,,,,,
46,2023,4006,3,26.2654769218672,0.25012469820269595,,,,,,,,,,,,,,,
46,2024,4061,3,26.551218589756218,0.2804725183452351,,,,,,,,,,,,,,,
47,2007,35916,12,24.05498924671456,0.16942329800089098,,,,,,,,,0.04189387,0.21700992333333335,0.0049996949999999984,0.0049996949999999984,3.0,0.026049146666666665,3.0
47,2008,34990,12,24.060031444841382,0.1700200883681052,,,,,,,,,0.02178466,0.21329239666666666,-0.003803425000000001,-0.003803425000000001,3.0,0.026735376666666668,3.0
47,2009,33469,12,24.0888284371508,0.17081472825599808,,,,,,,,,0.01520584,0.21584772666666666,0.03426457,0.03426457,3.0,0.04652333333333333,3.0
47,2010,32453,12,24.34428255390873,0.18078425507657228,1160214.0,1083861.6236553348,76352.37634466519,0.0005249269841269841,7.826285714285716e-05,63.0,0.06580887348770588,27.971563866665978,0.01513282,0.2509616433333333,-0.0033427400000000003,-0.0033427400000000003,3.0,0.05337921,3.0
47,2011,32400,12,24.538703619475307,0.1900001439506173,1164071.0,1084717.5916649972,79353.40833500285,0.0019430969841269842,0.0006486606349206349,63.0,0.06816887314863342,27.83335380745676,0.01575535,0.26113791000000003,0.169935995,0.169935995,3.0,0.04706626666666667,3.0
47,2012,32513,12,24.65716805397841,0.19426058244394548,1166837.0,1086450.2338235397,80386.76617646034,0.0021858261904761905,0.0005656007936507936,63.0,0.06889288407589092,27.86421753852509,,,,,,,
47,2013,31782,12,24.862264725001573,0.20272480813038826,1170928.0,1089330.1309767459,81597.86902325411,0.0027377374603174604,0.0007858666666666667,63.0,0.06968649568825248,27.142574095076725,,,,,,,
47,2014,32137,13,25.040529607772974,0.21262091187727544,1177044.0,1094454.0,82590.0,0.004615243492063492,0.0005512738095238094,63.0,0.07016730045775689,27.303142448370664,,,,,,,
47,2015,31173,13,25.194430871106405,0.21929236791454143,1183048.0,1097510.0,85538.0,0.004597429206349206,0.0007422531746031747,63.0,0.07230306800738431,26.349733907669005,,,,,,,
47,2016,28985,13,25.44521296908746,0.23567350312230465,1187170.0,1103641.0,83529.0,0.009389037936507937,0.0005449571428571429,63.0,0.07035976313417623,24.415205909852844,,,,,,,
47,2017,30382,13,25.550177552201962,0.23632415890988084,1193077.0,1106551.0,86526.0,0.010014374285714285,0.0006812030158730159,63.0,0.07252339957940686,25.465246585090483,,,,,,,
47,2018,30258,13,25.64926645435918,0.24248137186859675,1200079.0,1112103.0,87976.0,0.008816664603174604,0.0006889268253968254,63.0,0.07330850718994333,25.213340121775317,,,,,,,
47,2019,30177,13,25.790038680650827,0.2509859680220035,,,,,,,,,,,,,,,
47,2020,29733,13,25.82512691541385,0.2549356206908149,,,,,,,,,,,,,,,
47,2021,31424,13,26.12377502004837,0.273803466395112,,,,,,,,,,,,,,,
47,2022,32200,13,26.261847690403727,0.2822670957763975,,,,,,,,,,,,,,,
47,2023,32760,13,26.29039982185592,0.28058611245421244,,,,,,,,,,,,,,,
47,2024,33284,13,26.349432015322677,0.28524232622280976,,,,,,,,,,,,,,,
48,2007,155658,35,24.077182105095787,0.18473183745775998,,,,,,,,,0.040230016,0.2594658914285714,-0.0076150555555555555,-0.0076150555555555555,21.0,0.024054438095238096,21.0
48,2008,157563,35,24.123668140984876,0.18663021181368725,,,,,,,,,0.027485371999999997,0.2653701219047619,-0.0021722188888888888,-0.0021722188888888888,21.0,0.02218525761904762,21.0
48,2009,156441,35,24.23301755547459,0.19147800956271055,,,,,,,,,0.023397514,0.27645045095238097,0.021946464444444442,0.021946464444444442,21.0,0.034401826190476194,21.0
48,2010,149612,35,24.45627692747908,0.2029383124682512,4989537.0,3940615.748082637,1048921.2519173631,0.0011104389147286822,0.00030370782945736435,129.0,0.21022416547213962,29.98514691844153,0.023314754,0.29008197761904764,-0.0010686111111111128,-0.0010686111111111128,21.0,0.037499375714285715,21.0
48,2011,145239,35,24.703299358071867,0.21355146015877277,5055345.0,3992904.8020495255,1062440.1979504745,0.0032332796899224806,0.0013476631007751938,129.0,0.2101617590788511,28.729789954988235,0.023484672,0.30638215238095234,0.09665461555555556,0.09665461555555556,21.0,0.036063579047619046,21.0
48,2012,146921,35,24.90276407785817,0.2246445902559879,5120748.0,4045121.2202330222,1075626.7797669778,0.00303464519379845,0.00178647496124031,129.0,0.21005266804126618,28.691316190525292,,0.30356318,-1.0,-1.0,1.0,0.02766884,1.0
48,2013,145926,35,25.063436160177073,0.23106923660622508,5188824.0,4107132.0258277827,1081691.974172217,0.00262508480620155,0.0014808887596899224,129.0,0.2084657282984,28.123135415654875,,0.3023093,,,1.0,0.02270223,1.0
48,2014,150759,40,25.374040765990753,0.247805855849402,5274322.0,4158710.0,1115612.0,0.005009560465116279,0.002087288914728682,129.0,0.21151761306950922,28.583579083719197,,0.30810937,,,1.0,0.02679768,1.0
48,2015,152019,40,25.597573192844315,0.2585074052190845,5357167.0,4230530.0,1126637.0,0.00684176480620155,0.0022239751937984495,129.0,0.21030462556048748,28.37675211543713,,0.3076001,,,1.0,0.02678974,1.0
48,2016,148588,40,25.82161095313888,0.27251188536086357,5429029.0,4296588.0,1132441.0,0.0058133621705426354,0.002162624418604651,129.0,0.20858997069273344,27.369166751549862,,0.30649588,,,1.0,0.02857757,1.0
48,2017,138799,40,25.87345374352841,0.27285500884732594,5514435.0,4372127.0,1142308.0,0.0048590448837209305,0.0016741253488372094,129.0,0.20714869247710782,25.170121689710733,,0.29341176,,,1.0,0.02884616,1.0
48,2018,137581,40,26.03616056698236,0.2806783407083827,5608136.0,4450375.0,1157761.0,0.0062812265891472865,0.0016832641085271318,129.0,0.2064431033769509,24.532393650938566,,,,,,,
48,2019,137754,40,26.094124356316332,0.2846523209852345,,,,,,,,,,,,,,,
48,2020,137898,40,26.232708209988544,0.292215997382123,,,,,,,,,,,,,,,
48,2021,140147,40,26.455689363168673,0.30460872005822454,,,,,,,,,,,,,,,
48,2022,147336,40,26.48895038326682,0.30471172477873704,,,,,,,,,,,,,,,
48,2023,149638,40,26.58754797445836,0.30851115595637474,,,,,,,,,,,,,,,
48,2024,152597,40,26.711124823600727,0.31686055161634896,,,,,,,,,,,,,,,
49,2007,18458,5,24.030610022158417,0.11832259643515007,,,,,,,,,,0.1895267,0.014522299999999998,0.014522299999999998,2.0,0.01462009,2.0
49,2008,18452,5,24.095545017992627,0.11819841242141775,,,,,,,,,,0.19232855,0.031163629999999998,0.031163629999999998,2.0,0.016011445,2.0
49,2009,17508,5,24.33944480403244,0.13696599417409183,,,,,,,,,,0.19657027500000002,-0.029085750000000004,-0.029085750000000004,2.0,0.031396345,2.0
49,2010,16852,5,24.5839368282103,0.15018968169950156,560718.0,497760.64499584335,62957.35500415663,0.0002963706666666667,0.000250314,15.0,0.11227988936355998,30.054323207030986,,0.20694495000000002,-0.06282614,-0.06282614,2.0,0.03908674,2.0
49,2011,16483,5,24.86925928435358,0.1612570675847843,570005.0,505229.54514230054,64775.45485769939,0.001455833333333333,0.0005152953333333333,15.0,0.11364015202971797,28.91729019920878,,0.222105385,0.222286395,0.222286395,2.0,0.032296385,2.0
49,2012,16550,5,24.923323553957704,0.16586107238670694,577588.0,511801.3906741283,65786.60932587167,0.001740758,0.0010385313333333332,15.0,0.11389885060955503,28.653642388692287,,,,,,,
49,2013,16441,5,25.08259850015206,0.17438107651602702,585993.0,520324.24478892103,65668.75521107893,0.0038848326666666667,0.000697488,15.0,0.11206406085239742,28.056649140860046,,,,,,,
49,2014,16327,7,25.20331346224046,0.18123336209958965,595145.0,525408.0,69737.0,0.006752981333333333,0.0011964559999999998,15.0,0.11717648640247334,27.43365062295743,,,,,,,
49,2015,15854,7,25.394443275387914,0.18872216204112527,604901.0,533820.0,71081.0,0.007815165333333334,0.0007818253333333334,15.0,0.11750848485950594,26.209247463634544,,,,,,,
49,2016,15995,7,25.517005455142233,0.19487354892153796,613860.0,544171.0,69689.0,0.010463410666666667,0.0013573226666666667,15.0,0.1135258853810315,26.056429804841496,,,,,,,
49,2017,15942,7,25.544128666541216,0.20066494436080792,624715.0,555343.0,69372.0,0.011365228666666668,0.0016321553333333333,15.0,0.11104583690162714,25.518836589484806,,,,,,,
49,2018,15819,7,25.683323759403248,0.2028572437575068,636219.0,566350.0,69869.0,0.011897115333333335,0.0016034573333333333,15.0,0.10981910317044917,24.864079821570876,,,,,,,
49,2019,15547,7,25.773300228597158,0.20325456982054416,,,,,,,,,,,,,,,
49,2020,15422,7,25.943165594669953,0.21391522208533265,,,,,,,,,,,,,,,
49,2021,16006,7,26.142727806197673,0.22672776465075598,,,,,,,,,,,,,,,
49,2022,16092,7,26.281817102783993,0.23465054474272928,,,,,,,,,,,,,,,
49,2023,16261,7,26.446682054609187,0.24512611149375807,,,,,,,,,,,,,,,
49,2024,16882,7,26.501510572858667,0.24896348839000115,,,,,,,,,,,,,,,
50,2007,2877,2,26.253389163017033,0.29509938720889817,,,,,,,,,,,,,,,
50,2008,2837,2,26.36940402255904,0.30067007190694395,,,,,,,,,,,,,,,
50,2009,2821,2,26.597483194966323,0.29953876426799003,,,,,,,,,,,,,,,
50,2010,2773,2,26.735845454020918,0.3342947472051929,90817.0,86660.98410683736,4156.015893162635,-0.00033049666666666664,7.291222222222221e-05,9.0,0.04576253226997847,30.533930871973308,,,,,,,
50,2011,2751,2,26.75936015049073,0.3318794071246819,89698.0,85749.39417140273,3948.605828597268,0.0005483322222222223,0.0009945533333333334,9.0,0.04402111338711307,30.66958014671453,,,,,,,
50,2012,2786,2,26.722900249102658,0.32412022038765254,89057.0,84881.47262012935,4175.527379870657,-0.004638843333333333,0.00012290555555555558,9.0,0.04688600985740207,31.283335391939993,,,,,,,
50,2013,2652,2,27.27714956108597,0.36689324208144797,88562.0,84340.71865212101,4221.281347878992,-0.0010560166666666666,0.0001546922222222222,9.0,0.047664702105632124,29.945123190533184,,,,,,,
50,2014,2659,2,27.291462941707408,0.36442246671681083,88196.0,83610.0,4586.0,-0.0028307244444444445,0.00024639000000000003,9.0,0.05199782303052292,30.148759580933376,,,,,,,
50,2015,2531,2,27.74812370011853,0.39786640300276577,87899.0,83010.0,4889.0,-0.0009566255555555556,0.002038096666666667,9.0,0.055620655525091295,28.79441176805197,,,,,,,
50,2016,2386,2,27.81286657418273,0.3914502950544845,87375.0,82139.0,5236.0,-2.6420000000000018e-05,0.00061332,9.0,0.05992560801144492,27.30758226037196,,,,,,,
50,2017,2416,2,28.286630602649,0.4279802822847682,86686.0,81153.0,5533.0,0.0015267944444444445,0.0017328388888888891,9.0,0.06382806912304179,27.870705765636895,,,,,,,
50,2018,2205,2,28.31791399047619,0.4340137537414966,86813.0,81075.0,5738.0,0.004191488888888889,0.001794863333333333,9.0,0.06609609159918445,25.3994217455911,,,,,,,
50,2019,2145,2,28.51561775850816,0.45128241911421907,,,,,,,,,,,,,,,
50,2020,2105,2,28.83087852256532,0.4760097814726841,,,,,,,,,,,,,,,
50,2021,2192,2,29.065237461678834,0.49635007025547445,,,,,,,,,,,,,,,
50,2022,2170,2,29.336175066820278,0.5193547050691244,,,,,,,,,,,,,,,
50,2023,2134,2,29.28022504123711,0.5117146804123711,,,,,,,,,,,,,,,
50,2024,2133,2,29.227613880918895,0.49882764697609006,,,,,,,,,,,,,,,
51,2007,46508,15,25.954545327212525,0.27950044886901176,,,,,,,,,0.01411832,0.23563096666666664,0.0004526700000000005,0.0004526700000000005,6.0,0.024480694999999997,6.0
51,2008,44890,15,25.991289749743817,0.27948310882156385,,,,,,,,,0.00990478,0.24062499166666665,-0.004137315,-0.004137315,6.0,0.02358978,6.0
51,2009,44786,15,26.121243174049926,0.28607141852364576,,,,,,,,,0.00889887,0.25358898999999996,0.031997645,0.031997645,6.0,0.03778006,6.0
51,2010,43221,15,26.294151105365447,0.2944864861062909,1507987.0,1269384.2768360495,238602.7231639505,0.0010610038636363636,0.00042265306818181815,88.0,0.15822598149980768,28.66138766448252,0.00934396,0.26074625,0.0031084250000000015,0.0031084250000000015,6.0,0.040660869999999995,6.0
51,2011,43587,15,26.56444570488907,0.309931957441439,1515358.0,1272687.9020379721,242670.09796202794,0.0033527904545454543,0.0016926357954545454,88.0,0.1601404407156777,28.76350011020498,0.00876534,0.26589244333333334,0.138088555,0.138088555,6.0,0.03957208833333333,6.0
51,2012,43513,15,26.742479260956493,0.32236338193183645,1524074.0,1277212.2683396202,246861.73166037974,0.0037024188636363632,0.002653357159090909,88.0,0.1619748986337801,28.550450962354848,,,,,,,
51,2013,42564,15,26.94524722074993,0.33469591091062867,1530284.0,1280173.7832419712,250110.21675802895,0.003351233068181818,0.001930312159090909,88.0,0.16344039195210103,27.814444900423712,,,,,,,
51,2014,42557,16,27.149881133538553,0.34751028289118124,1542157.0,1284379.0,257778.0,0.0021838646590909092,0.0025129098863636364,88.0,0.16715418728443343,27.5957635960541,,,,,,,
51,2015,41205,16,27.213675298386118,0.34998194289527973,1548237.0,1290135.0,258102.0,0.0016228235227272727,0.002729143409090909,88.0,0.16670703516322113,26.614142408429718,,,,,,,
51,2016,40529,16,27.405327079350588,0.3639863642823657,1550055.0,1291185.0,258870.0,0.0018512077272727272,0.0025632879545454544,88.0,0.1670069771717778,26.14681414530452,,,,,,,
51,2017,39324,16,27.438485615527412,0.36603607486522227,1552630.0,1289691.0,262939.0,0.00415105625,0.002348713522727273,88.0,0.16935071459394704,25.327347790523177,,,,,,,
51,2018,38784,16,27.578601836298475,0.3753611489789604,1555507.0,1289193.0,266314.0,0.004628691704545455,0.0023060570454545453,88.0,0.1712072012533534,24.933349705272942,,,,,,,
51,2019,37963,16,27.65379468421884,0.3816081431130311,,,,,,,,,,,,,,,
51,2020,37160,16,27.745115667169,0.3900160536329387,,,,,,,,,,,,,,,
51,2021,37562,16,27.952851318699746,0.40525002835312285,,,,,,,,,,,,,,,
51,2022,37289,16,28.009439891281612,0.4055618234331841,,,,,,,,,,,,,,,
51,2023,36684,16,28.025747103723692,0.40993347034129324,,,,,,,,,,,,,,,
51,2024,37552,16,28.15844687902109,0.4147847745792501,,,,,,,,,,,,,,,
53,2007,36716,12,25.89234929428587,0.2736681782056869,,,,,,,,,0.02718053,0.24255999125,0.01371479333333333,0.01371479333333333,8.0,0.02810441625,8.0
53,2008,37735,12,25.884841702318802,0.26890167563270173,,,,,,,,,0.01463516,0.25396974625,0.015348596666666667,0.015348596666666667,8.0,0.02654167625,8.0
53,2009,37250,12,26.072147503033555,0.27999997487248324,,,,,,,,,0.01104325,0.26288992625,0.019645279999999998,0.019645279999999998,8.0,0.041786172499999996,8.0
53,2010,36093,12,26.450724642174382,0.30451867578200753,1320268.0,1093145.913155546,227122.08684445414,0.0013936746666666667,0.00040868366666666666,30.0,0.17202726025659498,27.337631450584276,0.01346198,0.27830673125,-0.011393120000000001,-0.011393120000000001,8.0,0.04612249,8.0
53,2011,36008,12,26.534089758692513,0.3061263746945123,1328350.0,1096941.6784815309,231408.32151846922,0.0030709613333333332,0.0011314923333333334,30.0,0.17420734107612393,27.107313584522153,0.01332822,0.2816061875,0.03491537333333333,0.03491537333333333,8.0,0.04288798125,8.0
53,2012,35778,12,26.688020701017383,0.3185755059533792,1337505.0,1100429.6245498115,237075.37545018853,0.0013471216666666667,0.0013268993333333332,30.0,0.17725195453489034,26.74980654277928,,,,,,,
53,2013,34787,12,26.967602988903902,0.3357863666599592,1345579.0,1104464.2323656005,241114.76763439947,3.573333333333391e-06,0.0012713989999999999,30.0,0.17919034678335458,25.85281131765582,,,,,,,
53,2014,35011,13,27.095369929107996,0.3441490095398589,1355616.0,1111420.0,244196.0,0.003898074,0.002195368,30.0,0.1801365578452895,25.82663527134528,,,,,,,
53,2015,34732,13,27.35808471046873,0.36289288120465274,1368708.0,1121788.0,246920.0,0.007895866333333333,0.002329387666666667,30.0,0.18040370919144186,25.375755822279114,,,,,,,
53,2016,35930,13,27.588630767074864,0.3789036455608127,1381012.0,1131504.0,249508.0,0.012006759333333334,0.0021904313333333332,30.0,0.18067040691898406,26.017152638789526,,,,,,,
53,2017,34564,13,27.736647982409444,0.3854300754542298,1398234.0,1143557.0,254677.0,0.013649441000000002,0.0019753883333333334,30.0,0.1821419018561986,24.719753632081613,,,,,,,
53,2018,33641,13,27.950462169703634,0.4015337128503909,1424189.0,1163350.0,260839.0,0.011353714666666665,0.0018751043333333332,30.0,0.18314914663713874,23.62116264063267,,,,,,,
53,2019,32467,13,27.99559556478886,0.40625870662518865,,,,,,,,,,,,,,,
53,2020,31981,13,28.176448634845688,0.4212498907163628,,,,,,,,,,,,,,,
53,2021,31636,13,28.43376233316475,0.4432925279428499,,,,,,,,,,,,,,,
53,2022,31527,13,28.512671763948365,0.44717230722872464,,,,,,,,,,,,,,,
53,2023,31513,13,28.595214538571383,0.4572081448608511,,,,,,,,,,,,,,,
53,2024,32719,13,28.610898716586693,0.4594577155475412,,,,,,,,,,,,,,,
54,2007,9166,2,23.956742192668553,0.15273796857953306,,,,,,,,,,,,,,,
54,2008,9016,2,23.801630534826973,0.14452091304347825,,,,,,,,,,,,,,,
54,2009,9034,2,23.670190662829313,0.14091189993358424,,,,,,,,,,,,,,,
54,2010,8739,2,23.92705103707518,0.15505238459778006,273658.0,266325.848297697,5502.1517023029755,0.0006436334482758621,3.308344827586207e-05,29.0,0.020105941365876297,31.934019834976503,,,,,,,
54,2011,8706,2,23.98478083390765,0.15644413921433492,272498.0,267041.7880009289,5456.2119990711,0.0014678572413793103,0.0007329351724137931,29.0,0.020022943284248324,31.948858340244698,,,,,,,
54,2012,8711,2,24.085294493743543,0.16370097382619675,271449.0,265755.44942070765,5693.5505792923395,0.0006812575862068965,0.00029452241379310343,29.0,0.02097466035716595,32.09074264410626,,,,,,,
54,2013,8632,2,24.224918560125115,0.1662420254865616,270950.0,265035.5126857293,5914.487314270688,-0.00022183068965517233,0.0001637806896551724,29.0,0.021828703872562052,31.858276434766562,,,,,,,
54,2014,8018,3,24.447430660389124,0.17772511336991773,270314.0,264343.0,5971.0,-0.0029887975862068965,0.00029090793103448277,29.0,0.02208912597941653,29.6618007206434,,,,,,,
54,2015,7676,3,24.815138151902037,0.19111503361125587,268989.0,263096.0,5893.0,-0.0019497093103448275,0.00040529034482758623,29.0,0.02190795906152296,28.536482904505387,,,,,,,
54,2016,7359,3,24.80710703995108,0.19105825560538117,266459.0,260825.0,5634.0,-0.005119952068965518,0.00033369724137931035,29.0,0.021143965863416134,27.617757328519584,,,,,,,
54,2017,7049,3,24.980139249680807,0.19619770350404314,263727.0,257781.0,5946.0,-0.00455130448275862,8.953689655172413e-05,29.0,0.02254604192972278,26.72839716828387,,,,,,,
54,2018,6881,3,25.018819854672287,0.1957562021508502,262004.0,256048.0,5956.0,-0.0036239496551724137,0.00013041206896551724,29.0,0.02273247736675776,26.2629578174379,,,,,,,
54,2019,6758,3,24.961009244746965,0.19384445279668538,,,,,,,,,,,,,,,
54,2020,6509,3,25.098709081425717,0.203256766323552,,,,,,,,,,,,,,,
54,2021,6577,3,25.11737878440018,0.1981149534742284,,,,,,,,,,,,,,,
54,2022,6484,3,25.346236578655148,0.21144365391733497,,,,,,,,,,,,,,,
54,2023,6526,3,25.36316289580141,0.20579219368679133,,,,,,,,,,,,,,,
54,2024,6655,3,25.642524234410217,0.22749785514650642,,,,,,,,,,,,,,,
55,2007,28267,14,25.232249346234127,0.21809898443414583,,,,,,,,,0.00683755,0.17808583090909091,0.04700940333333333,0.04700940333333333,11.0,0.024547637272727272,11.0
55,2008,28288,14,25.30880600742364,0.22034095460972852,,,,,,,,,0.00399021,0.1872357,-0.008045716666666666,-0.008045716666666666,11.0,0.023167798181818185,11.0
55,2009,27418,14,25.362389576920272,0.2215331827266759,,,,,,,,,0.00287361,0.1968851,0.02600377,0.02600377,11.0,0.04139401909090909,11.0
55,2010,26525,14,25.62508955321395,0.23883136708765315,994196.0,927867.0982465326,66328.90175346743,-0.00021332025,0.00014342,40.0,0.06671612212628841,26.679849848520814,0.00313634,0.2056353109090909,0.04448565000000001,0.04448565000000001,11.0,0.043639382727272726,11.0
55,2011,26004,14,25.807568323065684,0.24638518650976773,989913.0,922220.2721135494,67692.72788645064,-0.0015428267499999998,0.00043666575,40.0,0.06838250218600082,26.268975152361875,0.00295571,0.20726110545454546,0.13947420666666666,0.13947420666666666,11.0,0.04042832545454545,11.0
55,2012,25481,14,25.993328397001687,0.26215597645304345,985544.0,918280.1795579274,67263.82044207257,-0.0017519365,0.00063336475,40.0,0.06825044893183112,25.854756357909945,,,,,,,
55,2013,25019,14,26.19193431180303,0.27475106507054636,981454.0,914761.7339014199,66692.26609858008,-0.000287658,0.0009608304999999999,40.0,0.06795251341232506,25.49177037334404,,,,,,,
55,2014,24766,16,26.393987798110313,0.2871273495518049,979605.0,912131.0,67474.0,0.00010840050000000001,0.000873936,40.0,0.0688787827746898,25.28161861158324,,,,,,,
55,2015,24216,16,26.547509801949122,0.29678719301288403,978943.0,910511.0,68432.0,-0.0009274300000000001,0.001025322,40.0,0.06990396785103933,24.73688457857097,,,,,,,
55,2016,23656,16,26.78293031214068,0.30842063311633416,977039.0,907581.0,69458.0,-0.00062931575,0.0008530422500000001,40.0,0.07109030448119266,24.21193012766123,,,,,,,
55,2017,22789,16,26.8256836252578,0.30878916661547234,977190.0,906481.0,70709.0,0.00251977725,0.0008369755,40.0,0.0723595206664006,23.32095088979625,,,,,,,
55,2018,22347,16,27.065042184454285,0.3324832222222222,977927.0,906554.0,71373.0,0.0017996942499999998,0.00087176875,40.0,0.07298397528649889,22.85139892854988,,,,,,,
55,2019,22012,16,27.048019315237145,0.32609487902053425,,,,,,,,,,,,,,,
55,2020,21440,16,27.21408598530784,0.33773313829291046,,,,,,,,,,,,,,,
55,2021,21780,16,27.38842955665748,0.3500916722222222,,,,,,,,,,,,,,,
55,2022,21467,16,27.494852583034426,0.35938878734802254,,,,,,,,,,,,,,,
55,2023,21958,16,27.458944400446306,0.352217927998907,,,,,,,,,,,,,,,
55,2024,21898,16,27.518540425152985,0.36090057064572106,,,,,,,,,,,,,,,
56,2007,3166,1,23.783165,0.139924,,,,,,,,,,,,,,,
56,2008,3104,1,23.78721,0.135631,,,,,,,,,,,,,,,
56,2009,3057,1,24.226366,0.158652,,,,,,,,,,,,,,,
56,2010,3019,1,24.418019000000005,0.164955,78583.0,74742.97036530428,3840.029634695721,-0.0008594588888888888,0.0003161733333333333,9.0,0.0488659078260657,38.41797844317473,,,,,,,
56,2011,2815,1,24.554707,0.172291,79669.0,75776.5293783433,3892.470621656698,-0.0012837966666666666,-0.0004705722222222222,9.0,0.04885803288175699,35.333693155430595,,,,,,,
56,2012,2922,1,24.770705,0.18343600000000002,80450.0,76114.5797216701,4335.420278329899,0.009880902222222222,0.0007933144444444444,9.0,0.053889624342198864,36.32069608452455,,,,,,,
56,2013,2891,1,24.858181000000002,0.18644100000000002,81954.0,77602.21518579185,4351.784814208144,0.003627116666666667,0.001125761111111111,9.0,0.053100334507261926,35.27588647289943,,,,,,,
56,2014,2872,1,24.998607,0.194986,82899.0,78461.0,4438.0,-0.004992123333333333,-0.0005013677777777778,9.0,0.053535024547943885,34.64456748573566,,,,,,,
56,2015,2802,1,25.309243000000002,0.220914,83540.0,78686.0,4854.0,-0.0006737111111111113,0.0015901144444444442,9.0,0.058103902322240844,33.54081876945176,,,,,,,
56,2016,2600,1,25.385,0.220385,84134.0,79145.0,4989.0,-0.008349056666666667,0.0009083455555555556,9.0,0.05929826229586136,30.90308317683695,,,,,,,
56,2017,2490,1,25.592369,0.23413699999999998,83716.0,79021.0,4695.0,-0.014306119999999999,0.0013678833333333332,9.0,0.056082469300969946,29.743418223517608,,,,,,,
56,2018,2405,1,25.864657,0.250728,82797.0,78271.0,4526.0,-0.007518928888888889,0.0013522344444444445,9.0,0.05466381632184741,29.04694614539174,,,,,,,
56,2019,2383,1,25.985942,0.259757,,,,,,,,,,,,,,,
56,2020,2230,1,25.65426,0.229596,,,,,,,,,,,,,,,
56,2021,2258,1,26.171833,0.262622,,,,,,,,,,,,,,,
56,2022,2284,1,26.095009,0.262697,,,,,,,,,,,,,,,
56,2023,2218,1,26.194319,0.253381,,,,,,,,,,,,,,,
56,2024,2319,1,26.150065,0.263907,,,,,,,,,,,,,,,
