year,scenario,share_25_39,share_40_59,share_60_79,share_80,average_age,price,price_index,births,fertility_rate,theta,average_age_bridge,young_homeownership_proxy,old_homeownership_proxy,young_housing_burden_proxy,case
2020,low_immigration,0.318865981332888,0.383868773685741,0.291250211022057,0.0060150339593141,49.5040238638905,0.5771085536107421,1.0,0.08131471589690525,0.19601787138905247,0.4197088232833008,49.92830808287469,0.39899999999999997,0.7599999999999999,1.0,baseline
2021,low_immigration,0.318615071764913,0.380497815555189,0.294699279238067,0.0061878334418306,49.593985729983,0.5782940336479668,1.001186182996438,0.08110034112815655,0.19601787138905247,0.4230061406471709,50.006950748851175,0.39884934279392703,0.7599891882554414,1.0125004740269392,baseline
2022,low_immigration,0.318367541566906,0.377172247872283,0.298101905424053,0.0063583051367573,49.6827361570511,0.5806901433425722,1.0035880112885054,0.08086967696031264,0.19597140184344783,0.4262590582696934,50.084534437731264,0.39854489072421156,0.7599673343808001,1.026157438599904,baseline
2023,low_immigration,0.318123319859017,0.373891163897355,0.301459019260572,0.0065264969830566,49.7702995239681,0.5832546097566416,1.006164981902027,0.08062242154105607,0.19587751054746466,0.4294684666404132,50.1610804456619,0.39821913399172115,0.7599439434895465,1.0287308144387726,baseline
2024,low_immigration,0.317882352261119,0.370653671681837,0.304771522473296,0.0066924535837486,49.8566992647039,0.5859887951013889,1.0089197878087195,0.08037544882758117,0.19577707204736836,0.4326352256121723,50.23660911920069,0.3978719176213794,0.7599190028483706,1.031481125346744,baseline
2025,low_immigration,0.317644554421043,0.367458921124121,0.308040303896572,0.0068562205582632,49.9419586805004,0.588894256063405,1.0118554274941058,0.08012869940940248,0.19567004315347286,0.4357601888461952,50.31114110259017,0.3975030634464485,0.7598924979259056,1.03441366872637,baseline
2026,low_immigration,0.316580213265747,0.368078518942014,0.308137188223776,0.0072040795684626,49.9855132778071,0.5917904335897961,1.0147901881857921,0.07990430365238298,0.1955563738484805,0.4363201090231527,50.34231445916304,0.3971355036821632,0.7598660756992186,1.0373449822315048,baseline
2027,low_immigration,0.315524927261584,0.368692844174087,0.308233252601537,0.0075489759627912,50.0286972312417,0.5946776805727805,1.0177243719132238,0.07968180165332849,0.195443133453059,0.43687526661865783,50.373222591818106,0.3967691928275001,0.7598397329676386,1.0402784633746838,baseline
2028,low_immigration,0.314478593114607,0.369301962280767,0.308328498002175,0.00789094660245,50.0715147176814,0.5975563785407467,1.020658313934961,0.07946116676343085,0.19533030751234837,0.43742571117697143,50.40386845191256,0.3964040818023319,0.7598134662681686,1.0432147170342636,baseline
2029,low_immigration,0.313441104690573,0.369905927698373,0.308422937246679,0.0082300303643753,50.1139705321444,0.6004266476090923,1.0235920862666439,0.07924237091179052,0.19521788048793498,0.43797150514636296,50.43425533896201,0.39604015472335197,0.7597872745222473,1.0461509634966808,baseline
2030,low_immigration,0.312412335336828,0.370504818118217,0.308516583548434,0.0085662629965207,50.1560694813388,0.6032886063523817,1.0265257606125386,0.07902538742020053,0.19510584707882397,0.43851271158993504,50.464386823968056,0.39567739591774215,0.7597611566649966,1.0490872729422123,baseline
2031,low_immigration,0.310963804974185,0.37320016018657,0.307046179478853,0.0087898553603923,50.163430933939,0.6060432903277042,1.0293574130387197,0.07882910588042555,0.19499420205723395,0.437607860609193,50.4671475910208,0.3953283428069801,0.7597360159491684,1.051919484200408,baseline
2032,low_immigration,0.309525378438151,0.375876709434386,0.305586021831191,0.0090118902962728,50.170740964005,0.6086896560481574,1.0320850768167633,0.07863576367000921,0.1948868021644893,0.4367093141489948,50.46988896799254,0.39499311543606425,0.7597118621093824,1.0546482871281517,baseline
2033,low_immigration,0.308096944422718,0.37853466138116,0.304136011939847,0.0092323822562748,50.1780002425068,0.6112266434678741,1.0347067878905534,0.0784453506646672,0.19478368110597666,0.43581701311310195,50.472611370215745,0.3946718362093839,0.7596887050257262,1.0572718785796733,baseline
2034,low_immigration,0.306678398547389,0.381174214582167,0.302696040129217,0.0094513467412267,50.1852092423707,0.6136529272475262,1.0372203282347214,0.0782578586333921,0.19468487342577426,0.434930888401291,50.475314903612436,0.3943646613964022,0.7596665569941503,1.0597855002621548,baseline
2035,low_immigration,0.305269634789146,0.383795555879553,0.301266007002827,0.009668802328473,50.1923687740729,0.61596714332395,1.039623459803454,0.07807328273259416,0.19459042419358433,0.4340508831797982,50.478000002264864,0.39407175243763876,0.7596454306585171,1.062186886214438,baseline
2036,low_immigration,0.304321352312548,0.386189646788926,0.299624044760655,0.0098649561378712,50.1991482738839,0.6181972434784524,1.0419445113685637,0.0779691270004754,0.19450038017572577,0.4328918979617914,50.4677383919486,0.39378956198250437,0.759625071010846,1.0645049998027751,baseline
2037,low_immigration,0.303376507994497,0.388575058575837,0.297988034578721,0.0100603988509443,50.2059031189322,0.6203429140262038,1.044182581240648,0.07786660748328493,0.19441364845363016,0.4317371138875242,50.45751396662449,0.3935181218736636,0.7596054810485751,1.0667500671809615,baseline
2038,low_immigration,0.302435082222799,0.390951839451784,0.296357943481029,0.0102551348443875,50.2126335837627,0.6224038137151593,1.04633675580393,0.07776572203925712,0.19433023682438427,0.43058650815945504,50.44732654347539,0.3932574676680284,0.759586664016428,1.06892105858922,baseline
2039,low_immigration,0.301497058056274,0.393320033797623,0.294733740373827,0.0104491677722763,50.2193397672638,0.6243785557195025,1.048405042440428,0.07766646936396256,0.1942501543047968,0.42944005862305185,50.43717590854618,0.39300776734954135,0.7595686327020443,1.0710046592179654,baseline
2040,low_immigration,0.300562411884276,0.395679682888375,0.293115405613411,0.0106424996139379,50.2260219382537,0.6262657163053864,1.0503854191712807,0.07756886300187113,0.19417345066497263,0.42829775292197264,50.42706214251849,0.3927691936936526,0.7595514002274639,1.0729988130812071,baseline
2041,low_immigration,0.299615108776062,0.396881253423214,0.292839527628303,0.0106641101724227,50.2402229264965,0.6281051505023463,1.0523193121204242,0.07741402610829065,0.19410017719713854,0.42821100770424386,50.43878150924395,0.39253670282166975,0.759534602750715,1.074945848752803,baseline
2042,low_immigration,0.298670773564314,0.398079075342869,0.292564498923649,0.0106856521691665,50.2543790922149,0.6298952129324985,1.0542047163777843,0.07726042651506775,0.194028783429643,0.4281245199488869,50.450463832256986,0.3923104989405009,0.7595182553606694,1.0768351898866289,baseline
2043,low_immigration,0.297729370607867,0.399273163567456,0.292290338152342,0.0107071276723364,50.2684915994994,0.6316342175044292,1.0560395781534184,0.07710807851903437,0.19395933113566194,0.42803831365103057,50.462110171415496,0.39209079131871716,0.7595023735191267,1.0786646405396125,baseline
2044,low_immigration,0.296790899094337,0.400463545197137,0.292017019244716,0.0107285364638097,50.2825598678651,0.6333212107109837,1.0578226133088446,0.07695700424659711,0.19389188363277074,0.42795236527352265,50.4737200128896,0.3918776966230744,0.7594869659979208,1.0804413616262971,baseline
2045,low_immigration,0.295855331452418,0.401650226820198,0.291744562805735,0.0107498789216485,50.2965850026759,0.6349552212583475,1.0595525195738698,0.07680720823805391,0.19382647580954765,0.42786669783678255,50.485294262807635,0.3916713337752722,0.759472041730966,1.0821640367910994,baseline
2046,low_immigration,0.293968271416313,0.40174528573375,0.293659021545883,0.0106274213040537,50.3526962269062,0.6365281995706424,1.0612204842000734,0.07642107362578222,0.19376314325755087,0.4297625578524961,50.55287203090581,0.39147271539844514,0.7594576743053494,1.083823677952149,baseline
2047,low_immigration,0.292088132009952,0.401839989512885,0.295566465442634,0.0105054130345291,50.4086018520233,0.6380356746318565,1.0628214540223138,0.07603743461988485,0.1937021958005431,0.431651470827954,50.620202096231665,0.3912824017737891,0.7594439046295786,1.0853803949596357,baseline
2048,low_immigration,0.290214870551677,0.401934347753327,0.297466930532547,0.0103838511624479,50.4643028828217,0.6394731082715654,1.0643502878686883,0.07565633566495489,0.19364380435745548,0.4335334729427439,50.6872858364512,0.3911009614313455,0.7594307742290726,1.0868289708508745,baseline
2049,low_immigration,0.288348446457025,0.40202836463203,0.299360455093752,0.0102627338171916,50.5198007205246,0.6408390146952838,1.065805084095546,0.07527782116364351,0.19358814233518426,0.4354086030512955,50.75412467030137,0.3909285775187761,0.7594182967483096,1.0882023601158728,baseline
2050,low_immigration,0.286488839639993,0.402122035007058,0.301247067381081,0.0101420579718679,50.5750958013822,0.6421318991905692,1.0671839381211963,0.07490189211267248,0.19353526490064157,0.43727688687165506,50.82071942206371,0.3907654343984097,0.7594064859115714,1.0894986579043449,baseline
2051,low_immigration,0.285268421217712,0.400337712331049,0.304304388600118,0.01008947785112,50.6489084906279,0.6434489270532963,1.0685903750573766,0.07456008376149832,0.1934852276215064,0.4401642166234574,50.901619475151506,0.390599269847504,0.7593944541115946,1.0908235768062817,baseline
2052,low_immigration,0.284053692663063,0.39856170183649,0.307347462215668,0.0100371432847789,50.7223772197109,0.6447907639705593,1.0700252115150368,0.0742195913529535,0.19343426924600038,0.4430380910509428,50.982142492895505,0.39043000132756167,0.7593821952440316,1.092182588365164,baseline
2053,low_immigration,0.282844621256646,0.396793955396585,0.31037637238744,0.0099850509593291,50.7955039512566,0.6461580662169208,1.071489260060749,0.07388040007341695,0.1933823647623395,0.4458985878235953,51.06229063001704,0.39025754756994485,0.7593697032892559,1.0935763490475967,baseline
2054,low_immigration,0.281641158502905,0.395034410172073,0.313391229988063,0.0099332013369583,50.8682913729775,0.6475510657753222,1.0729828841941997,0.07354249163325975,0.1933294895639575,0.44874581441708344,51.142066966737616,0.3900818808925515,0.7593569761029617,1.0950003975487657,baseline
2055,low_immigration,0.280443265598588,0.393283005852926,0.316392136213604,0.0098815923348829,50.9407421341001,0.6489699912961358,1.0745064476478903,0.07320585609740579,0.19327563548745863,0.45157986585385,51.22147414251076,0.3899029740857129,0.7593440115705209,1.0964550934939135,baseline
2056,low_immigration,0.279362337107911,0.392104508676593,0.318606593876568,0.0099265603389289,51.0200820278884,0.6504003645586784,1.0760444926680397,0.072919298911429,0.19322079452300214,0.4537754882277606,51.28605106848029,0.3897226538603655,0.7593309419587176,1.0979246539308136,baseline
2057,low_immigration,0.278285683549396,0.390930673423621,0.320812293348562,0.0099713496784204,51.0991080578142,0.651842858312414,1.077597800176302,0.07263378305371376,0.19316552685706762,0.45596242619187477,51.350372570048606,0.3895408361952149,0.7593177611085251,1.0994171110405626,baseline
2058,low_immigration,0.277213285456334,0.389761477707442,0.323009275124847,0.010015961711377,51.1778218346829,0.6532981547921257,1.07916716613084,0.07234929494206924,0.19310980688184004,0.4581407203341515,51.41443983920809,0.38935743593939987,0.7593044627732191,1.1009332726999974,baseline
2059,low_immigration,0.276145117950686,0.388596889214025,0.325197595580156,0.0100603972551329,51.2562251489749,0.654766304958683,1.0807527092084062,0.07206581947704983,0.19305360865631419,0.4603104258591571,51.47825446374767,0.38917244754436264,0.7592910464738604,1.1024659927803995,baseline
2060,low_immigration,0.27508115529481,0.387436886444846,0.327377298607063,0.0101046596532808,51.3343198581658,0.6562473575319469,1.0823545466994053,0.07178335112408249,0.1929969306403646,0.46247158914008796,51.54181787390714,0.3889858657580233,0.759277511751802,1.104015384219857,baseline
2061,low_immigration,0.274512418146558,0.386309050789712,0.328895705635445,0.010282825428285,51.3991748305726,0.6577647677757976,1.0839981692855454,0.07159795818582297,0.1929397713862172,0.46408381523537323,51.58757297070683,0.3887947373848953,0.7592636442331054,1.1056074403262768,baseline
2062,low_immigration,0.273944818407147,0.38518349494214,0.330411054391763,0.0104606322589507,51.4638993508479,0.6593203371886276,1.085685715888896,0.07141247880558253,0.19288122651321601,0.46569279522457024,51.633236049608215,0.3885988380835944,0.7592494274137914,1.1072586936024473,baseline
2063,low_immigration,0.273378372807482,0.384060197774226,0.331923347358514,0.0106380820597781,51.5284933872011,0.6609158833603737,1.0874193602636366,0.07122689322695085,0.1928212278196586,0.4672985305553406,51.67880692586259,0.38839794172422154,0.7592348446391484,1.1089712588682745,baseline
2064,low_immigration,0.272813067018283,0.382939158338101,0.333432600118706,0.010815174524911,51.592957536219,0.6625519761791313,1.0891999354659059,0.07104117670747928,0.1927597066017992,0.46890103712651293,51.724286152564005,0.38819197948125145,0.7592198906549247,1.1107314749027775,baseline
2065,low_immigration,0.27224888650074,0.381820371743136,0.334938829695602,0.0109919120605225,51.6572924937266,0.6642291857930092,1.0910282849031308,0.07085532222200283,0.19269664236591283,0.47050033460540114,51.76967439799505,0.38798088263426317,0.759204560202453,1.1125401877106376,baseline
2066,low_immigration,0.27175560568019,0.380925997527261,0.33610610444101,0.0112122923515391,51.6947570848931,0.6659437488761899,1.0929005263024683,0.07069346540736653,0.1926320146737099,0.47182321626126567,51.80837390613882,0.3877651278588602,0.7591888876334996,1.1143934263699367,baseline
2067,low_immigration,0.271262171150366,0.380031337288289,0.337273750182599,0.0114327413787465,51.7322334773484,0.6676965259587987,1.0948178170993643,0.07053113890399133,0.1925659700499248,0.47314651673265606,51.847085620572365,0.3875446098518032,0.7591728650360424,1.1162960017345929,baseline
2068,low_immigration,0.270768569187499,0.379136402435432,0.338441766570723,0.0116532618063448,51.7697219663145,0.669488380555517,1.096781330077019,0.07036833213943645,0.1924984768368329,0.4744702401612362,51.885809855726684,0.38731922309967737,0.7591564844683243,1.1182490721967329,baseline
2069,low_immigration,0.270274821478499,0.378241168958365,0.339610156038431,0.0118738535247042,51.8072222632237,0.6713198649768363,1.0987919086062632,0.07020503973394786,0.1924295033405025,0.47579438538504687,51.92454627739832,0.3870889013923131,0.7591397408311849,1.1202498068547688,baseline
2070,low_immigration,0.269780906572645,0.377345648542187,0.340778930390431,0.0120945144947367,51.8447348651909,0.6731915311875993,1.1008504061034339,0.07004125420409726,0.19235902992087342,0.47711896441075413,51.963295434876784,0.38685357870551035,0.7591226290265617,1.1222990662025958,baseline
2071,low_immigration,0.269541927527949,0.377256712785229,0.340906216921671,0.0122951427651514,51.8579841432873,0.6750886300721685,1.102940810405821,0.06996481247028154,0.19228703701705502,0.4774499345889479,51.97614246103145,0.3866151122954253,0.7591052838554899,1.1243805175697867,baseline
2072,low_immigration,0.269302527154367,0.377167615423019,0.341033737510104,0.0124961199125094,51.8712566941407,0.6770126870255947,1.1050649741920477,0.06988797390422011,0.19221409335137635,0.47778149260719704,51.98901218233217,0.3863733127717053,0.7590876913359721,1.1265094115467909,baseline
2073,low_immigration,0.269062711640913,0.377078370117631,0.341161473078725,0.0126974451627302,51.8845521392696,0.6789652559770281,1.107224797665901,0.06981072030155867,0.19214014140849206,0.47811361967117266,52.00190408532176,0.38612798737711657,0.7590698372218133,1.1286877735804373,baseline
2074,low_immigration,0.268822479449035,0.376988972289823,0.34128942905019,0.0128991192109516,51.8978706602501,0.6809467667708633,1.1094209506855564,0.06973303079838455,0.1920651226824813,0.4784463215176722,52.014818326579686,0.38587908476542687,0.7590517175427051,1.130902953056937,baseline
2075,low_immigration,0.268581829548039,0.376899409307499,0.341417616147534,0.0131011449969281,51.9112125132514,0.6829576534852417,1.1116541151037587,0.06965490000652622,0.1919890219401786,0.4787796105978101,52.027755228266315,0.38562655315807526,0.7590333282882255,1.1331556359788846,baseline
2076,low_immigration,0.268444745557444,0.376750775277442,0.341718478079608,0.0130860010855063,51.9233211137509,0.6850056681433049,1.1139331319595653,0.06959345282078949,0.19191182383017932,0.4790573194149863,52.035709547444846,0.3853694222149971,0.7590145985197345,1.1354548270084566,baseline
2077,low_immigration,0.268307472588528,0.376601939495684,0.342019751332634,0.013070836583153,51.9354461414541,0.6870916478995566,1.1162591991437263,0.06953148154609612,0.19183323228129057,0.47933540823592913,52.04367477213956,0.3851075904738963,0.7589955205265435,1.137804375428557,baseline
2078,low_immigration,0.268170019129755,0.376452901319436,0.342321427641771,0.0130556519090367,51.9475873045448,0.6892164405380754,1.118633540070512,0.06946897756339966,0.19175321692566932,0.47961386872626366,52.051650601290255,0.38484095532463614,0.7589760864980779,1.1402055284783774,baseline
2079,low_immigration,0.268032389881552,0.376303671031799,0.342623492095181,0.0130404469914683,51.9597441553228,0.6913806790029884,1.121057151496609,0.06940593195483916,0.19167174707280255,0.4798926866957515,52.059636652216255,0.384569441299591,0.7589562905861623,1.1426566572188115,baseline
2080,low_immigration,0.267894565197544,0.376154243753581,0.342925970204021,0.0130252208448536,51.9719176856071,0.6935850018369534,1.1235310490064874,0.0693423334441117,0.1915888003522155,0.48017188716435555,52.06763374889142,0.38429297239968285,0.7589361268890185,1.1451587904708325,baseline
2081,low_immigration,0.267855324547125,0.375986974696808,0.343079680630376,0.0130780201256916,51.9823924409467,0.6958357143641375,1.1260626422888314,0.06929624666047447,0.1915043542547597,0.4803636319983921,52.073005046866456,0.3840107623596377,0.7589155376619164,1.1477194735825949,baseline
2082,low_immigration,0.267816041455026,0.375819555877576,0.343233536089957,0.0131308665774395,51.9928770007969,0.6981338395870166,1.1286534511109143,0.0692495292454681,0.19141816940412099,0.480555556182403,52.07838142694802,0.38372268795374376,0.7588945134715658,1.1503430579604577,baseline
2083,low_immigration,0.267776729879954,0.375651982920371,0.343387525683365,0.0131837615163097,52.0033707999481,0.7004804136806734,1.1313050299063387,0.06920217080693347,0.1913302090354187,0.48074764899771416,52.08376246701554,0.38342862457474486,0.7588730447603581,1.1530311313263926,baseline
2084,low_immigration,0.267737369550367,0.375484253951886,0.343541672893367,0.01323670360438,52.0138747476149,0.702876246857737,1.134018697479728,0.06915415439574667,0.19124043600060292,0.4809399334154173,52.08914895066951,0.38312847620000995,0.7588511240342528,1.1557822185097564,baseline
2085,low_immigration,0.267697990122097,0.375316375162493,0.343695939139636,0.0132896955757746,52.0243876504314,0.7053221587388726,1.1367958021775124,0.06910547618038633,0.19114882191528906,0.481132372725555,52.094539670717175,0.3828221458847369,0.7588287437095814,1.1585976855891462,baseline
2086,low_immigration,0.267743704821119,0.375019612366327,0.343836092270927,0.0134005905416279,52.0260138809124,0.7078277203853556,1.1396476854320108,0.06906623877462657,0.19105533814754155,0.48135145880813157,52.099925022568655,0.3825084414110355,0.7588058161147909,1.1614890840967218,baseline
2087,low_immigration,0.267789472105565,0.37472251508567,0.343976402521768,0.013511610286998,52.0276421118716,0.710394077510065,1.1425761845691866,0.06902619380836136,0.19095962194630514,0.48157079071205466,52.10531640234146,0.3821872266133135,0.7587823306586384,1.1644598714053662,baseline
2088,low_immigration,0.267835293610927,0.37442507636748,0.344116876605206,0.0136227534163877,52.0292721509659,0.7130223866802792,1.1455831779558767,0.06898532688381537,0.19086163297866218,0.4817903729777953,52.11071387311276,0.381858364356258,0.758758276645165,1.1675119467096742,baseline
2089,low_immigration,0.267881166557714,0.374127309670727,0.344257501963441,0.0137340218081172,52.0309038143028,0.7157136813944585,1.1486704323997126,0.06894362365126451,0.19076133066748024,0.48201019641074533,52.11611728965636,0.3815217332997329,0.7587336444992752,1.1706454949496374,baseline
2090,low_immigration,0.267927098932979,0.373829208044134,0.344398278956138,0.0138454140667499,52.0325371304215,0.7184690047939807,1.151839755169964,0.06890107260515624,0.1906586793042867,0.48223025888065235,52.12152647683155,0.38117721129554233,0.7587084245521899,1.1738623486184125,baseline
2091,low_immigration,0.267828745441908,0.37349285306758,0.344870469793501,0.0138079316970112,52.0429833529137,0.7212831378591793,1.1550857507002943,0.06882834908483428,0.19055364298376612,0.4826362495251749,52.13154826739549,0.380825459206816,0.7586826644543866,1.177156999958971,baseline
2092,low_immigration,0.267730354615262,0.373156351238823,0.345342860273249,0.0137704338726661,52.0534340240205,0.7241565839268091,1.1584096004729485,0.06875486198403247,0.19044642449782215,0.4830424115390342,52.141574232814214,0.38046642230612415,0.7586563594803729,1.1805259668111476,baseline
2093,low_immigration,0.267631917043271,0.372819698311961,0.34581546547654,0.0137329191682277,52.0638894881578,0.7270898450633618,1.1618125067006304,0.0686806049673376,0.1903370084350356,0.4834487586238003,52.1516047959045,0.3801000463230738,0.7586295049124383,1.1839704413232026,baseline
2094,low_immigration,0.267533442052522,0.372482895937942,0.34628827459708,0.0136953874124563,52.0743492982089,0.73008380735883,1.1652961418740557,0.06860557562138733,0.1902253795519655,0.4838552795007044,52.1616395721024,0.3797262293540295,0.7586020925127422,1.1874967992553016,baseline
2095,low_immigration,0.26743491648768,0.372145947416293,0.346761297834217,0.0136578382618094,52.0848139277266,0.7331393607785702,1.168862211869531,0.0685297621253223,0.1901115081252398,0.48426198501327183,52.171678985135095,0.3793448693997649,0.7585741140028598,1.191106770389986,baseline
2096,low_immigration,0.267157147217914,0.371913182480118,0.347244673012071,0.0136849972898974,52.1037803588507,0.7362445223934589,1.1724973588815564,0.06842406471098751,0.18999536444341994,0.4847631311890845,52.187035801269815,0.3789574705586597,0.7585456789853399,1.1947867333166833,baseline
2097,low_immigration,0.266879353754737,0.37168041214601,0.347728074007483,0.0137121600917702,52.1227481081212,0.7393995387176753,1.1762024489253025,0.06831778818772805,0.18987740781211618,0.48526430762611744,52.20239367224077,0.37856400991263744,0.7585167850931435,1.1985328467234047,baseline
2098,low_immigration,0.266601539962364,0.371447613695912,0.34821152238286,0.0137393239588637,52.1417174386142,0.7426046539730007,1.1799783612223362,0.06821093193020637,0.18975763234119755,0.4857655307131967,52.21775287906116,0.3781644650395967,0.7584874299777384,1.2023459873741449,baseline
2099,low_immigration,0.266323696366407,0.371214797940434,0.348695015391448,0.0137664903017112,52.1606886280113,0.7458604900315713,1.183826438273863,0.06810349444063657,0.18963603230312892,0.4862668006688823,52.233113575619036,0.3777587666833475,0.7584576078288107,1.2062322484355426,baseline
2100,low_immigration,0.266045829887082,0.370981959151575,0.349178553119518,0.0137936578418253,52.1796614354714,0.7491676701510109,1.187748046693728,0.06799547144760772,0.18951258773262383,0.4867681153821467,52.24847560354211,0.37734684571354926,0.7584273128196312,1.2101930137817827,baseline
2020,medium_immigration,0.31886598407606,0.383868770453639,0.291250211726979,0.0060150337433209,49.5040238818664,0.5771085424348712,1.0,0.08131471645798112,0.19601787182718658,0.41970882331186093,49.928308042379754,0.39899999999999997,0.7599999999999999,1.0,baseline
2021,medium_immigration,0.318413705093974,0.380356332178792,0.295014759286662,0.0062152034405733,49.6060054008664,0.578290164789644,1.0011823207455184,0.08105393652555049,0.19601787182718658,0.4233449106904157,50.01761905152624,0.39884983301800897,0.7599892234385879,1.0124965682069398,baseline
2022,medium_immigration,0.317968115031207,0.376895759772462,0.298723708859821,0.0064124163365084,49.7064806470251,0.5806777232117728,1.0035755578873735,0.08077791734568886,0.19597155348062428,0.42692729542201546,50.10561086241372,0.39854646721642834,0.759967447560989,1.0261383042238172,baseline
2023,medium_immigration,0.317529045662669,0.373485929681351,0.302378285344594,0.0066067393113855,49.8054832057641,0.5832280578791895,1.0061382779318737,0.08048637245354433,0.1958779971129293,0.4304571653409812,50.19231295679241,0.3982225049190406,0.7599441855793395,1.0286844038620075,baseline
2024,medium_immigration,0.317096373440077,0.370125718455318,0.305979674440901,0.0067982336637039,49.9030447017209,0.5859422656292415,1.008872855670721,0.0801961577816698,0.1957781116998938,0.4339356612781329,50.27775308035964,0.397877824158438,0.7599194271929248,1.0314015513420116,baseline
2025,medium_immigration,0.316669956768509,0.366814051836025,0.309529030457215,0.0069869609382504,49.9991965204611,0.5888216371847318,1.0117819616630723,0.0799071980488056,0.19567186404670997,0.4373638987406426,50.36195867431201,0.39751227972520786,0.7598931603104309,1.0342947056544698,baseline
2026,medium_immigration,0.315405146575553,0.367275201701207,0.309943975144682,0.0073756765785582,50.0555088217958,0.5916864361218294,1.014684669403216,0.07963639503249553,0.19555921408602323,0.4382769145645833,50.4042475734675,0.39714869878705555,0.759867024414911,1.0371812109534075,baseline
2027,medium_immigration,0.314152846255314,0.367731793510943,0.310354811399298,0.0077605488344443,50.1112642016156,0.5945369005868987,1.0175811181475383,0.07936833095778192,0.19544719861353763,0.439180897272071,50.446118157968485,0.3967870497704248,0.7598410173632317,1.0400635682334023,baseline
2028,medium_immigration,0.31291286975059,0.368183890123625,0.310761606382266,0.0081416337435197,50.1664709200201,0.5973732923372743,1.0204714739893517,0.07910296238412022,0.1953358073093609,0.4400759856506187,50.48757673618738,0.3964272981423177,0.7598151367960202,1.0429421804642716,baseline
2029,medium_immigration,0.311685029471742,0.36863156185936,0.311164419486225,0.008518989182673,50.2211372148837,0.6001956742662796,1.0233557025192372,0.07884024573947829,0.19522502895893054,0.4409623133812469,50.52862954404055,0.396069434619233,0.759789382167784,1.0458148636409899,baseline
2030,medium_immigration,0.310469154526731,0.369074865552124,0.311563312846218,0.0088926670749281,50.2752709214009,0.6030041084917889,1.0262337692379186,0.07858014335538295,0.1951148601369404,0.4418400087500219,50.56928239849192,0.3957134500231433,0.7597637529397981,1.0486815781234098,baseline
2031,medium_immigration,0.308862022578101,0.371617612480378,0.310361993470815,0.0091583714707055,50.2937749848994,0.6057006694915714,1.0290048056519483,0.078346581352539,0.19500529745955542,0.4412390250606533,50.58148480415603,0.3953717499589119,0.7597391428856938,1.0514392525460035,baseline
2032,medium_immigration,0.307268065172471,0.374139508032562,0.309170530809959,0.009421895985008,50.3121276170529,0.608284464067467,1.031666980462725,0.07811655638827483,0.194900157077873,0.44064297433959965,50.593587303223686,0.39504443516653626,0.7597155603726282,1.0540894340354243,baseline
2033,medium_immigration,0.305687127768889,0.376640808727302,0.307988793612055,0.0096832698917533,50.3303301387043,0.6107545840191562,1.0342184716019245,0.07789004663689708,0.19479946670269843,0.44005178798809413,50.60559086798398,0.3947316086159206,0.7596930138978794,1.0566304469948014,baseline
2034,medium_immigration,0.304119055088015,0.379121755849189,0.30681667356398,0.0099425154988161,50.3483845526336,0.6131097913899117,1.036657141228277,0.07766702985371399,0.19470325486027823,0.4394654118933143,50.61749672995323,0.39443341537134563,0.7596715149618959,1.0590568780909364,baseline
2035,medium_immigration,0.302563674614341,0.381582608989884,0.305654053415348,0.0101996629804273,50.3662931450651,0.6153488101905632,1.038980836485237,0.07744748667033353,0.1946115631490816,0.4388837935640466,50.62930648345904,0.3941500056393422,0.7596510754057589,1.0613665502346572,baseline
2036,medium_immigration,0.301506749844363,0.38386374568941,0.304192906341232,0.0104365981249948,50.3808217971257,0.6174995299176702,1.0412177977424313,0.07731814967188834,0.1945244348689803,0.4379405415429497,50.625806247360615,0.3938778396276422,0.7596314407953104,1.0635883327263922,baseline
2037,medium_immigration,0.300454657865201,0.386134444698115,0.302738447488792,0.0106724499478928,50.395284061859,0.6195617848840524,1.0433672699349732,0.07719070842661199,0.1944407793543313,0.4370016090132362,50.622322160545586,0.39361693034970324,0.7596126127783501,1.0657339206178753,baseline
2038,medium_immigration,0.299407381998172,0.388394776118146,0.30129061698055,0.0109072249031326,50.4096799558222,0.6215353827702124,1.0454284907148392,0.07706515828457122,0.19436059859820606,0.43606695039558857,50.61885351418856,0.3933672944651992,0.7595945932406057,1.0678024052935766,baseline
2039,medium_immigration,0.29836485735813,0.39064482269919,0.299849390936088,0.0111409290065918,50.4240107653401,0.6234189623840145,1.0473994941958866,0.07694148636593386,0.19428389580393998,0.43513655934469236,50.615401149655526,0.39312909671466395,0.7595773947355307,1.0697791441689732,baseline
2040,medium_immigration,0.297327083700321,0.392884634819615,0.298414708990492,0.0113735724895724,50.4382761950703,0.6252111290087756,1.0492782916683687,0.07681970885376657,0.19421071975101226,0.4342103907770098,50.6119641759862,0.3929025062433505,0.7595610301194262,1.0716621161103523,baseline
2041,medium_immigration,0.296284625460294,0.393995467696537,0.298292930215669,0.0114269766274991,50.4586805105836,0.626951006316586,1.0511054962525783,0.07664370961815552,0.19414112063105768,0.43430522233980723,50.62940044589691,0.39268257100727694,0.7595451422388034,1.0734928121644005,baseline
2042,medium_immigration,0.295246356326899,0.395101856407939,0.298171621409823,0.0114801658553389,50.4790025297447,0.6286369619386772,1.0528791081687707,0.0764692237274825,0.19407357603761002,0.4343996550896109,50.64676625106356,0.39246949345171456,0.7595297460655057,1.0752610731190706,baseline
2043,medium_immigration,0.294212257986236,0.396203793783216,0.298050806117913,0.0115331421126354,50.4992429667618,0.6302673269748701,1.0545970855386406,0.07629626603470127,0.19400814718192066,0.43449371470955817,50.66406244203453,0.39226348058767974,0.7595148569055846,1.0769647261802766,baseline
2044,medium_immigration,0.293182300020861,0.397301313482955,0.297930481094208,0.0115859054019753,50.5194026496461,0.6318411298250419,1.0562581201653138,0.07612485143241768,0.19394489667464224,0.43458740284343583,50.6812894862793,0.3920646512994952,0.7595004836970911,1.078610506200687,baseline
2045,medium_immigration,0.292156463467602,0.398394453720351,0.297810624037858,0.0116384587741888,50.5394813169841,0.6333573815106739,1.057860888113212,0.07595498651285204,0.19388386007487107,0.4346807050107019,50.69844736268687,0.3918731267017475,0.7594866355359975,1.080197075902934,baseline
2046,medium_immigration,0.290970829621239,0.397980690241052,0.299535620953605,0.0115128591841046,50.5746141008076,0.6348617102348685,1.059453456206034,0.0756821016278757,0.19382507364289317,0.4362980076807528,50.74986510581563,0.3916831410365328,0.7594728957307016,1.0817735282384058,baseline
2047,medium_immigration,0.289793041384014,0.397569674908922,0.301249191637682,0.0113880920693812,50.6095143383012,0.636352537004536,1.0610340957168545,0.07541120840395854,0.1937667670894053,0.4379045991287548,50.800942416649484,0.3914948929400378,0.759459278716556,1.0833228379123334,baseline
2048,medium_immigration,0.28862303472989,0.397161370401578,0.302951445567529,0.0112641493010018,50.6441839434692,0.637828256720976,1.062601040553046,0.0751423128612075,0.1937090011650421,0.4395005801721943,50.851682357258,0.3913085842120076,0.7594457991694836,1.0848432006862903,baseline
2049,medium_immigration,0.287460725920119,0.396755749476071,0.30464250357644,0.0111410210273699,50.6786256273622,0.6392886093451564,1.0641539463901506,0.07487541778895926,0.19365183756274837,0.4410860632554111,50.902088509261496,0.39112424675083235,0.7594324594807303,1.086349577420494,baseline
2050,medium_immigration,0.286306038230049,0.396352791507075,0.30632246975883,0.0110187005040455,50.7128413288,0.64073333291296,1.0656924657762767,0.07461050729551123,0.1935952858278654,0.44266114750208063,50.952164091524104,0.39094191268287903,0.7594192620593219,1.0878416204861314,baseline
2051,medium_immigration,0.286001848797948,0.393974723904933,0.309063784962761,0.010959642334358,50.763391833091,0.6422748240715932,1.0673364880874785,0.07441501705366328,0.19353935557421983,0.4451208072477149,51.01051243648905,0.39074739945644665,0.7594051801291306,1.0894417061089854,baseline
2052,medium_immigration,0.28570013704885,0.391615947580076,0.311782852782625,0.0109010625884503,50.8135319183088,0.6439152837280756,1.0690888474805393,0.07421960964172979,0.19347969692992661,0.4475605032766403,51.06838706624542,0.39054043601692773,0.7593901934769907,1.0911626253554132,baseline
2053,medium_immigration,0.285400862982518,0.389276236164926,0.314479944327385,0.0108429565251712,50.8632666335392,0.6456569084762288,1.0709524214274808,0.0740242437805152,0.1934162282148502,0.4499804813199229,51.12579395837137,0.3903207525106539,0.759374281918862,1.0930070670265744,baseline
2054,medium_immigration,0.285103992944093,0.386955363066341,0.317155326163036,0.0107853178265294,50.9126011385668,0.6475010039449383,1.0729291820424895,0.07382887974701141,0.1933488682491589,0.4523809806489949,51.1827388404482,0.3900881921255002,0.7593574334003772,1.0949668360277198,baseline
2055,medium_immigration,0.284809501326177,0.38465309371907,0.319809264137078,0.0107281408176752,50.9615402931458,0.6494488740811352,1.075021145529602,0.07363349238616611,0.19327757064356257,0.4547622392603513,51.23922730447257,0.38984259889054884,0.7593396358728578,1.0970439597134503,baseline
2056,medium_immigration,0.284774771254463,0.382837198102982,0.321620513993097,0.010767516649457,51.0192337038178,0.6514977993450173,1.0772260415761286,0.0735103935499285,0.1932022893867552,0.45643301189012914,51.27726104071722,0.38958432460256387,0.7593209140427786,1.0992360932061274,baseline
2057,medium_immigration,0.284740308620208,0.381035379306426,0.323417723982404,0.0108065880909622,51.0764801525119,0.6536500979895135,1.0795470505815121,0.07338662750540603,0.19312313419581706,0.4580908345729983,51.3150000155688,0.38931308643027335,0.7593012465784407,1.1015572041473303,baseline
2058,medium_immigration,0.284706108660987,0.379247467081765,0.325201066833574,0.010845357423674,51.133284615317,0.6559081060407213,1.0819874306754562,0.07326215770187462,0.1930400203536913,0.45973586553237517,51.35244783652626,0.3890286001051074,0.7592806119735154,1.1040105759936751,baseline
2059,medium_immigration,0.284672171758299,0.377473304342679,0.326970695537452,0.0108838283615699,51.1896523177553,0.6582732266205711,1.0845494900102124,0.07313694919560382,0.19295286285137397,0.461368245745375,51.38960767000669,0.38873069969351887,0.7592589972348867,1.1065877283354288,baseline
2060,medium_immigration,0.284638496537363,0.375712732818892,0.328726767672467,0.0109220029712783,51.2455881374297,0.6607468656147613,1.0872355947769126,0.07301098051240403,0.19286161307737312,0.46298811909876636,51.426482754669486,0.3884192196679481,0.7592363893329565,1.109291050722223,baseline
2061,medium_immigration,0.284284475653435,0.374888520747023,0.329727760542055,0.0110992430574866,51.2903577415073,0.6632818315482827,1.089995196241457,0.0728669055536871,0.19276622267414273,0.4641016318915723,51.45810380015931,0.3881001119041411,0.7592132194273666,1.112068947870674,baseline
2062,medium_immigration,0.283932547471727,0.374069143587499,0.330722869156701,0.0112754397840728,51.3348640102924,0.6658787639304488,1.0928295187420207,0.07272269936637538,0.19266851628295042,0.4652085959259374,51.48953871579301,0.3877733031349207,0.75918948156187,1.11492004692811,baseline
2063,medium_immigration,0.283582672374183,0.373254575682222,0.331712148199499,0.011450603744096,51.3791096642793,0.6685383079516877,1.0957398152702709,0.0725783480494116,0.19256847284401224,0.4663090758931081,51.52078961163671,0.3874387196849417,0.7591651697240053,1.1178456904024678,baseline
2064,medium_immigration,0.283234849984629,0.372444760719708,0.332695645270109,0.0116247440255545,51.4230964933148,0.6712613448223457,1.098727621294686,0.07243384376759314,0.19246607121446446,0.4674031228684028,51.55185772345061,0.38709625851692514,0.7591402757391544,1.1208501300966989,baseline
2065,medium_immigration,0.282889058746492,0.371639668456934,0.33367340295697,0.0117978698396028,51.4668268739139,0.6740487584212917,1.1017945019545272,0.07228917251158433,0.19236128131007826,0.46849078670494176,51.58274456118362,0.38674581662299695,0.7591147914031948,1.1239349497144884,baseline
2066,medium_immigration,0.282419404143992,0.37129250352547,0.334270422870402,0.0120176694601365,51.4894195788312,0.6768792908488556,1.1049175849294828,0.07214190479994906,0.19225407310592857,0.46929637247588585,51.609607803422364,0.3863900736863635,0.7590889109634172,1.1270768050826574,baseline
2067,medium_immigration,0.281951438266628,0.370946579700527,0.334865300647556,0.0122366813852885,51.5119310446844,0.6797535041421282,1.1080979220342257,0.07199454202224995,0.19214526762892598,0.47009906808956586,51.636374625536405,0.38602896497806477,0.7590626291936787,1.1302763891732792,baseline
2068,medium_immigration,0.281485144911881,0.370601892232529,0.335458052428423,0.0124549104271669,51.5343621062895,0.6826719626567761,1.111336583500669,0.07184707580729274,0.19203484607298535,0.47089889483324876,51.66304578063912,0.38566242569295367,0.7590359408437622,1.1335347940211413,baseline
2069,medium_immigration,0.28102051613224,0.370258434702906,0.336048686368574,0.01267236279628,51.5567131623028,0.6856352651444144,1.1146346941995426,0.07169949931855522,0.19192278963304774,0.4716958668285326,51.68962176034382,0.3852903869292679,0.7590088403459397,1.1368535387546754,baseline
2070,medium_immigration,0.280557550671916,0.369916191504838,0.336637217724146,0.0128890400991003,51.5789844937975,0.6886440129730419,1.1179933991297708,0.07155180613091668,0.1918090782764999,0.47248999944013437,51.71610294074697,0.3849127796899805,0.7589813221054604,1.140233781286756,baseline
2071,medium_immigration,0.280257287809965,0.370547613696372,0.336119737793554,0.0130753607001089,51.5798881239373,0.6916736293240897,1.1213856261907726,0.07148146423080105,0.19169369196725733,0.47223699547280196,51.716690720550005,0.384532693405215,0.7589536108331681,1.1436479023268404,baseline
2072,medium_immigration,0.279957612616424,0.371177797887179,0.335603264335145,0.0132613251612523,51.5807900860467,0.6947254998072852,1.1248131774445485,0.07141093631037997,0.19157757548093518,0.471984488654294,51.71727748333368,0.3841499576573976,0.7589256938088141,1.1471097318501886,baseline
2073,medium_immigration,0.279658509971877,0.371806793859859,0.335087762453981,0.0134469337142833,51.5816901116401,0.6978010317221086,1.1282779014736184,0.07134020282808712,0.19146067717084417,0.47173245005565634,51.717862802857425,0.38376439960955483,0.7588975581093768,1.1506212511394027,baseline
2074,medium_immigration,0.279359981358352,0.372434574381103,0.334573257988534,0.0136321862720104,51.5825884412961,0.7009006406526523,1.1317805473450455,0.07126924350659192,0.19134294469893917,0.47148090263073716,51.71844716729581,0.3833759709885383,0.7588691998808925,1.1541712467998315,baseline
2075,medium_immigration,0.27906202543062,0.373061164223826,0.334059726030368,0.0138170843151867,51.5834848917824,0.7040247455224353,1.135321877327363,0.0711980542198149,0.1912243637981416,0.47122982549640613,51.71903014718474,0.3829846232286748,0.7588406152372177,1.1577604871566514,baseline
2076,medium_immigration,0.278847039659347,0.37365710456487,0.333722279821786,0.0137735759539973,51.5872055378248,0.7071790187415581,1.138908646571324,0.07114096902141555,0.19110492012425126,0.4709192142493029,51.714716468994084,0.3825896501887319,0.7588117522168231,1.161395854010461,baseline
2077,medium_immigration,0.278632616650661,0.374251471636031,0.333385730989272,0.0137301807240362,51.5909164342097,0.7103642089807083,1.1425420707774356,0.07108353082406192,0.19098439871767472,0.4706094280443782,51.71041434048199,0.38219096307936146,0.7587826039006491,1.1650808381121638,baseline
2078,medium_immigration,0.278418770784547,0.374844268043324,0.333050059338625,0.0136869018335034,51.5946171127543,0.7135810742459887,1.1462233926626986,0.07102573280728033,0.1908627731333252,0.4703004494372336,51.70612320396475,0.38178847216254985,0.7587531632812718,1.1688167056804093,baseline
2079,medium_immigration,0.278205477189409,0.375435507870319,0.33271527838826,0.0136437365520127,51.5983084631314,0.7168301912282211,1.1499536633144616,0.07096756111109037,0.190740016661597,0.4699922918678341,51.70184368178697,0.3813821105988669,0.758723425007859,1.1726022569134318,baseline
2080,medium_immigration,0.277992748802741,0.376025192306145,0.33238137406365,0.0136006848274653,51.6019898129724,0.7201121434322995,1.1537339562515394,0.07090901109079253,0.1906161095993459,0.4696849406815927,51.69757526446279,0.3809718108917036,0.7586933836647031,1.1764385797367465,baseline
2081,medium_immigration,0.278004506022302,0.375907287082599,0.332463927830512,0.0136242790645866,51.6051247070423,0.7234626936863405,1.1576060831071293,0.0708591070388792,0.19049103206148033,0.46977871030224344,51.69974021268983,0.3805531104940154,0.7586627117782263,1.1803683014362882,baseline
2082,medium_immigration,0.278016220211925,0.375789793314566,0.332546190539496,0.0136477959340138,51.6082490517657,0.7268830567409015,1.1615722952615968,0.07080827786929512,0.1903634248665142,0.46987215479437006,51.7018977330687,0.38012586914142854,0.7586313980635976,1.1843951546906146,baseline
2083,medium_immigration,0.27802790402277,0.375672665913962,0.332628195515816,0.0136712345474529,51.6113631352903,0.7303744527215277,1.1656348920446513,0.0707565086973996,0.19023324699207925,0.46996530145352655,51.704048243615205,0.3796899464589508,0.7585994311794232,1.1885214055765065,baseline
2084,medium_immigration,0.278039535162014,0.375555938503363,0.332709930902845,0.0136945954317776,51.6144672460654,0.7339379836161234,1.1697960778478669,0.07070378174694321,0.19010045744077952,0.4700581434268583,51.70619191339085,0.3792452173924619,0.7585668008585477,1.1927477665498554,baseline
2085,medium_immigration,0.2780511449101,0.375439588265704,0.3327913870034,0.0137178798207959,51.617560666644,0.7375747604749178,1.1740581104866075,0.07065008850477279,0.18996501993945109,0.4701506684052613,51.70832803867552,0.37879155633049205,0.7585334967434569,1.19707652701719,baseline
2086,medium_immigration,0.278245292555904,0.374995792386958,0.332959783900028,0.01379913115711,51.6139934940957,0.7413062686910723,1.1784473020313064,0.07061451281403434,0.18982689809967232,0.47034622966803863,51.7107765585641,0.3783262985162402,0.7584993218624277,1.2015345025626054,baseline
2087,medium_immigration,0.27843884014264,0.374553378459426,0.333127657532542,0.0138801238653926,51.6104375656314,0.7451341865667667,1.1829669464192438,0.07057756602312823,0.18968528282412045,0.47054117723674516,51.71321722604914,0.37784925261704766,0.758464260591568,1.2061281499749463,baseline
2088,medium_immigration,0.278631770079954,0.374112371722052,0.333294995652387,0.0139608625456073,51.6068929271321,0.7490601963821661,1.1876204150667662,0.07053922452179098,0.1895401184619607,0.4707355068662018,51.715650244289584,0.37736022777856065,0.7584282972579537,1.2108608677200363,baseline
2089,medium_immigration,0.278824092387465,0.373672765384154,0.333461796635189,0.0140413455931919,51.6033590705484,0.7530857352951336,1.1924108628593677,0.07049946849570476,0.18939134960330542,0.47092921414742317,51.718075356515484,0.3768590646670416,0.758391418421405,1.2157326965847859,baseline
2090,medium_immigration,0.279015807759469,0.373234529192142,0.333628086100379,0.0141215769480091,51.5998368100802,0.7572122454912016,1.197341524659312,0.07045827884253514,0.1892389305189126,0.47112232557962896,51.720493183131104,0.3763456043077663,0.7583536105832505,1.220746917761212,baseline
2091,medium_immigration,0.279001066794838,0.372740183936744,0.334207004123785,0.0140517451446318,51.6092760000694,0.7614319605747066,1.2024046396896406,0.07037399815882077,0.189082815673468,0.47158271432234944,51.73019964047724,0.3758208336226713,0.7583149446164388,1.2258956021513887,baseline
2092,medium_immigration,0.278986379727491,0.372247777992489,0.334783654071819,0.0139821882082011,51.6186783873733,0.765745542406825,1.2076025131648263,0.07028860009975353,0.18892330786881847,0.4720413010928944,51.739868176555426,0.375284690716239,0.7582754141760887,1.2311741586475957,baseline
2093,medium_immigration,0.27897175329582,0.371757296027186,0.335358047458802,0.0139129032181916,51.6280438370919,0.7701536460202276,1.212937500115447,0.070202080340899,0.18876039092478278,0.4724980926149213,51.74949881465402,0.37473711530156834,0.7582350129709998,1.2365849381675802,baseline
2094,medium_immigration,0.278957184481208,0.371268723012339,0.335930203342565,0.0138438891638881,51.6373728916749,0.7746574651684244,1.218412671590058,0.0701144329240037,0.1885940491884573,0.47295310558362663,51.759091957928746,0.37417798100948335,0.7581937297626022,1.2421380065003422,baseline
2095,medium_immigration,0.278942671641472,0.370782055353294,0.336500128875833,0.0137751441294004,51.6466656438716,0.779258190674359,1.2240311685156469,0.07002564524722234,0.18842424697778895,0.4734063449584893,51.76864771973759,0.3736071627965524,0.7581515533276769,1.247836548879888,baseline
2096,medium_immigration,0.278642022104138,0.370507329556238,0.337078524395567,0.0137721239440568,51.6669852776642,0.783934839896688,1.2297689392409077,0.06989171421915347,0.1882509490718243,0.4739692801900407,51.78538488138265,0.37302728512559197,0.7581086757396871,1.2536560277718787,baseline
2097,medium_immigration,0.278342624043366,0.370233743892107,0.337654514839202,0.0137691172253244,51.68722022285,0.7886876606461215,1.2356277224166468,0.06975720004598533,0.18807495466015184,0.47452987525156887,51.8020524513975,0.3724383364736789,0.7580650944743166,1.259590711019901,baseline
2098,medium_immigration,0.278044464249211,0.369961291011107,0.338228122667348,0.0137661220723333,51.7073714925322,0.7935168919074855,1.2416092859931547,0.06962210152738951,0.18789626229349427,0.4750881506283315,51.8186510521919,0.3718403069173344,0.7580208070829922,1.2656423724071073,baseline
2099,medium_immigration,0.277747541993441,0.369689972158092,0.338799345441249,0.0137631404072174,51.7274391344283,0.7984233414629516,1.2477161485780897,0.06948642037608889,0.1877148710048912,0.47564410596460366,51.835180706359864,0.3712331166789364,0.7579758058946862,1.2718211094573886,baseline
2100,medium_immigration,0.277451846285389,0.369419766911728,0.339368216363937,0.0137601704389475,51.7474239997004,0.8034078113718015,1.2539508776768038,0.06935014750798202,0.1875307586443868,0.4761977711797878,51.8516422156724,0.37061668740224357,0.7579300832829404,1.278129522335557,baseline
2020,high_immigration,0.31886598407606,0.383868770453639,0.291250211726979,0.0060150337433209,49.5040238818664,0.5771085424348712,1.0,0.08131471645798112,0.19601787182718658,0.41970882331186093,49.928308042379754,0.39899999999999997,0.7599999999999999,1.0,baseline
2021,high_immigration,0.318223608926294,0.380222930875871,0.295311781895945,0.0062416783018909,49.6173584069879,0.5782865169929823,1.001178668642652,0.08101013701944496,0.19601787182718658,0.4236645728391082,50.027693669916474,0.39885029657054644,0.7599892567075139,1.0124928748320747,baseline
2022,high_immigration,0.317591531638809,0.37663542849988,0.299308343882478,0.0064646959788329,49.7288788446516,0.5806659994902925,1.0035637923160168,0.0806914222014474,0.19597169645355217,0.42755700612935854,50.12548830132479,0.39854795665528553,0.7599675544912345,1.026120232533642,baseline
2023,high_immigration,0.316969483533339,0.373104881340249,0.30324146148853,0.0066841736378813,49.8386289411471,0.583203005686028,1.0061130722771177,0.0803582952173598,0.1958784563972842,0.43138764908376936,50.221730563892514,0.39822568680016396,0.759944414091618,1.0286406142552942,baseline
2024,high_immigration,0.316357230627638,0.369629946034243,0.30711263063569,0.006900192702429,49.9466503345144,0.5858983949727956,1.0088285967271138,0.08002758542276733,0.19577909263656548,0.4351579564101614,50.31645695415422,0.3978833945457163,0.7599198273849735,1.0313265480159706,baseline
2025,high_immigration,0.315754543135848,0.366209308819158,0.310923311334498,0.0071128367104942,50.0529839103252,0.5887532203469399,1.0117127411086733,0.07969919384670676,0.19567358090486664,0.43886935177011577,50.4097032414826,0.3975209641134308,0.759893784461448,1.0341826867869606,baseline
2026,high_immigration,0.314325894818543,0.366538588603669,0.311598343745939,0.0075371728318484,50.1198268390875,0.5915890117659244,1.0145858192181387,0.07939041085822379,0.19556189001293678,0.4400730806972272,50.46114748696562,0.3971610613656549,0.7598679132606572,1.0370276431331265,baseline
2027,high_immigration,0.312913057417045,0.366864214437128,0.312265915799751,0.0079568123460761,50.1859302910596,0.5944059897984036,1.01744791452009,0.07908516717686383,0.19545100691412728,0.44126349671868764,50.51202258775206,0.39680365644075327,0.7598422118085519,1.0398639158988252,baseline
2028,high_immigration,0.311515750686577,0.367186273526579,0.312926139996701,0.0083718357901422,50.2513066902855,0.5972043932694963,1.0202991318633228,0.07878340013540507,0.1953409216892246,0.44244081560517234,50.562338154518216,0.39644871719654684,0.7598166779636519,1.0426918127877316,baseline
2029,high_immigration,0.310133752508536,0.367504787332936,0.313579142387347,0.0087823177711808,50.3159672601612,0.5999842567691238,1.023139370086947,0.07848505516777751,0.19523162373539468,0.44360525126639466,50.61210287086857,0.3960962374208867,0.7597913114473267,1.045508991382937,baseline
2030,high_immigration,0.308766785860204,0.367819848259585,0.314225033473055,0.009188332407156,50.3799242953004,0.6027456103803726,1.0259685240308685,0.07819007388028386,0.19512311045044284,0.4447570114131594,50.66132605532579,0.39574621147866995,0.7597661120217373,1.0483153387846875,baseline
2031,high_immigration,0.307050385846471,0.370249704109914,0.313211782626203,0.0094881274174112,50.4064121393787,0.6053917768060664,1.0286870026801664,0.07793064412884793,0.19501537942039185,0.4443723611622821,50.68024178644181,0.3954108867308918,0.7597419620696234,1.051009097825649,baseline
2032,high_immigration,0.305349687746675,0.372657335821681,0.312207796414592,0.0097851800170522,50.4326576377302,0.6079220536083876,1.031293161300797,0.07767524394218883,0.19491219809639246,0.4439912256264785,50.69898438324513,0.39509033961469403,0.7597188682191628,1.0535931799006664,baseline
2033,high_immigration,0.303664456473963,0.375043064543872,0.311212948098067,0.0100795308840978,50.4586644461721,0.6103357220014167,1.0337853674778918,0.07742383305661803,0.1948135866872465,0.4436135626128539,50.71755666563196,0.39478464902886173,0.7596968372399183,1.0560660804111164,baseline
2034,high_immigration,0.301994497762944,0.377407162422649,0.310227124267417,0.0103712155469907,50.48443586925,0.6126316264955025,1.036161566668424,0.07717637737699083,0.1947195663031313,0.4432393311685254,50.73596084868007,0.39449394956716244,0.7596758798798746,1.0584212683736893,baseline
2035,high_immigration,0.300339601374637,0.37974996254288,0.30925016803822,0.0106602680442639,50.5099742854081,0.6148085741808378,1.038419693212502,0.07693284971896154,0.194630175322545,0.44286845226803995,50.754198512058345,0.39421838093282896,0.7596560072213312,1.060656655526348,baseline
2036,high_immigration,0.299204042512136,0.381945023560312,0.307919484106165,0.0109314498213868,50.5302717666333,0.6168941919678362,1.0405876998257466,0.07678520322313225,0.1945454538253771,0.4420852341579762,50.75572815771321,0.3939544363636952,0.7596369672305477,1.0628008143497698,baseline
2037,high_immigration,0.298074555761762,0.384128354621768,0.306595907563055,0.0112011820534154,50.5504606195191,0.61888841899041,1.0426649384904143,0.0766396811090441,0.1944643212559309,0.4413061972905591,50.75724947805946,0.3937021155809312,0.7596187605986976,1.0648662928258734,baseline
2038,high_immigration,0.296951068091089,0.386300062157777,0.305279393079556,0.0114694766715781,50.5705424491667,0.6207911647832987,1.0446507534669383,0.0764962664801358,0.19438677552046396,0.4405313225623574,50.7587632084802,0.39346142236364273,0.7596013882813776,1.066852263796723,baseline
2039,high_immigration,0.295833571102799,0.38846022655396,0.303969856599785,0.0117363457434554,50.5905168360559,0.6226011050982793,1.0465432210908112,0.0763549543487153,0.19431281587013494,0.4397605464434965,50.76026818287208,0.3932325168288035,0.7595848624938037,1.0687433552695722,baseline
2040,high_immigration,0.294721989580413,0.390608937631894,0.30266727153758,0.0120018012501134,50.6103857348563,0.6243168796290472,1.0483403946263077,0.07621574615364111,0.19424248967969146,0.43899386707186216,50.76176555122286,0.39301556385145703,0.7595691957766467,1.0705375906101409,baseline
2041,high_immigration,0.293644418805179,0.391687375214779,0.302597144976532,0.0120710610035092,50.6329557264256,0.6259773014347109,1.0500825278150154,0.07603271024903038,0.19417584585160663,0.43915472256126026,50.781332931047,0.3928056501977318,0.7595540338202251,1.0722760881736293,baseline
2042,high_immigration,0.292571672232722,0.392760971214801,0.302527346021445,0.0121400105310313,50.655424994486,0.6275808589006939,1.0517677463036224,0.07585133215470494,0.19411137379556287,0.4393148700623204,50.80081297755268,0.39260296302924547,0.7595393904939124,1.0739502976789899,baseline
2043,high_immigration,0.291503724586868,0.393829784310589,0.302457839757746,0.0122086513447982,50.6777932645644,0.6291260039364837,1.0533941361961814,0.0756716259124248,0.19404913002870564,0.4394742833042596,50.82020548090114,0.3924076941005661,0.7595252800002295,1.0755581783264765,baseline
2044,high_immigration,0.290440529580823,0.394893816157201,0.302388669470417,0.0122769847915591,50.70006246341,0.6306117552397672,1.0549603811440242,0.07549359914285025,0.1939891724835005,0.4396330093986551,50.839512157886496,0.39221996355012384,0.7595117113652823,1.0771049700292479,baseline
2045,high_immigration,0.289382090710484,0.395953105628258,0.302319787435766,0.0123450162254916,50.7222317720074,0.6320371155212879,1.05646515193538,0.075317262264611,0.1939315371139391,0.4397910096885593,50.85873215615933,0.3920398935901205,0.7594986937600855,1.078589330043573,baseline
2046,high_immigration,0.288925771090532,0.395097247225682,0.303768617666277,0.0122083640175092,50.7337317508848,0.6334996636132775,1.0580114134929148,0.07516584227967829,0.1938762605311507,0.4410404178518278,50.89152646177527,0.39185515611404914,0.7594853360235908,1.0801163883564335,baseline
2047,high_immigration,0.288473622701139,0.394249199981426,0.30520421605035,0.0120729612670851,50.7451266238524,0.6350003256892942,1.0596003230070778,0.07501513152659249,0.19381955815356602,0.4422784161805208,50.92402124238317,0.3916656365732882,0.7594716296577213,1.0816907103011382,baseline
2048,high_immigration,0.288025598294487,0.393408858136186,0.306626754678091,0.0119387888912358,50.7564175467811,0.6365400307028003,1.0612330515743469,0.07486510414600411,0.1937613953501717,0.44350514946822106,50.956220184590975,0.3914712202184393,0.7594575661366757,1.083313360157721,baseline
2049,high_immigration,0.287581618754485,0.392576127487281,0.308036424055318,0.0118058297029172,50.7676065388872,0.6381194029749478,1.0629104579061357,0.07471572870836717,0.1937017374578298,0.44472078556923894,50.988127958841915,0.39127183091165063,0.7594431397148834,1.0849816822279952,baseline
2050,high_immigration,0.287141638950333,0.391750890900729,0.309433399782245,0.0116740703666929,50.7786950094952,0.6397390747793407,1.0646334189444484,0.07456698388993024,0.19364056168962815,0.4459254772914941,51.0197484601982,0.39106739164529813,0.7594283445720891,1.086696558663215,baseline
2051,high_immigration,0.287784137586958,0.388843388288858,0.311774238590171,0.0115982355340133,50.8029588506324,0.6415279608100383,1.066539631285385,0.07452649947253243,0.19357784501662814,0.44786760607372217,51.053008547819076,0.3908416381443571,0.7594120029932464,1.0885985215810474,baseline
2052,high_immigration,0.28841945633501,0.385968373196903,0.31408892268472,0.0115232477833659,50.8269514982613,0.6434894402905909,1.0686336799326865,0.07448369496422529,0.19350859966401066,0.4497880349710258,51.08589702522433,0.39059415743390946,0.7593940838914707,1.0907080536589318,baseline
2053,high_immigration,0.289047702524118,0.383125321039393,0.316377883997989,0.0114490924385001,50.8506778122163,0.6456268978254056,1.0709202819305792,0.07443851958968647,0.19343270192265993,0.45168712341422257,51.118420205161975,0.3903245375909416,0.7593745561035367,1.093029614749705,baseline
2054,high_immigration,0.289669018557916,0.380313676145244,0.31864154698382,0.011375758313021,50.87414172239,0.6479423105501635,1.073402777270129,0.07439092812330135,0.19335002875771606,0.45356522198346955,51.150583743460054,0.39003254599412085,0.7593534012973824,1.095550365757042,baseline
2055,high_immigration,0.290283510328612,0.377532931163254,0.320880329151843,0.0113032293562913,50.8973475669742,0.6504376617762745,1.0760846389082515,0.07434089190259835,0.19326051246264905,0.4554226761080291,51.18239364765305,0.38971795097523426,0.7593306010578408,1.098273825095101,baseline
2056,high_immigration,0.291266765635539,0.37517354402654,0.322230110589303,0.0113295797486182,50.9320196859302,0.6531195330953523,1.078974432733775,0.07437979222969442,0.19316408595510434,0.4565137064587982,51.19298599549699,0.38937994321875313,0.7593060949230567,1.101208711243723,baseline
2057,high_immigration,0.292239220425011,0.372840069318847,0.323565068788859,0.0113556414672826,50.9663111805368,0.6559913111080251,1.0820774612578958,0.07441502468248497,0.1930605054921352,0.45759275616677575,51.20346208309159,0.38901811854493473,0.7592798515883593,1.1043740251937335,baseline
2058,high_immigration,0.293201057684062,0.370532090480085,0.324885431764027,0.0113814200718253,51.0002276685355,0.6590564108994428,1.0853992248264872,0.07444655150392607,0.19294965194690242,0.4586600079996578,51.2138234380001,0.38863207147441486,0.7592518394542129,1.1077753078509853,baseline
2059,high_immigration,0.294152448631196,0.368249185343212,0.326191450126876,0.0114069158987147,51.0337754193552,0.6623170734801966,1.0889441216795646,0.07447433236967795,0.1928314062065175,0.45971566212835224,51.22407208640232,0.38822154673457615,0.7592220376161992,1.1114032888318037,baseline
2060,high_immigration,0.295093553715762,0.365990947340397,0.327483361128645,0.0114321378151963,51.0669610972017,0.6657755513398655,1.0927167307969936,0.0744983435472351,0.1927056955708469,0.4607599159920929,51.23421023591057,0.38778628991194836,0.7591904250310925,1.1152626252303899,baseline
2061,high_immigration,0.29488975166551,0.365514401593066,0.327995178189223,0.011600668552201,51.0937303708615,0.6693155083854333,1.0965917557513432,0.07438464213536954,0.1925724479832299,0.46140279931745515,51.25315330048017,0.38734096415722913,0.7591580647419863,1.1192254188194681,baseline
2062,high_immigration,0.294687829071622,0.365042256306628,0.328502272484249,0.0117676421375007,51.1202524254807,0.6729363262400768,1.1005695117790415,0.07427042542212087,0.19243615659668423,0.4620397487988315,51.271921526125354,0.3868856608508811,0.7591249621976126,1.1232716918944634,baseline
2063,high_immigration,0.294487772505042,0.364574460798758,0.329004691617933,0.0119330750782678,51.146529923256,0.6766373967085475,1.1046503441634556,0.07415570180632267,0.19229685178816894,0.46267082415082444,51.29051660340764,0.3864204703473731,0.759091122751071,1.1274020549140797,baseline
2064,high_immigration,0.294289549481839,0.364110942141933,0.329502515455513,0.0120969929207146,51.1725667964897,0.680419880019859,1.1088365778435059,0.0740404747564575,0.19215456361665412,0.46329612511632895,51.30894147725985,0.38594526112937577,0.7590565355816788,1.1316395741106533,baseline
2065,high_immigration,0.294093134416492,0.363651670278752,0.329995781077669,0.0122594142270876,51.1983656218806,0.684284940233036,1.1131305909474691,0.07392472494307516,0.19200925430057586,0.4639157056118072,51.32719790319097,0.38545990186282336,0.7590211898249168,1.1359866665139677,baseline
2066,high_immigration,0.293534659867515,0.363914109633305,0.330081592422829,0.0124696380763508,51.2086088438694,0.6881905030655757,1.1174864929989479,0.07377304086143126,0.1918608861872613,0.46426590846913457,51.34509926210375,0.3849696877387232,0.7589854700794202,1.1403964863493905,baseline
2067,high_immigration,0.292980042082814,0.364174747803748,0.33016680006361,0.0126784100498281,51.2187811395341,0.6921367704833161,1.1219051063166545,0.07362160374402589,0.19171107975349994,0.4646136827896722,51.36287677134271,0.3844746015568747,0.7589493743854742,1.144864394266306,baseline
2068,high_immigration,0.292429242080774,0.364433585849704,0.330251426799355,0.0128857452701663,51.2288834882295,0.6961239480292442,1.1263872708200906,0.07347040514887025,0.19155983081069858,0.4649590685504531,51.38053203031359,0.38397462584714415,0.7589129007487191,1.1493912928140746,baseline
2069,high_immigration,0.291882217430638,0.364690650873189,0.330335474829268,0.0130916568669057,51.2389166120414,0.7001527084022857,1.1309343686549607,0.07331943719157517,0.19140713509006305,0.4653020859119607,51.39806622598986,0.3834696847857647,0.7588760428987584,1.1539841484102098,baseline
2070,high_immigration,0.291338947814412,0.364945958965933,0.330418932180687,0.0132961610389678,51.248880547782,0.7042237274834094,1.1355478083782067,0.07316868887727303,0.1912529705114247,0.4656427417255276,51.415479968550045,0.38295970245384625,0.7588387945323053,1.1586443884974365,baseline
2071,high_immigration,0.290917364215362,0.366228553847397,0.329383539801183,0.0134705421360572,51.2407245643533,0.7083089996989753,1.1401963190398574,0.07308985051345579,0.1910973149892291,0.4649310691112119,51.407468457404526,0.38244819347406306,0.7588014118089318,1.1633400970295602,baseline
2072,high_immigration,0.290498162044465,0.367503918123591,0.328353980117673,0.0136439397142695,51.2326144631722,0.7124100115243515,1.1448818788286148,0.0730109934428708,0.1909412418477596,0.4642234035420786,51.39950192786047,0.38193497559073275,0.758763881083104,1.1680845846569143,baseline
2073,high_immigration,0.290081308608841,0.368772113239858,0.327330215514854,0.0138163626364468,51.2245501418581,0.7165282684641145,1.1496065185339321,0.07293209300405189,0.19078469559818387,0.4635197240448446,51.39158047005398,0.3814198645808055,0.7587261885291761,1.1728800223043105,baseline
2074,high_immigration,0.289666796475984,0.370033197432927,0.326312187344496,0.0139878187465925,51.2165309067769,0.7206643552744537,1.1543712377458768,0.07285312902447387,0.19062762021541282,0.46281998601058216,51.38370328033125,0.3809027917233584,0.758688328743981,1.1777161346594718,baseline
2075,high_immigration,0.289254608087133,0.371287232708434,0.325299842582338,0.0141583166220962,51.2085562292513,0.7248188601651225,1.1591770546813915,0.07277409307347975,0.19046999494245065,0.4621241520709208,51.37586986709593,0.3803836880570504,0.7586502962902257,1.182593950616812,baseline
2076,high_immigration,0.289050514874763,0.372472480481869,0.324388737993873,0.0140882666494952,51.2037624674144,0.7290052113116307,1.164039948662092,0.07273120043548614,0.19031179896904382,0.46127172694781693,51.35908288237872,0.3798608817409514,0.7586119681654613,1.187529764473927,baseline
2077,high_immigration,0.288847770918795,0.373649920263344,0.323483631467186,0.0140186773506747,51.1990000803616,0.7332247669972466,1.1689620572984611,0.07268775126412699,0.19015252325319443,0.46042491229825544,51.342406297460364,0.37933421069624934,0.758573331837359,1.1925315791435687,baseline
2078,high_immigration,0.288646356664029,0.374819621770503,0.32258447678311,0.013949544782358,51.1942691563404,0.7374788951050737,1.1739455643663512,0.07264372653355904,0.18999211911400854,0.45958366590931693,51.32583940990361,0.37880351211106955,0.7585343746794923,1.1976016146276518,baseline
2079,high_immigration,0.288446260673294,0.375981669653171,0.32169120395618,0.0138808657173556,51.1895692376615,0.7417684973456424,1.1789921400523784,0.07259910938996071,0.1898305376997219,0.4587479236051879,51.309380921720326,0.3782686817586668,0.7584950883287863,1.202735686561445,baseline
2080,high_immigration,0.288247478049963,0.377136131961015,0.320803756530863,0.0138126334581578,51.1848996876639,0.7460944819793442,1.1841034897724652,0.07255389025334648,0.1896677480400266,0.4579176292826243,51.29302958521666,0.37772961495702656,0.7584554643576363,1.207935524193243,baseline
2081,high_immigration,0.288413218929404,0.376896318966826,0.320880220408779,0.0138102416949913,51.1815739692034,0.7505219940056298,1.189357745270301,0.07251119114780838,0.1895037190562391,0.4579594330539827,51.29158544860826,0.377178209576337,0.7584149058559458,1.2132808216603186,baseline
2082,high_immigration,0.288577718512433,0.376658301533312,0.320956109700234,0.0138078702540207,51.1782733862588,0.7550525499921871,1.1947584219194296,0.07246689010831248,0.18933598733159254,0.4580009241819643,51.290152162784715,0.3766142999698946,0.7583733986096226,1.2187756690112972,baseline
2083,high_immigration,0.288740974575497,0.376422076308175,0.321031434346191,0.013805514770137,51.1749975368056,0.7596876575884863,1.200309109836795,0.0724209676832573,0.18916450557591957,0.4580421080183707,51.288729832341794,0.3760377227312308,0.758330928472349,1.2244235622297115,baseline
2084,high_immigration,0.288903018747578,0.376187612576122,0.321106190360546,0.013803178315754,51.1717460698525,0.7644287758706745,1.2060134290425233,0.0723734098192981,0.18898922726450623,0.4580829789965334,51.287317917758806,0.3754483216585953,0.7582874817286755,1.2302275031620904,baseline
2085,high_immigration,0.289063856821507,0.375954889493292,0.321180395534763,0.0138008581504377,51.1685188747705,0.7692773656595722,1.2118750923569024,0.07232419890273525,0.18881010814431662,0.4581235497934547,51.285916589907224,0.37484594152681205,0.7582430446327368,1.2361912602036584,baseline
2086,high_immigration,0.289410457101224,0.375274360585668,0.321457347311434,0.0138578350016735,51.160908218344,0.7742592163471507,1.2179275367883657,0.07228738548023361,0.1886271043372185,0.4583720955166132,51.287127914508275,0.37422740877384786,0.7581973804110863,1.242348921544393,baseline
2087,high_immigration,0.289754389570626,0.374599061140666,0.321732172951477,0.0139143763372303,51.1533562601397,0.7793761761543663,1.224175594940551,0.07224839350519988,0.18843925552234622,0.45861873592424274,51.28833011982907,0.37359252879901667,0.7581504716482718,1.2487077657114305,baseline
2088,high_immigration,0.290095690755911,0.373928923706644,0.322004903037404,0.0139704825000404,51.1458619934278,0.784630087335182,1.2306242302308377,0.07220720389931617,0.18824650694851747,0.4588634933703133,51.28952318877084,0.3729411095517579,0.7581023009618029,1.2552727873234,baseline
2089,high_immigration,0.290434388258837,0.373263903192558,0.322275545228683,0.0140261633199227,51.1384249834465,0.79002259883611,1.2372783105233385,0.07216379728412267,0.18804880475216515,0.4591063794549196,51.290707091301684,0.3722729847987114,0.7580528527195933,1.2620464866171663,baseline
2090,high_immigration,0.290770512069365,0.372603935426874,0.322544132833849,0.0140814196699122,51.1310444344137,0.7955553530307011,1.2441428396508813,0.07211815687167178,0.18784610301048812,0.4593474204429804,51.291881995395414,0.3715879909922937,0.7580021113279489,1.2690339421009231,baseline
2091,high_immigration,0.290773704214159,0.37191730254951,0.323323215068809,0.0139857781675227,51.1419002477328,0.8012127514758267,1.2512013991327182,0.0720067879037238,0.18763835670973403,0.45996203828057475,51.30449071173787,0.37088809860247385,0.7579502193222761,1.2762183808989964,baseline
2092,high_immigration,0.290776859948253,0.371236312429297,0.324095903998899,0.0138909236235513,51.1526672266323,0.8069952318138658,1.2584574052602198,0.07189404238658541,0.18742616778660115,0.4605716158679673,51.31699620140188,0.37017329179359465,0.757897172187284,1.2835922637408341,baseline
2093,high_immigration,0.290779988805675,0.370560904268498,0.3248622605836,0.0137968463422272,51.1633460752329,0.8129032136552337,1.2659143548300342,0.0717799203092259,0.18720953545195587,0.46117619791239334,51.32939922101063,0.3694435582522617,0.7578429655597225,1.2911590895799054,baseline
2094,high_immigration,0.290783096554764,0.369891018235496,0.325622349192769,0.0137035360169709,51.1739372451958,0.8189379309330851,1.2735768874139197,0.07166442137862586,0.18698845998146776,0.4617758322055514,51.34170064266462,0.36869878652452576,0.7577875875896343,1.298934648105744,baseline
2095,high_immigration,0.29078618122848,0.369226559542322,0.326376275611942,0.0136109836172548,51.1844427145655,0.8251006023688522,1.2814497573579533,0.07154753069307876,0.18676291162286354,0.46237060612200515,51.35390234106665,0.3679388687215025,0.7577310265483765,1.3069237601014105,baseline
2096,high_immigration,0.290420170011509,0.36895609635169,0.327041619013531,0.0135821146232701,51.208148681697,0.8313601069326026,1.2894961549210786,0.07137851454344006,0.18653286173203204,0.46299833477139457,51.37273390107896,0.36716768127000615,0.7576735675747666,1.315088853615127,baseline
2097,high_immigration,0.290057218643465,0.368687896731534,0.327701396762352,0.0135534878626495,51.2316563656395,0.8377166299509835,1.2977189734925503,0.07120910261013355,0.18629948718355677,0.46362081336598165,51.39140798879723,0.3663852361716108,0.7576152085376074,1.3234237857201336,baseline
2098,high_immigration,0.289697296909399,0.368421932117017,0.328355672011743,0.0135250989618409,51.2549679249269,0.8441703430917369,1.3061211629822762,0.07103929209700871,0.1860627942741094,0.46423809933981564,51.40992626265651,0.36559154797965543,0.7575559474234044,1.3319315403697851,baseline
2099,high_immigration,0.28934036281533,0.368158177911653,0.329004512561193,0.0134969467118235,51.2780857917271,0.8507220691019273,1.314706604999232,0.07086907843049785,0.1858227900192093,0.46485025892341547,51.428290776666174,0.36478655216891614,0.7574957762309457,1.3406252315546583,baseline
2100,high_immigration,0.288986378770696,0.367896604568806,0.329647990270842,0.0134690263896574,51.3010127350482,0.857372614585755,1.3234792602105743,0.07069844846158004,0.18557945747750945,0.4654573581788452,51.44650348181428,0.3639701873949445,0.7574346870954953,1.3495088679496343,baseline
2020,low_immigration,0.318865981332888,0.383868773685741,0.291250211022057,0.0060150339593141,49.5040238638905,0.5771085536107421,1.0,0.08131471589690525,0.19601787138905247,0.4197088232833008,49.92830808287469,0.39899999999999997,0.7599999999999999,1.0,persistent_theta0_plus_0p05
2021,low_immigration,0.318615071764913,0.380497815555189,0.294699279238067,0.0061878334418306,49.593985729983,0.5805050171731281,1.0034022380805474,0.08110034112815655,0.19601787138905247,0.47300614064717084,50.006950748851175,0.39856841024516954,0.7599690228846211,1.0147415724971711,persistent_theta0_plus_0p05
2022,low_immigration,0.318367541566906,0.377172247872283,0.298101905424053,0.0063583051367573,49.6827361570511,0.5851596408113982,1.0080835843571483,0.08083392456100293,0.195884763092369,0.47625905826969334,50.084534437731264,0.3979772017424863,0.7599265663998576,1.0307541114310534,persistent_theta0_plus_0p05
2023,low_immigration,0.318123319859017,0.373891163897355,0.301459019260572,0.0065264969830566,49.7702995239681,0.5900271070292157,1.0130023584206478,0.08055038540058589,0.19570249397521297,0.4794684666404132,50.1610804456619,0.39735927723758013,0.7598821630072352,1.0357165585173054,persistent_theta0_plus_0p05
2024,low_immigration,0.317882352261119,0.370653671681837,0.304771522473296,0.0066924535837486,49.8566992647039,0.5951079276983018,1.0181623391091201,0.0802666540238725,0.1955120716220551,0.48263522561217226,50.23660911920069,0.396714616403126,0.7598358072996478,1.04091527180986,persistent_theta0_plus_0p05
2025,low_immigration,0.317644554421043,0.367458921124121,0.308040303896572,0.0068562205582632,49.9419586805004,0.6004032159955275,1.023568102133425,0.0799826917492499,0.1953135001748227,0.4857601888461952,50.31114110259017,0.3960431251984319,0.7597874883480418,1.0463620211156133,persistent_theta0_plus_0p05
2026,low_immigration,0.316580213265747,0.368078518942014,0.308137188223776,0.0072040795684626,49.9855132778071,0.6057331844948857,1.0290382527901665,0.07972059208057942,0.195106761409929,0.4863201090231527,50.34231445916304,0.395367631794698,0.7597388462303227,1.0518736798793522,persistent_theta0_plus_0p05
2027,low_immigration,0.315524927261584,0.368692844174087,0.308233252601537,0.0075489759627912,50.0286972312417,0.6110986283716966,1.0345743382795418,0.0794599144664649,0.19489888964614338,0.48687526661865776,50.373222591818106,0.39468804561823717,0.7596898735569524,1.0574549503519872,persistent_theta0_plus_0p05
2028,low_immigration,0.314478593114607,0.369301962280767,0.308328498002175,0.00789094660245,50.0715147176814,0.6165003681331684,1.040177960648132,0.07920062929053996,0.19468985801014338,0.4874257111769715,50.40386845191256,0.39400427326988047,0.7596405627022165,1.0631077412157373,persistent_theta0_plus_0p05
2029,low_immigration,0.313441104690573,0.369905927698373,0.308422937246679,0.0082300303643753,50.1139705321444,0.621938959654174,1.0458504749474085,0.07894270562590412,0.19447963879610483,0.48797150514636295,50.43425533896201,0.39331625521466435,0.7595909084515481,1.068830533409591,persistent_theta0_plus_0p05
2030,low_immigration,0.312412335336828,0.370504818118217,0.308516583548434,0.0085662629965207,50.1560694813388,0.627414954161295,1.0515932557711216,0.07868611404031131,0.19426821473894554,0.4885127115899351,50.464386823968056,0.3926239328278713,0.7595409056290211,1.0746247146879526,persistent_theta0_plus_0p05
2031,low_immigration,0.310963804974185,0.37320016018657,0.307046179478853,0.0087898553603923,50.163430933939,0.6328312943869436,1.0573044956701534,0.07844965041892772,0.1940555688695981,0.487607860609193,50.4671475910208,0.3919395767860541,0.7594914405348436,1.080386237823944,persistent_theta0_plus_0p05
2032,low_immigration,0.309525378438151,0.375876709434386,0.305586021831191,0.0090118902962728,50.170740964005,0.6381879628902424,1.0629833215754732,0.07821559120195656,0.19384546849092096,0.4867093141489948,50.46988896799254,0.39126317773422414,0.759442513558412,1.0861169669394823,persistent_theta0_plus_0p05
2033,low_immigration,0.308096944422718,0.37853466138116,0.304136011939847,0.0092323822562748,50.1780002425068,0.6434849530063305,1.068628872737495,0.07798391216366982,0.19363790651173066,0.48581701311310194,50.472611370215745,0.3905947249422061,0.7593941249882101,1.0918162374227969,persistent_theta0_plus_0p05
2034,low_immigration,0.306678398547389,0.381174214582167,0.302696040129217,0.0094513467412267,50.1852092423707,0.6487220221889789,1.074240036275693,0.07775459059116367,0.19343287552024158,0.484930888401291,50.475314903612436,0.38993423741227534,0.7593462772654441,1.0974803496857404,persistent_theta0_plus_0p05
2035,low_immigration,0.305269634789146,0.383795555879553,0.301266007002827,0.009668802328473,50.1923687740729,0.65389891966286,1.0798156866385653,0.0775276067330111,0.1932303773182043,0.4840508831797981,50.478000002264864,0.3892817351092159,0.7592989729051566,1.1031081646535268,persistent_theta0_plus_0p05
2036,low_immigration,0.304321352312548,0.386189646788926,0.299624044760655,0.0098649561378712,50.1991482738839,0.6590451781213713,1.0853870207162057,0.07737986351036573,0.19303041408454064,0.48289189796179144,50.4677383919486,0.3886334873872082,0.7592519422174625,1.1087315615570454,persistent_theta0_plus_0p05
2037,low_immigration,0.303376507994497,0.388575058575837,0.297988034578721,0.0100603988509443,50.2059031189322,0.6641616419289762,1.0909545951256734,0.07723306089526297,0.19283183941348236,0.4817371138875242,50.45751396662449,0.3879893830238003,0.7592051775967196,1.1143626569128409,persistent_theta0_plus_0p05
2038,low_immigration,0.302435082222799,0.390951839451784,0.296357943481029,0.0102551348443875,50.2126335837627,0.6692491539230958,1.0965189821544785,0.07708718066126054,0.19263461691340789,0.48058650815945503,50.44732654347539,0.3873493112095942,0.7591586714464977,1.1200020137438313,persistent_theta0_plus_0p05
2039,low_immigration,0.301497058056274,0.393320033797623,0.294733740373827,0.0104491677722763,50.2193397672638,0.674307545874691,1.1020796571284501,0.07694220506663417,0.19243871041317098,0.47944005862305183,50.43717590854618,0.386713288445693,0.7591124254099046,1.1256374095467936,persistent_theta0_plus_0p05
2040,low_immigration,0.300562411884276,0.395679682888375,0.293115405613411,0.0106424996139379,50.2260219382537,0.6793366447754815,1.1076360849221367,0.0767981305960367,0.19224412277503594,0.47829775292197263,50.42706214251849,0.3860813317480212,0.7590664411739473,1.1312682970264702,persistent_theta0_plus_0p05
2041,low_immigration,0.299615108776062,0.396881253423214,0.292839527628303,0.0106641101724227,50.2402229264965,0.6843753181668202,1.1132311854952404,0.07659668464043685,0.19205085704527008,0.47821100770424385,50.43878150924395,0.38544855667682315,0.7590203633836968,1.1369385116123658,persistent_theta0_plus_0p05
2042,low_immigration,0.298670773564314,0.398079075342869,0.292564498923649,0.0106856521691665,50.2543790922149,0.6894228162275591,1.1188644226620812,0.07639580942469477,0.19185741822051064,0.4781245199488869,50.450463832256986,0.3848150614146514,0.7589741988634815,1.1426385360841893,persistent_theta0_plus_0p05
2043,low_immigration,0.297729370607867,0.399273163567456,0.292290338152342,0.0107071276723364,50.2684915994994,0.69447836662119,1.1245352205586314,0.07619550977928168,0.1916638359582785,0.4780383136510306,50.462110171415496,0.38418094675516196,0.7589279546471263,1.1483675937204794,persistent_theta0_plus_0p05
2044,low_immigration,0.296790899094337,0.400463545197137,0.292017019244716,0.0107285364638097,50.2825598678651,0.6995419405949226,1.130243828616308,0.07599579802907794,0.19147014066214874,0.4779523652735226,50.4737200128896,0.3835462200887625,0.7588816309690514,1.1541348090293733,persistent_theta0_plus_0p05
2045,low_immigration,0.295855331452418,0.401650226820198,0.291744562805735,0.0107498789216485,50.2965850026759,0.7046135071996588,1.1359904954571522,0.0757966689959936,0.1912763341698629,0.4778666978367826,50.485294262807635,0.3829108890879264,0.7588352280838694,1.1599404349811595,persistent_theta0_plus_0p05
2046,low_immigration,0.293968271416313,0.40174528573375,0.293659021545883,0.0106274213040537,50.3526962269062,0.7096804958740285,1.1417611540161074,0.07536378342917964,0.191082418398433,0.4797625578524961,50.55287203090581,0.3822765308230585,0.7587888610015294,1.1657701062926826,persistent_theta0_plus_0p05
2047,low_immigration,0.292088132009952,0.401839989512885,0.295566465442634,0.0105054130345291,50.4086018520233,0.7147388784214805,1.1475512506267218,0.07493307040726058,0.19088887399374824,0.481651470827954,50.620202096231665,0.38164364994816846,0.7587425666073352,1.1715821731109777,persistent_theta0_plus_0p05
2048,low_immigration,0.290214870551677,0.401934347753327,0.297466930532547,0.0103838511624479,50.4643028828217,0.7197845809953982,1.1533560853449603,0.07450457595184094,0.19069585385743743,0.48353347294274385,50.6872858364512,0.38101275552843356,0.7586963822237227,1.1773715212657059,persistent_theta0_plus_0p05
2049,low_immigration,0.288348446457025,0.40202836463203,0.299360455093752,0.0102627338171916,50.5198007205246,0.7248165623884094,1.1591743781996258,0.0740783455808249,0.19050351201160615,0.4854086030512954,50.75412467030137,0.38038397648389244,0.7586503174286888,1.18317391642392,persistent_theta0_plus_0p05
2050,low_immigration,0.286488839639993,0.402122035007058,0.301247067381081,0.0101420579718679,50.5750958013822,0.7298337801251957,1.1650048225237415,0.0736543822765196,0.19031188642786792,0.4872768868716551,50.82071942206371,0.37975744153526647,0.7586043818166709,1.1889880454681316,persistent_theta0_plus_0p05
2051,low_immigration,0.285268421217712,0.400337712331049,0.304304388600118,0.01008947785112,50.6489084906279,0.7349302763980535,1.1709574210732256,0.07326367483206224,0.19012101497382666,0.49016421662345744,50.901619475151506,0.379121416604756,0.7585577142600788,1.1949261771627384,persistent_theta0_plus_0p05
2052,low_immigration,0.284053692663063,0.39856170183649,0.307347462215668,0.0100371432847789,50.7223772197109,0.7401064651565363,1.177034231503809,0.07287399689631373,0.18992732349654462,0.49303809105094276,50.982142492895505,0.3784758713316014,0.7585103106810007,1.2009954001351049,persistent_theta0_plus_0p05
2053,low_immigration,0.282844621256646,0.396793955396585,0.31037637238744,0.0099850509593291,50.7955039512566,0.7453627215685463,1.18323731344324,0.07248534693978831,0.18973080530026115,0.4958985878235953,51.06229063001704,0.3778207808038948,0.7584621673502633,1.2071976626172778,persistent_theta0_plus_0p05
2054,low_immigration,0.281641158502905,0.395034410172073,0.313391229988063,0.0099332013369583,50.8682913729775,0.7506989742935828,1.1895682434797206,0.07209772032570534,0.18953145534968263,0.4987458144170834,51.142066966737616,0.3771561763177502,0.7584132846228383,1.213529343711983,persistent_theta0_plus_0p05
2055,low_immigration,0.280443265598588,0.393283005852926,0.316392136213604,0.0098815923348829,50.9407421341001,0.7561151208356608,1.1960285987309092,0.07171112080019476,0.1893292857026873,0.50157986585385,51.22147414251076,0.37648209351774253,0.7583636631349998,1.2199920153329253,persistent_theta0_plus_0p05
2056,low_immigration,0.279362337107911,0.392104508676593,0.318606593876568,0.0099265603389289,51.0200820278884,0.7615989117422324,1.2026053858659724,0.0713733327987337,0.1891243097095174,0.5037754882277605,51.28605106848029,0.37580007867677845,0.7583134148302356,1.2265723889587252,persistent_theta0_plus_0p05
2057,low_immigration,0.278285683549396,0.390930673423621,0.320812293348562,0.0099713496784204,51.0991080578142,0.7671508859273976,1.209300789077653,0.07103625890445892,0.188916999780769,0.5059624261918748,51.350372570048606,0.37511008536551743,0.7582625345063329,1.2332806172587258,persistent_theta0_plus_0p05
2058,low_immigration,0.277213285456334,0.389761477707442,0.323009275124847,0.010015961711377,51.1778218346829,0.772771566463648,1.2161170204699687,0.07069989603609655,0.18870734374161813,0.5081407203341515,51.41443983920809,0.37441206971369784,0.7582110171002,1.2401190074109498,persistent_theta0_plus_0p05
2059,low_immigration,0.276145117950686,0.388596889214025,0.325197595580156,0.0100603972551329,51.2562251489749,0.7784608330298682,1.223055553241013,0.07036423992471455,0.18849533019118503,0.5103104258591572,51.47825446374767,0.3737060682611917,0.7581588634410978,1.2470810677494562,persistent_theta0_plus_0p05
2060,low_immigration,0.27508115529481,0.387436886444846,0.327377298607063,0.0101046596532808,51.3343198581658,0.7842185415651454,1.2301178624878122,0.07002929573913368,0.18828097213233735,0.512471589140088,51.54181787390714,0.37299212085609307,0.7581060745732926,1.2541682709526554,persistent_theta0_plus_0p05
2061,low_immigration,0.274512418146558,0.386309050789712,0.328895705635445,0.010282825428285,51.3991748305726,0.7900705216107194,1.2373375919254022,0.0697887149522653,0.1880642835272101,0.5140838152353733,51.58757297070683,0.37226705079976585,0.7580524133490594,1.261414885256871,persistent_theta0_plus_0p05
2062,low_immigration,0.273944818407147,0.38518349494214,0.330411054391763,0.0104606322589507,51.4638993508479,0.7960183759113415,1.2447190257282004,0.06954760460887814,0.18784430259782503,0.5156927952245702,51.633236049608215,0.37153069024339935,0.757997864677052,1.2688412940235203,persistent_theta0_plus_0p05
2063,low_immigration,0.273378372807482,0.384060197774226,0.331923347358514,0.0106380820597781,51.5284933872011,0.8020636860648832,1.25226652880547,0.0693059563846761,0.1876209813437772,0.5172985305553405,51.67880692586259,0.37078287531968135,0.7579424136444797,1.2764519862767305,persistent_theta0_plus_0p05
2064,low_immigration,0.272813067018283,0.382939158338101,0.333432600118706,0.010815174524911,51.592957536219,0.8082067797674846,1.2599829966583571,0.06906375766075759,0.18739427301890144,0.5189010371265129,51.724286152564005,0.370023598477838,0.7578860568271033,1.284233705044844,persistent_theta0_plus_0p05
2065,low_immigration,0.27224888650074,0.381820371743136,0.334938829695602,0.0109919120605225,51.6572924937266,0.8144479548042435,1.2678713618118889,0.06882101316207516,0.18716417828150156,0.5205003346054011,51.76967439799505,0.36925285677123226,0.7578287910665272,1.2921893982418007,persistent_theta0_plus_0p05
2066,low_immigration,0.27175560568019,0.380925997527261,0.33610610444101,0.0112122923515391,51.6947570848931,0.8207846709386355,1.2759310116141915,0.06860115612855983,0.18693069915077573,0.5218232162612657,51.80837390613882,0.36847099818572526,0.7577706392423902,1.3003184021079286,persistent_theta0_plus_0p05
2067,low_immigration,0.271262171150366,0.380031337288289,0.337273750182599,0.0114327413787465,51.7322334773484,0.8272175521210344,1.2841653811731595,0.06838039183638427,0.18669394385211233,0.5231465167326561,51.847085620572365,0.3676779804896289,0.757711595198203,1.308628325321211,persistent_theta0_plus_0p05
2068,low_immigration,0.270768569187499,0.379136402435432,0.338441766570723,0.0116532618063448,51.7697219663145,0.8337471929065838,1.2925779554755952,0.06815872178316532,0.18645390230944106,0.5244702401612361,51.885809855726684,0.3668737661295729,0.7576516530370708,1.3171226977282957,persistent_theta0_plus_0p05
2069,low_immigration,0.270274821478499,0.378241168958365,0.339610156038431,0.0118738535247042,51.8072222632237,0.8403738533045573,1.3011718736646642,0.06793615296118281,0.18621056583297346,0.5257943853850467,51.92454627739832,0.3660583597684408,0.7575908099237826,1.3258004971375585,persistent_theta0_plus_0p05
2070,low_immigration,0.269780906572645,0.377345648542187,0.340778930390431,0.0120945144947367,51.8447348651909,0.8470977622669656,1.309950314532799,0.06771269064999876,0.18596393846419748,0.5271189644107541,51.963295434876784,0.36523177082125274,0.7575290633001176,1.334664924146404,persistent_theta0_plus_0p05
2071,low_immigration,0.269541927527949,0.377256712785229,0.340906216921671,0.0122951427651514,51.8579841432873,0.8539101117245217,1.3189046191441807,0.06757318214136847,0.18571402562247494,0.5274499345889478,51.97614246103145,0.3643951189700561,0.7574664936097834,1.3437071186834044,persistent_theta0_plus_0p05
2072,low_immigration,0.269302527154367,0.377167615423019,0.341033737510104,0.0124961199125094,51.8712566941407,0.8608124766014087,1.3280396705240864,0.06743264790746124,0.18546116814859592,0.5277814926071971,51.98901218233217,0.36354824714657863,0.7574030859569321,1.3529475425822945,persistent_theta0_plus_0p05
2073,low_immigration,0.269062711640913,0.377078370117631,0.341161473078725,0.0126974451627302,51.8845521392696,0.86780642892171,1.3373604732900888,0.06729107589778162,0.18520532065389184,0.5281136196711728,52.00190408532176,0.3626910001508657,0.7573388254564593,1.3623915577139676,persistent_theta0_plus_0p05
2074,low_immigration,0.268822479449035,0.376988972289823,0.34128942905019,0.0128991192109516,51.8978706602501,0.8748924233759428,1.3468706569482585,0.06714845204245216,0.1849464383207485,0.5284463215176722,52.014818326579686,0.36182336107881263,0.757273707475909,1.3720273874692406,persistent_theta0_plus_0p05
2075,low_immigration,0.268581829548039,0.376899409307499,0.341417616147534,0.0131011449969281,51.9112125132514,0.88207089515145,1.356573915560717,0.0670047771960497,0.18468451807387384,0.5287796105978101,52.027755228266315,0.3609453164346845,0.7572077275531315,1.3818587596267928,persistent_theta0_plus_0p05
2076,low_immigration,0.268444745557444,0.376750775277442,0.341718478079608,0.0130860010855063,51.9233211137509,0.8893499591362736,1.3664845301317556,0.06687651411391325,0.18441955780029687,0.5290573194149862,52.035709547444846,0.36005591590825764,0.7571408106104183,1.3919001871960608,persistent_theta0_plus_0p05
2077,low_immigration,0.268307472588528,0.376601939495684,0.342019751332634,0.013070836583153,51.9354461414541,0.8967303803677348,1.3766070699258353,0.06674709419660355,0.1841512727818056,0.5293354082359292,52.04367477213956,0.35915511093783425,0.7570729490943127,1.4021594141192522,persistent_theta0_plus_0p05
2078,low_immigration,0.268170019129755,0.376452901319436,0.342321427641771,0.0130556519090367,51.9475873045448,0.9042129052508754,1.386946199739872,0.06661651637581793,0.1838796505071161,0.5296138687262636,52.051650601290255,0.3582428565995259,0.7570041356102178,1.4126412078270523,persistent_theta0_plus_0p05
2079,low_immigration,0.268032389881552,0.376303671031799,0.342623492095181,0.0130404469914683,51.9597441553228,0.9117980443638246,1.3975063791911462,0.06648477976629928,0.18360467949409337,0.5298926866957516,52.059636652216255,0.35731913805992666,0.7569343649204088,1.4233469573536328,persistent_theta0_plus_0p05
2080,low_immigration,0.267894565197544,0.376154243753581,0.342925970204021,0.0130252208448536,51.9719176856071,0.9194862851714055,1.4082921534513855,0.06635188158319025,0.18332635725161284,0.5301718871643555,52.06763374889142,0.35638394458029765,0.7568636319888088,1.4342812574463129,persistent_theta0_plus_0p05
2081,low_immigration,0.267855324547125,0.375986974696808,0.343079680630376,0.0130780201256916,51.9823924409467,0.9272844310626227,1.4193171525269588,0.06623509691396261,0.18304468242931218,0.5303636319983921,52.073005046866456,0.3554364998147167,0.7567918736435796,1.4454579535742451,persistent_theta0_plus_0p05
2082,low_immigration,0.267816041455026,0.375819555877576,0.343233536089957,0.0131308665774395,51.9928770007969,0.9351932902473259,1.4305868384610556,0.0661170465419283,0.18275942310887597,0.530555556182403,52.07838142694802,0.3544767595363426,0.7567190818388267,1.4568859767415212,persistent_theta0_plus_0p05
2083,low_immigration,0.267776729879954,0.375651982920371,0.343387525683365,0.0131837615163097,52.0033707999481,0.943213650349982,1.4421067954123596,0.06599772964007329,0.18247056791220073,0.5307476489977142,52.08376246701554,0.3535046836571446,0.7566452487035892,1.4685710374666052,persistent_theta0_plus_0p05
2084,low_immigration,0.267737369550367,0.375484253951886,0.343541672893367,0.01323670360438,52.0138747476149,0.9513460489299318,1.4538823997222738,0.0658771396639946,0.18217810660685055,0.5309399334154173,52.08914895066951,0.35252026400951825,0.7565703686550129,1.4805151746151373,persistent_theta0_plus_0p05
2085,low_immigration,0.267697990122097,0.375316375162493,0.343695939139636,0.0132896955757746,52.0243876504314,0.9595910004844759,1.4659191426679237,0.06575528297745427,0.18188203845145082,0.531132372725555,52.094539670717175,0.35152349676177685,0.7564944363097653,1.4927239409087407,persistent_theta0_plus_0p05
2086,low_immigration,0.267743704821119,0.375019612366327,0.343836092270927,0.0134005905416279,52.0260138809124,0.9679574932733048,1.4782351938390137,0.06564177176428142,0.1815823638804535,0.5313514588081316,52.099925022568655,0.35051335723165233,0.7564173682070812,1.5052157989280994,persistent_theta0_plus_0p05
2087,low_immigration,0.267789472105565,0.37472251508567,0.343976402521768,0.013511610286998,52.0276421118716,0.9764462285377931,1.4908369518800777,0.06552685760658845,0.1812787764399051,0.5315707907120547,52.10531640234146,0.34948982637682546,0.7563391571661227,1.5179991993475899,persistent_theta0_plus_0p05
2088,low_immigration,0.267835293610927,0.37442507636748,0.344116876605206,0.0136227534163877,52.0292721509659,0.9850578798216877,1.5037309594939783,0.0654105393696044,0.18097127203765884,0.5317903729777954,52.11071387311276,0.3484528903959989,0.7562597962452838,1.5310807847780075,persistent_theta0_plus_0p05
2089,low_immigration,0.267881166557714,0.374127309670727,0.344257501963441,0.0137340218081172,52.0309038143028,0.9937929653817379,1.51692371411895,0.06529281655852667,0.18065984800472248,0.5320101964107453,52.11611728965636,0.3474025560756225,0.7561792799184772,1.544465141598944,persistent_theta0_plus_0p05
2090,low_immigration,0.267927098932979,0.373829208044134,0.344398278956138,0.0138454140667499,52.0325371304215,1.0026519750243448,1.5304218577416324,0.06517369187562479,0.18034450769147015,0.5322302588806522,52.12152647683155,0.34633883547594774,0.7560976029070455,1.5581589878905786,persistent_theta0_plus_0p05
2091,low_immigration,0.267828745441908,0.37349285306758,0.344870469793501,0.0138079316970112,52.0429833529137,1.0116273771061162,1.5442198378514613,0.06502547503150856,0.1800252558539733,0.5326362495251749,52.13154826739549,0.34526270357942257,0.7560148338979226,1.57215662586327,persistent_theta0_plus_0p05
2092,low_immigration,0.267730354615262,0.373156351238823,0.345342860273249,0.0137704338726661,52.0534340240205,1.020719030232954,1.558323364005127,0.06487605516662098,0.17970238591818904,0.5330424115390343,52.141574232814214,0.3441742474226946,0.7559309734572124,1.5864578752138585,persistent_theta0_plus_0p05
2093,low_immigration,0.267631917043271,0.372819698311961,0.34581546547654,0.0137329191682277,52.0638894881578,1.029926759785437,1.5727382464218702,0.0647254420464121,0.17937592446380163,0.5334487586238004,52.1516047959045,0.3430735593270415,0.7558460224493719,1.6010684817950056,persistent_theta0_plus_0p05
2094,low_immigration,0.267533442052522,0.372482895937942,0.34628827459708,0.0136953874124563,52.0743492982089,1.0392507223932566,1.5874709759993388,0.06457364954309475,0.17904589943505242,0.5338552795007044,52.1616395721024,0.3419606934082661,0.7557599786737614,1.6160009389893029,persistent_theta0_plus_0p05
2095,low_immigration,0.26743491648768,0.372145947416293,0.346761297834217,0.0136578382618094,52.0848139277266,1.0486910431629162,1.6025281717801518,0.0644206833438589,0.17871232709903315,0.5342619850132717,52.171678985135095,0.34083570909390876,0.7556728402099645,1.6312619356120697,persistent_theta0_plus_0p05
2096,low_immigration,0.267157147217914,0.371913182480118,0.347244673012071,0.0136849972898974,52.1037803588507,1.0582340208701122,1.6178942649271315,0.06423924068112807,0.1783752250956175,0.5347631311890845,52.187035801269815,0.3397003110515373,0.7555847327969295,1.6468355732411526,persistent_theta0_plus_0p05
2097,low_immigration,0.266879353754737,0.37168041214601,0.347728074007483,0.0137121600917702,52.1227481081212,1.06787914120259,1.633574547343918,0.06405693357106561,0.17803510361671365,0.5352643076261173,52.20239367224077,0.33855462960418287,0.7554956604934245,1.6627210365931562,persistent_theta0_plus_0p05
2098,low_immigration,0.266601539962364,0.371447613695912,0.34821152238286,0.0137393239588637,52.1417174386142,1.0776258617227872,1.6495743882312472,0.06387377841603321,0.17769200065048987,0.5357655307131967,52.21775287906116,0.3373987992109731,0.7554056276154679,1.678923624318885,persistent_theta0_plus_0p05
2099,low_immigration,0.266323696366407,0.371214797940434,0.348695015391448,0.0137664903017112,52.1606886280113,1.0874739690524051,1.6658998292588005,0.06368979105114572,0.17734595518710813,0.5362668006688822,52.233113575619036,0.33623291618111767,0.7553146354361399,1.6954555881010416,persistent_theta0_plus_0p05
2100,low_immigration,0.266045829887082,0.370981959151575,0.349178553119518,0.0137936578418253,52.1796614354714,1.0974232226617306,1.6825570150262281,0.06350498525663717,0.1769969945598614,0.5367681153821467,52.24847560354211,0.33505708106331694,0.755222685474332,1.712323127820051,persistent_theta0_plus_0p05
2020,medium_immigration,0.31886598407606,0.383868770453639,0.291250211726979,0.0060150337433209,49.5040238818664,0.5771085424348712,1.0,0.08131471645798112,0.19601787182718658,0.41970882331186093,49.928308042379754,0.39899999999999997,0.7599999999999999,1.0,persistent_theta0_plus_0p05
2021,medium_immigration,0.318413705093974,0.380356332178792,0.295014759286662,0.0062152034405733,49.6060054008664,0.5805011483395148,1.003398367305601,0.08105393652555049,0.19601787182718658,0.47334491069041573,50.01761905152624,0.39856890034975195,0.7599690580695647,1.014737658056988,persistent_theta0_plus_0p05
2022,medium_immigration,0.317968115031207,0.376895759772462,0.298723708859821,0.0064124163365084,49.7064806470251,0.5851471653286506,1.0080710193723026,0.08074220551280946,0.19588491466153876,0.4769272954220155,50.10561086241372,0.39797878450380303,0.7599266800981123,1.0307348342893357,persistent_theta0_plus_0p05
2023,medium_immigration,0.317529045662669,0.373485929681351,0.302378285344594,0.0066067393113855,49.8054832057641,0.5900003366426951,1.0129752516398298,0.08041445876316473,0.1957029822724396,0.4804571653409812,50.19231295679241,0.3973626734248712,0.7598824071331167,1.0356696119739235,persistent_theta0_plus_0p05
2024,medium_immigration,0.317096373440077,0.370125718455318,0.305979674440901,0.0067982336637039,49.9030447017209,0.5950608600506879,1.0181144291090265,0.08008760916316311,0.19551311841160277,0.4839356612781329,50.27775308035964,0.3967205853450643,0.7598362366552288,1.040834431897096,persistent_theta0_plus_0p05
2025,medium_immigration,0.316669956768509,0.366814051836025,0.309529030457215,0.0069869609382504,49.9991965204611,0.6003295360193011,1.0234926998766896,0.07976160258568472,0.19531533877287663,0.4873638987406425,50.36195867431201,0.39605246439761826,0.7597881606137338,1.0462406238246966,persistent_theta0_plus_0p05
2026,medium_immigration,0.315405146575553,0.367275201701207,0.309943975144682,0.0073756765785582,50.0555088217958,0.6056273264379073,1.0289293380648121,0.07945331628296973,0.19510963652342125,0.4882769145645832,50.4042475734675,0.3953810424187695,0.7597398122708896,1.0517057479772753,persistent_theta0_plus_0p05
2027,medium_immigration,0.314152846255314,0.367731793510943,0.310354811399298,0.0077605488344443,50.1112642016156,0.6109548519207783,1.034425613106256,0.0791473461341703,0.1949030160133772,0.48918089727207104,50.446118157968485,0.39470624960778267,0.7596911858523406,1.057233482494449,persistent_theta0_plus_0p05
2028,medium_immigration,0.31291286975059,0.368183890123625,0.310761606382266,0.0081416337435197,50.1664709200201,0.6163127535492705,1.0399828380211669,0.07884364664307864,0.19469545645399833,0.4900759856506186,50.48757673618738,0.39402801386840175,0.7596422753931378,1.0628254067271985,persistent_theta0_plus_0p05
2029,medium_immigration,0.311685029471742,0.36863156185936,0.311164419486225,0.008518989182673,50.2211372148837,0.6217014704276689,1.0456021379038287,0.07854217227573294,0.1944869363763191,0.49096231338124685,50.52862954404055,0.39334628895559703,0.759593076768606,1.068480480049731,persistent_theta0_plus_0p05
2030,medium_immigration,0.310469154526731,0.369074865552124,0.311563312846218,0.0088926670749281,50.2752709214009,0.6271214378855987,1.0512846530780584,0.07824288347049135,0.19427744227969854,0.49184000875002193,50.56928239849192,0.39266102935198144,0.7595435858856396,1.0741998495331535,persistent_theta0_plus_0p05
2031,medium_immigration,0.308862022578101,0.371617612480378,0.310361993470815,0.0091583714707055,50.2937749848994,0.6324766069530161,1.0569295613620817,0.07796958922591608,0.19406696089753991,0.4912390250606533,50.58148480415603,0.39198437726582436,0.7594946798525473,1.0798804860863203,persistent_theta0_plus_0p05
2032,medium_immigration,0.307268065172471,0.374139508032562,0.309170530809959,0.009421895985008,50.3121276170529,0.6377670512647664,1.0625360055618587,0.07769934570035715,0.19385921988901952,0.4906429743395997,50.593587303223686,0.39131631073484296,0.7594463582437835,1.0855250068703775,persistent_theta0_plus_0p05
2033,medium_immigration,0.305687127768889,0.376640808727302,0.307988793612055,0.0096832698917533,50.3303301387043,0.6429928552558901,1.068103144178615,0.077432118037335,0.19365420808707,0.4900517879880942,50.60559086798398,0.39065680646464934,0.7593986205317633,1.091132754162051,persistent_theta0_plus_0p05
2034,medium_immigration,0.304119055088015,0.379121755849189,0.30681667356398,0.0099425154988161,50.3483845526336,0.6481538017016306,1.073629816467026,0.0771678706311027,0.19345191403368814,0.4894654118933142,50.61749672995323,0.3900058792355746,0.759351468941705,1.0966992252465826,persistent_theta0_plus_0p05
2035,medium_immigration,0.302563674614341,0.381582608989884,0.305654053415348,0.0101996629804273,50.3662931450651,0.6532496643948817,1.079114850215022,0.07690657036798085,0.19325233805786893,0.48888379356404665,50.62930648345904,0.38936354491353564,0.7593049057789636,1.102223235228591,persistent_theta0_plus_0p05
2036,medium_immigration,0.301506749844363,0.38386374568941,0.304192906341232,0.0104365981249948,50.3808217971257,0.658309975512086,1.0845893467341041,0.0767342805976496,0.19305548091462746,0.48794054154294964,50.625806247360615,0.38872607161629535,0.7592586613778382,1.1077365617004267,persistent_theta0_plus_0p05
2037,medium_immigration,0.300454657865201,0.386134444698115,0.302738447488792,0.0106724499478928,50.395284061859,0.6633356791234679,1.0900538914200204,0.07656323521492352,0.19286019559248296,0.48700160901323625,50.622322160545586,0.38809333447827676,0.7592127272372824,1.1132527178981917,persistent_theta0_plus_0p05
2038,medium_immigration,0.299407381998172,0.388394776118146,0.30129061698055,0.0109072249031326,50.4096799558222,0.6683277171099447,1.0955090867957464,0.07639341464097546,0.1926664413476402,0.48606695039558856,50.61885351418856,0.38746520916101107,0.7591670948708878,1.1187722732492318,persistent_theta0_plus_0p05
2039,medium_immigration,0.29836485735813,0.39064482269919,0.299849390936088,0.0111409290065918,50.4240107653401,0.6732858961691813,1.1009543050374062,0.07622479083144383,0.19247417770356728,0.4851365593446924,50.615401149655526,0.3868417142853229,0.7591217661657076,1.1242814971535888,persistent_theta0_plus_0p05
2040,medium_immigration,0.297327083700321,0.392884634819615,0.298414708990492,0.0113735724895724,50.4382761950703,0.6782100204257854,1.1063889101907158,0.07605736408550677,0.19228340801875884,0.48421039077700984,50.6119641759862,0.3862228687090921,0.7590767430324085,1.1297797399262655,persistent_theta0_plus_0p05
2041,medium_immigration,0.296284625460294,0.393995467696537,0.298292930215669,0.0114269766274991,50.4586805105836,0.6831382480808785,1.1118549043841723,0.0758355937800684,0.19209413575535728,0.4843052223398072,50.62940044589691,0.3856038752961286,0.7590316766289156,1.1353098924262457,persistent_theta0_plus_0p05
2042,medium_immigration,0.295246356326899,0.395101856407939,0.298171621409823,0.0114801658553389,50.4790025297447,0.6880698027352636,1.117351620149886,0.0756147150162948,0.19190489230771512,0.48439965508961086,50.64676625106356,0.3849848341790968,0.7589865740423021,1.1408627364634314,persistent_theta0_plus_0p05
2043,medium_immigration,0.294212257986236,0.396203793783216,0.298050806117913,0.0115331421126354,50.4992429667618,0.693003889392104,1.1228783533476776,0.07539473394430042,0.19171570772748966,0.4844937147095581,50.66406244203453,0.3843658475930107,0.7589414425333826,1.1464373795343084,persistent_theta0_plus_0p05
2044,medium_immigration,0.293182300020861,0.397301313482955,0.297930481094208,0.0115859054019753,50.5194026496461,0.6979404214193907,1.128435182750195,0.07517565650940576,0.19152661266089838,0.48458740284343577,50.6812894862793,0.38374692874955285,0.758896282886112,1.152042350334709,persistent_theta0_plus_0p05
2045,medium_immigration,0.292156463467602,0.398394453720351,0.297810624037858,0.0116384587741888,50.5394813169841,0.702879310445908,1.1340221843250022,0.07495748032513704,0.1913376105262647,0.4846807050107018,50.69844736268687,0.38312809105281836,0.758851095900761,1.1576777269239498,persistent_theta0_plus_0p05
2046,medium_immigration,0.290970829621239,0.397980690241052,0.299535620953605,0.0115128591841046,50.5746141008076,0.7078628597659231,1.139687745386358,0.07463707058350347,0.191148704795071,0.4862980076807527,50.74986510581563,0.38250404114258985,0.7588054944526945,1.1633929022945972,persistent_theta0_plus_0p05
2047,medium_immigration,0.289793041384014,0.397569674908922,0.301249191637682,0.0113880920693812,50.6095143383012,0.7128898261396116,1.145431341696439,0.07431818602900235,0.19095827991045528,0.4879045991287548,50.800942416649484,0.3818749467578899,0.7587594897624035,1.1691710752378544,persistent_theta0_plus_0p05
2048,medium_immigration,0.28862303472989,0.397161370401578,0.302951445567529,0.0112641493010018,50.6441839434692,0.7179589401561968,1.1512524051179676,0.07400083393534564,0.1907663882195495,0.48950058017219433,50.851682357258,0.3812409787005481,0.7587130932945022,1.1750115047555867,persistent_theta0_plus_0p05
2049,medium_immigration,0.287460725920119,0.396755749476071,0.30464250357644,0.0111410210273699,50.6786256273622,0.7230702590051752,1.1571518874598812,0.07368501833923581,0.19057308291028854,0.49108606325541104,50.902088509261496,0.38060214179209856,0.7586663043739494,1.1809314215598907,persistent_theta0_plus_0p05
2050,medium_immigration,0.286306038230049,0.396352791507075,0.30632246975883,0.0110187005040455,50.7128413288,0.7282238309477497,1.163130745966261,0.07337072512654899,0.19037836649485645,0.4926611475020806,50.952164091524104,0.37995844216159824,0.7586191224059243,1.1869317911358293,persistent_theta0_plus_0p05
2051,medium_immigration,0.286001848797948,0.393974723904933,0.309063784962761,0.010959642334358,50.763391833091,0.7335292144669361,1.1693179990189975,0.07312422183946712,0.19018224186485042,0.49512080724771496,51.01051243648905,0.3792962215440409,0.7585705440034622,1.1931442459657167,persistent_theta0_plus_0p05
2052,medium_immigration,0.28570013704885,0.391615947580076,0.311782852782625,0.0109010625884503,50.8135319183088,0.7389881817212188,1.1757187224600252,0.07287732281056278,0.18998055094221714,0.49756050327664036,51.06838706624542,0.37861529961509854,0.7585205523647206,1.1995846402988244,persistent_theta0_plus_0p05
2053,medium_immigration,0.285400862982518,0.389276236164926,0.314479944327385,0.0108429565251712,50.8632666335392,0.7446024525033232,1.1823380898049636,0.07263000137908407,0.18977324460934922,0.4999804813199229,51.12579395837137,0.37791550469353513,0.7584691311417816,1.206258075522229,persistent_theta0_plus_0p05
2054,medium_immigration,0.285103992944093,0.386955363066341,0.317155326163036,0.0107853178265294,50.9126011385668,0.7503728225094046,1.1891803402281087,0.07238223314586892,0.18956027652128946,0.502380980648995,51.1827388404482,0.37719678233115944,0.7584162724263401,1.213157851230474,persistent_theta0_plus_0p05
2055,medium_immigration,0.284809501326177,0.38465309371907,0.319809264137078,0.0107281408176752,50.9615402931458,0.7563000410241816,1.1962498023846404,0.07213400849036582,0.18934163612235988,0.5047622392603514,51.23922730447257,0.3764590857523405,0.7583619687138069,1.2202883267733218,persistent_theta0_plus_0p05
2056,medium_immigration,0.284774771254463,0.382837198102982,0.321620513993097,0.010767516649457,51.0192337038178,0.762383631209153,1.2035494775438342,0.0719561259644863,0.18911731525825867,0.5064330118901291,51.27726104071722,0.37570252253458036,0.7583062237141093,1.2276525088111276,persistent_theta0_plus_0p05
2057,medium_immigration,0.284740308620208,0.381035379306426,0.323417723982404,0.0108065880909622,51.0764801525119,0.7686254793502861,1.211085345016337,0.07177703413718106,0.188887352737819,0.5080908345729983,51.3150000155688,0.37492690821455327,0.758249019463684,1.2352682489943008,persistent_theta0_plus_0p05
2058,medium_immigration,0.284706108660987,0.379247467081765,0.325201066833574,0.010845357423674,51.133284615317,0.7750274394941393,1.2188635363957303,0.0715967107241739,0.1886516986258272,0.5097358655323752,51.35244783652626,0.37413206482338474,0.7581903382657934,1.2431418519403532,persistent_theta0_plus_0p05
2059,medium_immigration,0.284672171758299,0.377473304342679,0.326970695537452,0.0108838283615699,51.1896523177553,0.7815904020589219,1.2268891994125641,0.07141513583147871,0.18841030506686546,0.5113682457453749,51.38960767000669,0.3733179364462253,0.7581301712294564,1.2512666649051722,persistent_theta0_plus_0p05
2060,medium_immigration,0.284638496537363,0.375712732818892,0.328726767672467,0.0109220029712783,51.2455881374297,0.7883152149498603,1.235167603879155,0.0712323032405498,0.18816316134605326,0.5129881190987664,51.426482754669486,0.3724844746631187,0.7580685098297618,1.2596480100651986,persistent_theta0_plus_0p05
2061,medium_immigration,0.284284475653435,0.374888520747023,0.329727760542055,0.0110992430574866,51.2903577415073,0.7951565008834326,1.243646709555632,0.07103131922439253,0.18791025904563774,0.5141016318915722,51.45810380015931,0.3716373544687374,0.7580057694795247,1.2682327675554335,persistent_theta0_plus_0p05
2062,medium_immigration,0.283932547471727,0.374069143587499,0.330722869156701,0.0112754397840728,51.3348640102924,0.8021146240778583,1.2523303323946884,0.07082971636518977,0.1876533252990482,0.5152085959259374,51.48953871579301,0.3707765754461663,0.7579419462727142,1.2770218752529134,persistent_theta0_plus_0p05
2063,medium_immigration,0.283582672374183,0.373254575682222,0.331712148199499,0.011450603744096,51.3791096642793,0.8091899227882862,1.2612223633737212,0.07062749166707195,0.1873923639302439,0.5163090758931081,51.52078961163671,0.36990214169077407,0.7578770365295197,1.2860193091457648,persistent_theta0_plus_0p05
2064,medium_immigration,0.283234849984629,0.372444760719708,0.332695645270109,0.0116247440255545,51.4230964933148,0.8163829336417767,1.2703270553402883,0.07042464849506747,0.18712738006828647,0.5174031228684028,51.55185772345061,0.36901403413592476,0.7578110347378244,1.295232367916682,persistent_theta0_plus_0p05
2065,medium_immigration,0.282889058746492,0.371639668456934,0.33367340295697,0.0117978698396028,51.4668268739139,0.823694162854093,1.2796487425890735,0.07022118473746654,0.18685837175748754,0.5184907867049418,51.58274456118362,0.36811223890788924,0.7577439356512666,1.3046654304364593,persistent_theta0_plus_0p05
2066,medium_immigration,0.282419404143992,0.37129250352547,0.334270422870402,0.0120176694601365,51.4894195788312,0.8311034815534173,1.2891652799386386,0.07001475450304315,0.18658533854974124,0.5192963724758859,51.609607803422364,0.36719928485984055,0.7576759234435507,1.3142958788843278,persistent_theta0_plus_0p05
2067,medium_immigration,0.281951438266628,0.370946579700527,0.334865300647556,0.0122366813852885,51.5119310446844,0.8386111967393359,1.2988803891913554,0.06980778055010096,0.18630904926425002,0.5200990680895659,51.636374625536405,0.36627517747285215,0.7576069947809985,1.3241270497247657,persistent_theta0_plus_0p05
2068,medium_immigration,0.281485144911881,0.370601892232529,0.335458052428423,0.0124549104271669,51.5343621062895,0.8462175900939793,1.308797854607326,0.06960026498584967,0.18602950813260474,0.5208988948332488,51.66304578063912,0.3653399264224766,0.757537146553482,1.3341627662557238,persistent_theta0_plus_0p05
2069,medium_immigration,0.28102051613224,0.370258434702906,0.336048686368574,0.01267236279628,51.5567131623028,0.853922948946514,1.3189215650643347,0.06939221178442503,0.1857467205636055,0.5216958668285325,51.68962176034382,0.36439354177931205,0.7574663755901598,1.3444073839119046,persistent_theta0_plus_0p05
2070,medium_immigration,0.280557550671916,0.369916191504838,0.336637217724146,0.0128890400991003,51.5789844937975,0.8617275353231172,1.3292554758379582,0.06918362570357389,0.1854606919879699,0.5224899994401343,51.71610294074697,0.3634360378260809,0.7573946789437127,1.3548648953357492,persistent_theta0_plus_0p05
2071,medium_immigration,0.280257287809965,0.370547613696372,0.336119737793554,0.0130753607001089,51.5798881239373,0.8696129005883123,1.3397785755117777,0.069049350259025,0.18517142900647696,0.5222369954728019,51.716690720550005,0.362469721549612,0.7573222255952434,1.365513846330792,persistent_theta0_plus_0p05
2072,medium_immigration,0.279957612616424,0.371177797887179,0.335603264335145,0.0132613251612523,51.5807900860467,0.8775804973810455,1.350496030475297,0.0689142634287138,0.18487963029002358,0.5219844886542939,51.71727748333368,0.36149445580077727,0.7572490017426168,1.3763733886376082,persistent_theta0_plus_0p05
2073,medium_immigration,0.279658509971877,0.371806793859859,0.335087762453981,0.0134469337142833,51.5816901116401,0.8856317723611058,1.3614131347069613,0.06877835057403185,0.18458525562830877,0.5217324500556564,51.717862802857425,0.3605101057227794,0.7571749936230516,1.3874491656775414,persistent_theta0_plus_0p05
2074,medium_immigration,0.279359981358352,0.372434574381103,0.334573257988534,0.0136321862720104,51.5825884412961,0.8937671861434405,1.3725339688442368,0.06864159683743876,0.18428826547735294,0.5214809026307371,51.71844716729581,0.3595166583949303,0.7571001965245782,1.3987314402909319,persistent_theta0_plus_0p05
2075,medium_immigration,0.27906202543062,0.373061164223826,0.334059726030368,0.0138170843151867,51.5834848917824,0.9019871819768647,1.3838626895794992,0.06850400293533265,0.18398865702834466,0.5212298254964062,51.71903014718474,0.3585141040629388,0.7570246058864754,1.4102244123353702,persistent_theta0_plus_0p05
2076,medium_immigration,0.278847039659347,0.37365710456487,0.333722279821786,0.0137735759539973,51.5872055378248,0.9102978405215201,1.3954114221822653,0.06837935150462544,0.18368642832944546,0.5209192142493029,51.714716468994084,0.35750174774256777,0.7569481652817275,1.4219404035984784,persistent_theta0_plus_0p05
2077,medium_immigration,0.278632616650661,0.374251471636031,0.333385730989272,0.0137301807240362,51.5909164342097,0.9186998764064329,1.4071851112418743,0.0682537181959359,0.18338137088547551,0.5206094280443782,51.71041434048199,0.35647955143550003,0.7568708676021982,1.4338870914715647,persistent_theta0_plus_0p05
2078,medium_immigration,0.278418770784547,0.374844268043324,0.333050059338625,0.0136869018335034,51.5946171127543,0.9271939881316591,1.4191888069891663,0.06812710228919629,0.1830734742819982,0.5203004494372335,51.70612320396475,0.3554474804526281,0.7567927058767121,1.44606962877734,persistent_theta0_plus_0p05
2079,medium_immigration,0.278205477189409,0.375435507870319,0.33271527838826,0.0136437365520127,51.5983084631314,0.9357806740223541,1.431427404794832,0.06799949672874088,0.18276272899835275,0.5199922918678341,51.70184368178697,0.3544055257466448,0.7567136749651929,1.4584902930139356,persistent_theta0_plus_0p05
2080,medium_immigration,0.277992748802741,0.376025192306145,0.33238137406365,0.0136006848274653,51.6019898129724,0.9444604143249695,1.4439058996359326,0.06787090362498763,0.18244913312106786,0.5196849406815927,51.69757526446279,0.35335368172374837,0.7566337698840162,1.4711541373908454,persistent_theta0_plus_0p05
2081,medium_immigration,0.278004506022302,0.375907287082599,0.332463927830512,0.0136242790645866,51.6051247070423,0.9532657494459479,1.45667611547007,0.06774995824256,0.1821326856499374,0.5197787103022434,51.69974021268983,0.3522880668260327,0.7565526903965629,1.4841139255887366,persistent_theta0_plus_0p05
2082,medium_immigration,0.278016220211925,0.375789793314566,0.332546190539496,0.0136477959340138,51.6082490517657,0.9621973873360035,1.469744894980546,0.06762754035408916,0.18181222004673736,0.5198721547943701,51.7018977330687,0.3512086667854792,0.7564704291995665,1.497378336611277,persistent_theta0_plus_0p05
2083,medium_immigration,0.27802790402277,0.375672665913962,0.332628195515816,0.0136712345474529,51.6113631352903,0.9712560029937615,1.4831192341417836,0.0675036494198287,0.18148773376972652,0.5199653014535266,51.704048243615205,0.3501154733797792,0.7563869792762662,1.510954403875664,persistent_theta0_plus_0p05
2084,medium_immigration,0.278039535162014,0.375555938503363,0.332709930902845,0.0136945954317776,51.6144672460654,0.9804421202272402,1.4968061096726017,0.06737828274117029,0.1811592259168572,0.5200581434268582,51.70619191339085,0.34900849868352357,0.7563023349861808,1.5248473572297354,persistent_theta0_plus_0p05
2085,medium_immigration,0.2780511449101,0.375439588265704,0.3327913870034,0.0137178798207959,51.617560666644,0.9897562337290642,1.5108126597080136,0.0672514469697315,0.18082670149378413,0.5201506684052613,51.70832803867552,0.3478877602957715,0.7562164909413298,1.5390644190599867,persistent_theta0_plus_0p05
2086,medium_immigration,0.278245292555904,0.374995792386958,0.332959783900028,0.01379913115711,51.6139934940957,0.9992182817685624,1.5251758872856138,0.06714130260311235,0.18049016695881262,0.5203462296680387,51.7107765585641,0.34675094359487085,0.7561292624703713,1.5536432338116235,persistent_theta0_plus_0p05
2087,medium_immigration,0.27843884014264,0.374553378459426,0.333127657532542,0.0138801238653926,51.6104375656314,1.0088290772688318,1.5399047052974955,0.06702930619649257,0.180148928615925,0.5205411772367452,51.71321722604914,0.3455980430914292,0.7560406410867697,1.5685966805515374,persistent_theta0_plus_0p05
2088,medium_immigration,0.278631770079954,0.374112371722052,0.333294995652387,0.0139608625456073,51.6068929271321,1.0185893902608305,1.5550082449347127,0.06691545474954429,0.17980298629802077,0.5207355068662017,51.715650244289584,0.3444290612333825,0.7559506186768539,1.5839340353140108,persistent_theta0_plus_0p05
2089,medium_immigration,0.278824092387465,0.373672765384154,0.333461796635189,0.0140413455931919,51.6033590705484,1.0284997111566772,1.570495490669466,0.06679974959422004,0.17945234196457774,0.5209292141474231,51.718075356515484,0.3432440367059278,0.7558591896842735,1.5996604941537307,persistent_theta0_plus_0p05
2090,medium_immigration,0.279015807759469,0.373234529192142,0.333628086100379,0.0141215769480091,51.5998368100802,1.038560490239763,1.5863756482829054,0.06668219328258106,0.17909700816922514,0.5211223255796289,51.720493183131104,0.3420430156433443,0.7557663489027608,1.6157853735159637,persistent_theta0_plus_0p05
2091,medium_immigration,0.279001066794838,0.372740183936744,0.334207004123785,0.0140517451446318,51.6092760000694,1.0487605581861965,1.6026395933462827,0.06652342901678295,0.17873699940083346,0.5215827143223494,51.73019964047724,0.34082743042389885,0.7556721983734238,1.6322993192498796,persistent_theta0_plus_0p05
2092,medium_immigration,0.278986379727491,0.372247777992489,0.334783654071819,0.0139821882082011,51.6186783873733,1.0590994974701333,1.6192951387682584,0.06636328092477355,0.1783727451612718,0.5220413010928944,51.739868176555426,0.3395974284577798,0.7555767409482843,1.6492014446136622,persistent_theta0_plus_0p05
2093,medium_immigration,0.27897175329582,0.371757296027186,0.335358047458802,0.0139129032181916,51.6280438370919,1.0695768502353318,1.6363502553863463,0.06620176697590982,0.1780042892404702,0.5224980926149212,51.74949881465402,0.33835316367440466,0.7554799798424945,1.666499630700577,persistent_theta0_plus_0p05
2094,medium_immigration,0.278957184481208,0.371268723012339,0.335930203342565,0.0138438891638881,51.6373728916749,1.0801926346142285,1.6538139281529258,0.06603890397309135,0.177631677029355,0.5229531055836266,51.759091957928746,0.3370947353313046,0.7553819138647134,1.6842117546010367,persistent_theta0_plus_0p05
2095,medium_immigration,0.278942671641472,0.370782055353294,0.336500128875833,0.0137751441294004,51.6466656438716,1.0909468286755777,1.6716953418382758,0.06587470322586159,0.17725493719332272,0.5234063449584893,51.76864771973759,0.33582224954404555,0.7552825421803433,1.7023471031973743,persistent_theta0_plus_0p05
2096,medium_immigration,0.278642022104138,0.370507329556238,0.337078524395567,0.0137721239440568,51.6669852776642,1.1018161920620604,1.6899647143382013,0.06566784453407151,0.17687410010115645,0.5239692801900407,51.78538488138265,0.33453855406815797,0.7551820785753348,1.7208752799768643,persistent_theta0_plus_0p05
2097,medium_immigration,0.278342624043366,0.370233743892107,0.337654514839202,0.0137691172253244,51.68722022285,1.1127998348163195,1.7086289962919123,0.06546033399961089,0.17649001595389813,0.5245298752515689,51.8020524513975,0.3332438455526451,0.7550805303961561,1.7397935613314113,persistent_theta0_plus_0p05
2098,medium_immigration,0.278044464249211,0.369961291011107,0.338228122667348,0.0137661220723333,51.7073714925322,1.1238968361506685,1.7276952479973982,0.06525219156087876,0.17610274082181848,0.5250881506283315,51.8186510521919,0.331938325048146,0.7549779052745847,1.7591088980190892,persistent_theta0_plus_0p05
2099,medium_immigration,0.277747541993441,0.369689972158092,0.338799345441249,0.0137631404072174,51.7274391344283,1.1351067883027168,1.7471715895348938,0.06504343999928686,0.17571233174909653,0.5256441059646035,51.835180706359864,0.33062213415481373,0.7548742060966294,1.7788392667707447,persistent_theta0_plus_0p05
2100,medium_immigration,0.277451846285389,0.369419766911728,0.339368216363937,0.0137601704389475,51.7474239997004,1.1464292523251576,1.7670662929922032,0.06483409253662435,0.17531882766383652,0.5261977711797877,51.8516422156724,0.32929541931231776,0.7547694360323928,1.7989930185524787,persistent_theta0_plus_0p05
2020,high_immigration,0.31886598407606,0.383868770453639,0.291250211726979,0.0060150337433209,49.5040238818664,0.5771085424348712,1.0,0.08131471645798112,0.19601787182718658,0.41970882331186093,49.928308042379754,0.39899999999999997,0.7599999999999999,1.0,persistent_theta0_plus_0p05
2021,high_immigration,0.318223608926294,0.380222930875871,0.295311781895945,0.0062416783018909,49.6173584069879,0.5804975005428532,1.0033947071190623,0.08101013701944496,0.19601787182718658,0.4736645728391082,50.027693669916474,0.3985693637922604,0.7599690913404031,1.0147339565070979,persistent_theta0_plus_0p05
2022,high_immigration,0.317591531638809,0.37663542849988,0.299308343882478,0.0064646959788329,49.7288788446516,0.5851353894270344,1.0080591484970516,0.0806557486079809,0.19588505757125846,0.47755700612935853,50.12548830132479,0.3979802798509701,0.759926787516764,1.0307166278650834,persistent_theta0_plus_0p05
2023,high_immigration,0.316969483533339,0.373104881340249,0.30324146148853,0.0066841736378813,49.8386289411471,0.5899750787994287,1.0129496663928066,0.08028649680045703,0.1957034431887954,0.4813876490837693,50.221730563892514,0.39736587907283105,0.7598826375617779,1.035625317219674,persistent_theta0_plus_0p05
2024,high_immigration,0.316357230627638,0.369629946034243,0.30711263063569,0.006900192702429,49.9466503345144,0.5950164835155466,1.018069249720745,0.07991926826058557,0.19551410606203762,0.48515795641016135,50.31645695415422,0.39672621437498456,0.7598366415578848,1.040758236875935,persistent_theta0_plus_0p05
2025,high_immigration,0.315754543135848,0.366209308819158,0.310923311334498,0.0071128367104942,50.0529839103252,0.6002601228936247,1.0234216585149143,0.07955398542801448,0.1953170722641682,0.4888693517701157,50.4097032414826,0.39606126416242776,0.7597887940430285,1.0461263160106518,persistent_theta0_plus_0p05
2026,high_immigration,0.314325894818543,0.366538588603669,0.311598343745939,0.0075371728318484,50.1198268390875,0.6055281759753349,1.0288273243024282,0.07920791339264913,0.19511234517616693,0.49007308069722727,50.46114748696562,0.3953936047605244,0.7597407171923485,1.051548298979647,persistent_theta0_plus_0p05
2027,high_immigration,0.312913057417045,0.366864214437128,0.312265915799751,0.0079568123460761,50.1859302910596,0.610821197119578,1.034287366395454,0.07886499799054307,0.19490688099653747,0.49126349671868763,50.51202258775206,0.3947231736408703,0.7596924058545098,1.0570277666386334,persistent_theta0_plus_0p05
2028,high_immigration,0.311515750686577,0.367186273526579,0.312926139996701,0.0083718357901422,50.2513066902855,0.6161397559489477,1.0398029390473065,0.07852517507978635,0.1947006609200636,0.49244081560517233,50.562338154518216,0.3940499065930607,0.7596438547356218,1.06256610380167,persistent_theta0_plus_0p05
2029,high_immigration,0.310133752508536,0.367504787332936,0.313579142387347,0.0087823177711808,50.3159672601612,0.6214842149626256,1.0453749997994988,0.07818838867420265,0.19449366564739062,0.49360525126639465,50.61210287086857,0.39337376586161404,0.7595950604296184,1.0681620075057991,persistent_theta0_plus_0p05
2030,high_immigration,0.308766785860204,0.367819848259585,0.314225033473055,0.009188332407156,50.3799242953004,0.6268549294275817,1.0510045141575834,0.07785457904580029,0.19428588403031283,0.4947570114131594,50.66132605532579,0.3926947148055817,0.7595460195941776,1.0738164453724128,persistent_theta0_plus_0p05
2031,high_immigration,0.307050385846471,0.370249704109914,0.313211782626203,0.0094881274174112,50.4064121393787,0.6321571049543766,1.0565919241955524,0.07755577768007295,0.19407730527052394,0.4943723611622821,50.68024178644181,0.3920247363114895,0.7594975978923196,1.0794276892090904,persistent_theta0_plus_0p05
2032,high_immigration,0.305349687746675,0.372657335821681,0.312207796414592,0.0097851800170522,50.4326576377302,0.6373909638189119,1.0621364742434642,0.07726055418456541,0.1938716079664587,0.49399122562647857,50.69898438324513,0.39136378887823753,0.7594497935524263,1.0849996630713836,persistent_theta0_plus_0p05
2033,high_immigration,0.303664456473963,0.375043064543872,0.311212948098067,0.0100795308840978,50.4586644461721,0.6425567364860014,1.0676374259108823,0.07696885594471545,0.19366877481819927,0.49361356261285383,50.71755666563196,0.3907118300622509,0.7594026047236168,1.0905317999428141,persistent_theta0_plus_0p05
2034,high_immigration,0.301994497762944,0.377407162422649,0.310227124267417,0.0103712155469907,50.48443586925,0.6476542440139981,1.0730936103826254,0.07668063618631654,0.19346878837175518,0.4932393311685254,50.73596084868007,0.3900688691422476,0.7593560332911881,1.096018358189447,persistent_theta0_plus_0p05
2035,high_immigration,0.300339601374637,0.37974996254288,0.30925016803822,0.0106602680442639,50.5099742854081,0.6526832981779478,1.078503849061207,0.07639585465772532,0.1932716471606799,0.49286845226803994,50.754198512058345,0.3894349165484549,0.7593100812228007,1.101458146313128,persistent_theta0_plus_0p05
2036,high_immigration,0.299204042512136,0.381945023560312,0.307919484106165,0.0109314498213868,50.5302717666333,0.6576731994069444,1.0838989259992553,0.07620575695475926,0.19307735017368183,0.49208523415797617,50.75572815771321,0.38880626868155604,0.7592644809841155,1.1068826148808237,persistent_theta0_plus_0p05
2037,high_immigration,0.298074555761762,0.384128354621768,0.306595907563055,0.0112011820534154,50.5504606195191,0.6626249607371532,1.0892794453164558,0.07601716509301304,0.19288475890942033,0.49130619729055913,50.75724947805946,0.38818279122297544,0.7592192234548606,1.1123060670324398,persistent_theta0_plus_0p05
2038,high_immigration,0.296951068091089,0.386300062157777,0.305279393079556,0.0114694766715781,50.5705424491667,0.6675395889003329,1.0946460253267758,0.07583004810642342,0.1926938296105866,0.4905313225623573,50.7587632084802,0.3875643509211139,0.7591742995665773,1.1177290656802736,persistent_theta0_plus_0p05
2039,high_immigration,0.295833571102799,0.38846022655396,0.303969856599785,0.0117363457434554,50.5905168360559,0.6724168900096203,1.099997984549313,0.07564438655956414,0.1925045189605985,0.4897605464434965,50.76026818287208,0.3869509657460215,0.7591297112218718,1.12313702596753,persistent_theta0_plus_0p05
2040,high_immigration,0.294721989580413,0.390608937631894,0.30266727153758,0.0120018012501134,50.6103857348563,0.6772566640915524,1.1053346299472864,0.07546016693753521,0.19231683001625682,0.4889938670718621,50.76176555122286,0.38634265435335596,0.7590854603789017,1.128529241518364,persistent_theta0_plus_0p05
2041,high_immigration,0.293644418805179,0.391687375214779,0.302597144976532,0.0120710610035092,50.6329557264256,0.6820969198949021,1.1106977011522612,0.0752319260059843,0.19213076607963972,0.48915472256126025,50.781332931047,0.3857346370570006,0.7590411995816178,1.1339483295072115,persistent_theta0_plus_0p05
2042,high_immigration,0.292571672232722,0.392760971214801,0.302527346021445,0.0121400105310313,50.655424994486,0.6869369890599631,1.1160865856139535,0.0750047425069755,0.19194486366457805,0.48931487006232033,50.80081297755268,0.3851269995352644,0.7589969349414528,1.1393866834023523,persistent_theta0_plus_0p05
2043,high_immigration,0.291503724586868,0.393829784310589,0.302457839757746,0.0122086513447982,50.6777932645644,0.6917761845728526,1.1215006360699582,0.07477862195022744,0.19175914828340615,0.48947428330425957,50.82020548090114,0.38451982960476544,0.7589526727435382,1.1448434832701113,persistent_theta0_plus_0p05
2044,high_immigration,0.290440529580823,0.394893816157201,0.302388669470417,0.0122769847915591,50.70006246341,0.6966143983310122,1.126939843290563,0.0745535632589178,0.1915736460640514,0.48963300939865506,50.839512157886496,0.3839131423018011,0.758908413980088,1.1503256093234562,persistent_theta0_plus_0p05
2045,high_immigration,0.289382090710484,0.395953105628258,0.302319787435766,0.0123450162254916,50.7222317720074,0.7014515223490515,1.132404196295543,0.07432956797443871,0.19138836087342703,0.48979100968855926,50.85873215615933,0.38330695260951864,0.7588641596427398,1.1558330510974297,persistent_theta0_plus_0p05
2046,high_immigration,0.288925771090532,0.395097247225682,0.303768617666277,0.0122083640175092,50.7337317508848,0.7063829673983907,1.1380023775796584,0.07412953392583677,0.1912032965583342,0.4910404178518277,50.89152646177527,0.3826893158561084,0.7588190366673958,1.1614767331359876,persistent_theta0_plus_0p05
2047,high_immigration,0.288473622701139,0.394249199981426,0.30520421605035,0.0120729612670851,50.7451266238524,0.7114099098427313,1.1437374529028765,0.07392959239166469,0.1910148078157555,0.4922784161805207,50.92402124238317,0.38206010828482173,0.7587730339579571,1.1672633687214051,persistent_theta0_plus_0p05
2048,high_immigration,0.288025598294487,0.393408858136186,0.306626754678091,0.0119387888912358,50.7564175467811,0.7165335083649642,1.1496125423738877,0.07372971937485429,0.19082286023388725,0.49350514946822105,50.956220184590975,0.3814192093443193,0.7587261405681615,1.173196024057738,persistent_theta0_plus_0p05
2049,high_immigration,0.287581618754485,0.392576127487281,0.308036424055318,0.0118058297029172,50.7676065388872,0.721754600103299,1.155630471330118,0.07352988577703178,0.1906274204415517,0.49472078556923893,50.988127958841915,0.38076653968501034,0.7586783484830801,1.1792738177986906,persistent_theta0_plus_0p05
2050,high_immigration,0.287141638950333,0.391750890900729,0.309433399782245,0.0116740703666929,50.7786950094952,0.7270740093674476,1.1617941217207985,0.07333007278086913,0.19042846768469576,0.49592547729149405,51.0197484601982,0.38010202250252706,0.7586296497944184,1.185499658995013,persistent_theta0_plus_0p05
2051,high_immigration,0.287784137586958,0.388843388288858,0.311774238590171,0.0115982355340133,50.8029588506324,0.7326181735065266,1.168253187543231,0.0732360490307874,0.19022598202317273,0.49786760607372216,51.053008547819076,0.37940990623414095,0.7585788863652985,1.1920262562902029,persistent_theta0_plus_0p05
2052,high_immigration,0.28841945633501,0.385968373196903,0.31408892268472,0.0115232477833659,50.8269514982613,0.7383898816203953,1.1750155002197833,0.07313903358058617,0.19001517010878713,0.4997880349710258,51.08589702522433,0.3786899050341706,0.7585260317677824,1.1988786546553076,persistent_theta0_plus_0p05
2053,high_immigration,0.289047702524118,0.383125321039393,0.316377883997989,0.0114490924385001,50.8506778122163,0.7443918610416327,1.182089125714195,0.07303899349584111,0.18979595423831613,0.5016871234142225,51.118420205161975,0.37794174486286464,0.7584710600880714,1.2060648535181038,persistent_theta0_plus_0p05
2054,high_immigration,0.289669018557916,0.380313676145244,0.31864154698382,0.011375758313021,50.87414172239,0.7506253880264436,1.189480724107299,0.07293590253219258,0.1895682606445693,0.5035652219834696,51.150583743460054,0.3771653366061224,0.7584139586530789,1.2135741086120366,persistent_theta0_plus_0p05
2055,high_immigration,0.290283510328612,0.377532931163254,0.320880329151843,0.0113032293562913,50.8973475669742,0.7570916831707891,1.197197179088266,0.07282975155440331,0.18933207213027053,0.505422676108029,51.18239364765305,0.3763606019066691,0.7583547152543583,1.2214133888127807,persistent_theta0_plus_0p05
2056,high_immigration,0.291266765635539,0.37517354402654,0.322230110589303,0.0113295797486182,50.9320196859302,0.763799554136922,1.205254817874119,0.07281001328381889,0.18908737498103742,0.5065137064587982,51.19298599549699,0.37552652335372033,0.7582932481081593,1.2295992985791628,persistent_theta0_plus_0p05
2057,high_immigration,0.292239220425011,0.372840069318847,0.323565068788859,0.0113556414672826,50.9663111805368,0.770751676140291,1.2136630902150125,0.07278587137872647,0.18883387032417256,0.5075927561667758,51.20346208309159,0.3746628525492765,0.7582295315437279,1.2381563747306332,persistent_theta0_plus_0p05
2058,high_immigration,0.293201057684062,0.370532090480085,0.324885431764027,0.0113814200718253,51.0002276685355,0.77795067959434,1.2224317800374598,0.07275730878659036,0.1885714935530032,0.5086600079996578,51.2138234380001,0.3737693517410439,0.7581635402415264,1.2470946441540367,persistent_theta0_plus_0p05
2059,high_immigration,0.294152448631196,0.368249185343212,0.326191450126876,0.0114069158987147,51.0337754193552,0.7853979716231673,1.2315695701510303,0.07272430736675257,0.1883001835493533,0.5097156621283523,51.22407208640232,0.3728459400542328,0.7580952600380468,1.2564078563630652,persistent_theta0_plus_0p05
2060,high_immigration,0.295093553715762,0.365990947340397,0.327483361128645,0.0114321378151963,51.0669610972017,0.7930949030307659,1.241085451219231,0.07268686623794637,0.18801992702518847,0.5107599159920929,51.23421023591057,0.3718925484428501,0.7580246772329597,1.2661051359011766,persistent_theta0_plus_0p05
2061,high_immigration,0.29488975166551,0.365514401593066,0.327995178189223,0.011600668552201,51.0937303708615,0.8009261437447956,1.2508428465230792,0.07251443367955426,0.18773071439096686,0.5114027993174551,51.25315330048017,0.37092354263170424,0.7579528483894118,1.2760471063226058,persistent_theta0_plus_0p05
2062,high_immigration,0.294687829071622,0.365042256306628,0.328502272484249,0.0117676421375007,51.1202524254807,0.8088907245250195,1.2608450642794382,0.07234097486886673,0.18743691165226273,0.5120397487988314,51.271921526125354,0.36993910226807264,0.7578797816545279,1.2862144400927502,persistent_theta0_plus_0p05
2063,high_immigration,0.294487772505042,0.364574460798758,0.329004691617933,0.0119330750782678,51.146529923256,0.8169876594463592,1.2710954872127855,0.0721665095429445,0.1871385780407497,0.5126708241508244,51.29051660340764,0.36893941010263154,0.7578054853232891,1.2966105865888566,persistent_theta0_plus_0p05
2064,high_immigration,0.294289549481839,0.364110942141933,0.329502515455513,0.0120969929207146,51.1725667964897,0.825217659724645,1.281599769257958,0.07199105299230973,0.1868357735082487,0.513296125116329,51.30894147725985,0.36792444073346015,0.7577299521082022,1.3072643391830847,persistent_theta0_plus_0p05
2065,high_immigration,0.294093134416492,0.363651670278752,0.329995781077669,0.0122594142270876,51.1983656218806,0.8335814032948959,1.2923636916846135,0.07181459935603123,0.18652849477443811,0.5139157056118072,51.32719790319097,0.36689417485833653,0.7576531750093813,1.3181815554939242,persistent_theta0_plus_0p05
2066,high_immigration,0.293534659867515,0.363914109633305,0.330081592422829,0.0124696380763508,51.2086088438694,0.8420377726156909,1.3033387354678525,0.07160279233334049,0.1862167402908193,0.5142659084691346,51.34509926210375,0.36585373446666397,0.757575530806352,1.329312704775456,persistent_theta0_plus_0p05
2067,high_immigration,0.292980042082814,0.364174747803748,0.33016680006361,0.0126784100498281,51.2187811395341,0.8505867032770293,1.3145286506998846,0.07139080345399389,0.1859020629626757,0.5146136827896721,51.36287677134271,0.36480317663169887,0.7574970195363011,1.340655352810551,persistent_theta0_plus_0p05
2068,high_immigration,0.292429242080774,0.364433585849704,0.330251426799355,0.0128857452701663,51.2288834882295,0.8592281109606368,1.3259372508712954,0.07117863388786527,0.18558448176879,0.514959068550453,51.38053203031359,0.3637425617775944,0.7574176414138456,1.3522133342779694,persistent_theta0_plus_0p05
2069,high_immigration,0.291882217430638,0.364690650873189,0.330335474829268,0.0130916568669057,51.2389166120414,0.8679623413563269,1.3375690156215219,0.07096628565251421,0.18526401654228203,0.5153020859119607,51.39806622598986,0.36267189855490967,0.7573373926970298,1.363997488620034,persistent_theta0_plus_0p05
2070,high_immigration,0.291338947814412,0.364945958965933,0.330418932180687,0.0132961610389678,51.248880547782,0.8767897171556033,1.3494285070636909,0.07075375825242428,0.1849406713207692,0.5156427417255276,51.415479968550045,0.3615911996111938,0.7572562698464249,1.3760124274887306,persistent_theta0_plus_0p05
2071,high_immigration,0.290917364215362,0.366228553847397,0.329383539801183,0.0134705421360572,51.2407245643533,0.8856882699789066,1.3614900534787582,0.07061032041394918,0.18461445121098868,0.514931069111212,51.407468457404526,0.3605032024454485,0.7571744742371851,1.3882319334335256,persistent_theta0_plus_0p05
2072,high_immigration,0.290498162044465,0.367503918123591,0.328353980117673,0.0136439397142695,51.2326144631722,0.8946595229048621,1.3737592779738206,0.07046627107452663,0.18428618311952016,0.5142234035420785,51.39950192786047,0.35940776472116687,0.757091991416739,1.400674806301827,persistent_theta0_plus_0p05
2073,high_immigration,0.290081308608841,0.368772113239858,0.327330215514854,0.0138163626364468,51.2245501418581,0.9037049901618717,1.3862419432001851,0.0703215906380435,0.18395582398977436,0.5135197240448445,51.39158047005398,0.3583047468512913,0.7570088069973822,1.4133471588173245,persistent_theta0_plus_0p05
2074,high_immigration,0.289666796475984,0.370033197432927,0.326312187344496,0.0139878187465925,51.2165309067769,0.9128252685605611,1.3989426847629398,0.0701762643359088,0.1836233315588692,0.5128199860105821,51.38370328033125,0.35719412259654226,0.7569249150144615,1.4262406138947332,persistent_theta0_plus_0p05
2075,high_immigration,0.289254608087133,0.371287232708434,0.325299842582338,0.0141583166220962,51.2085562292513,0.9220209370474466,1.411866227161851,0.0700302887460476,0.18328869766621533,0.5121241520709209,51.37586986709593,0.35607586901223215,0.7568403096587017,1.4393599487622204,persistent_theta0_plus_0p05
2076,high_immigration,0.289050514874763,0.372472480481869,0.324388737993873,0.0140882666494952,51.2037624674144,0.9313064516045406,1.4250371865001012,0.06991848363871223,0.18295191503506,0.5112717269478169,51.35908288237872,0.3549482803209,0.7567548573897899,1.4527302207495156,persistent_theta0_plus_0p05
2077,high_immigration,0.288847770918795,0.373649920263344,0.323483631467186,0.0140186773506747,51.1990000803616,0.9406830747609166,1.4384620648336095,0.06980548853520492,0.18261246979093176,0.5104249122982554,51.342406297460364,0.353811260321226,0.7566685459952532,1.4663649186569323,persistent_theta0_plus_0p05
2078,high_immigration,0.288646356664029,0.374819621770503,0.32258447678311,0.013949544782358,51.1942691563404,0.9501520471292395,1.4521475136923465,0.069691291881437,0.18227033303736553,0.5095836659093168,51.32583940990361,0.35266471734455246,0.7565813634475309,1.4802708740076782,persistent_theta0_plus_0p05
2079,high_immigration,0.288446260673294,0.375981669653171,0.32169120395618,0.0138808657173556,51.1895692376615,0.9597141295362331,1.4660996673995363,0.06957588476187422,0.18192547713411583,0.508747923605188,51.309380921720326,0.35150861959548585,0.7564933021211879,1.4944473598908197,persistent_theta0_plus_0p05
2080,high_immigration,0.288247478049963,0.377136131961015,0.320803756530863,0.0138126334581578,51.1848996876639,0.969370060445367,1.4803247923803495,0.06945926552168318,0.1815778923226555,0.5079176292826242,51.29302958521666,0.3503429395750003,0.7564043545839597,1.508900720644411,persistent_theta0_plus_0p05
2081,high_immigration,0.288413218929404,0.376896318966826,0.320880220408779,0.0138102416949913,51.1815739692034,0.9791783053710357,1.494915618741231,0.06934442782332455,0.18122756998378348,0.5079594330539826,51.29158544860826,0.34916069864996446,0.7563139814273142,1.5237254311479795,persistent_theta0_plus_0p05
2082,high_immigration,0.288577718512433,0.376658301533312,0.320956109700234,0.0138078702540207,51.1782733862588,0.9891395219691027,1.5098812110208744,0.0692275224703498,0.1808724135650495,0.5080009241819643,51.290152162784715,0.34796191542394694,0.7562221755329567,1.53893130285657,persistent_theta0_plus_0p05
2083,high_immigration,0.288740974575497,0.376422076308175,0.321031434346191,0.013805514770137,51.1749975368056,0.9992543144658321,1.5252308444767655,0.0691085510445075,0.180512430413502,0.5080421080183707,51.288729832341794,0.3467466177811465,0.7561289302527111,1.5545275771068994,persistent_theta0_plus_0p05
2084,high_immigration,0.288903018747578,0.376187612576122,0.321106190360546,0.013803178315754,51.1717460698525,1.0095231962011064,1.5409739533570717,0.06898752097924224,0.18014763037024123,0.5080829789965333,51.287317917758806,0.345514847377911,0.7560342397543779,1.5705230137354642,persistent_theta0_plus_0p05
2085,high_immigration,0.289063856821507,0.375954889493292,0.321180395534763,0.0138008581504377,51.1685188747705,1.0199466370010057,1.5571202077091844,0.06886443696288833,0.1797780270991523,0.5081235497934546,51.285916589907224,0.3442666539354666,0.7559380985856441,1.586927404499368,persistent_theta0_plus_0p05
2086,high_immigration,0.289410457101224,0.375274360585668,0.321457347311434,0.0138578350016735,51.160908218344,1.0305476872972246,1.573715123703695,0.0687526846327824,0.17940363635420026,0.5083720955166132,51.287127914508275,0.34299939310664,0.7558402929152617,1.6037870703642443,persistent_theta0_plus_0p05
2087,high_immigration,0.289754389570626,0.374599061140666,0.321732172951477,0.0139143763372303,51.1533562601397,1.0413269043398943,1.5907702961496286,0.06863841732766053,0.17902366591065527,0.5086187359242427,51.28833011982907,0.3417131245121816,0.7557408162693189,1.6211166880291659,persistent_theta0_plus_0p05
2088,high_immigration,0.290095690755911,0.373928923706644,0.322004903037404,0.0139704825000404,51.1458619934278,1.0522847894674188,1.6082976301927372,0.06852164441937181,0.17863813464237016,0.5088634933703133,51.28952318877084,0.34040791811171434,0.75563966266231,1.6389283080550123,persistent_theta0_plus_0p05
2089,high_immigration,0.290434388258837,0.373263903192558,0.322275545228683,0.0140261633199227,51.1384249834465,1.0634216106884815,1.6263090622589265,0.06840237573959712,0.17824706409774566,0.5091063794549195,51.290707091301684,0.3390838752801195,0.7555368282361142,1.6572310135973722,persistent_theta0_plus_0p05
2090,high_immigration,0.290770512069365,0.372603935426874,0.322544132833849,0.0140814196699122,51.1310444344137,1.074737582171158,1.6448168485253176,0.06828062417090498,0.17785048478778348,0.5093474204429804,51.291881995395414,0.3377411073248124,0.7554323096048465,1.676037214119701,persistent_theta0_plus_0p05
2091,high_immigration,0.290773704214159,0.37191730254951,0.323323215068809,0.0139857781675227,51.1419002477328,1.086212471287046,1.66379964392109,0.06809637254781388,0.1774484297209549,0.5099620382805747,51.30449071173787,0.3363821481900341,0.755326292295103,1.6953250785284473,persistent_theta0_plus_0p05
2092,high_immigration,0.290776859948253,0.371236312429297,0.324095903998899,0.0138909236235513,51.1526672266323,1.0978452567657548,1.6832672801440518,0.0679106898667166,0.17704165645633527,0.5105716158679674,51.31699620140188,0.335007247486657,0.7552187844596616,1.715090622906691,persistent_theta0_plus_0p05
2093,high_immigration,0.290779988805675,0.370560904268498,0.3248622605836,0.0137968463422272,51.1633460752329,1.1096348722314864,1.7032297980844195,0.06772360369750469,0.17663023771444114,0.5111761979123932,51.32939922101063,0.33361666196016243,0.7551097946621632,1.7353437388031605,persistent_theta0_plus_0p05
2094,high_immigration,0.290783096554764,0.369891018235496,0.325622349192769,0.0137035360169709,51.1739372451958,1.1215809948050697,1.7236988092546441,0.0675351415292108,0.17621424782680267,0.5117758322055513,51.34170064266462,0.3322105626869722,0.7549993245845376,1.7561101609756606,persistent_theta0_plus_0p05
2095,high_immigration,0.29078618122848,0.369226559542322,0.326376275611942,0.0136109836172548,51.1844427145655,1.1336832546132123,1.7446862013524593,0.06734531786609362,0.17579373497589634,0.512370606122005,51.35390234106665,0.33078912873394756,0.7548873763301182,1.7774019110774901,persistent_theta0_plus_0p05
2096,high_immigration,0.290420170011509,0.36895609635169,0.327041619013531,0.0135821146232701,51.208148681697,1.1459086457360783,1.7661465860602483,0.0671064642473314,0.17536874922151802,0.5129983347713947,51.37273390107896,0.32935636218831205,0.7547742540200924,1.7991726575130305,persistent_theta0_plus_0p05
2097,high_immigration,0.290057218643465,0.368687896731534,0.327701396762352,0.0135534878626495,51.2316563656395,1.1582559430379629,1.7880889084573806,0.06686735949410368,0.1749404826974646,0.5136208133659816,51.39140798879723,0.3279125211377977,0.754659967935862,1.8214196724911538,persistent_theta0_plus_0p05
2098,high_immigration,0.289697296909399,0.368421932117017,0.328355672011743,0.0135250989618409,51.2549679249269,1.1707238936776616,1.8105222711322972,0.06662802408944718,0.17450900724230647,0.5142380993398156,51.40992626265651,0.32645786752513284,0.7545445286193748,1.8441519606468932,persistent_theta0_plus_0p05
2099,high_immigration,0.28934036281533,0.368158177911653,0.329004512561193,0.0134969467118235,51.2780857917271,1.183311843239935,1.8334570824400194,0.0663884767804312,0.17407439540170913,0.5148502589234154,51.428290776666174,0.3249925942664008,0.7544279410738323,1.8673918967198937,persistent_theta0_plus_0p05
2100,high_immigration,0.288986378770696,0.367896604568806,0.329647990270842,0.0134690263896574,51.3010127350482,1.1960191043379678,1.8569039575756052,0.06614872873439757,0.17363669866146436,0.5154573581788451,51.44650348181428,0.3235168992631211,0.7543102106058167,1.8911501977549572,persistent_theta0_plus_0p05
