outer_iter,period,year,is_report_period,political_pass_through,vote_scale,demographic_scenario,age_col_requested,age_col_used,age_year,demographic_horizon_capped,price_guess,price_generated,vote,vote_resid,pressure,restriction,homeownership,housing_demand,abs_log_path_gap,abs_log_price_move,path_relaxation
1,1,2001,1,-0.006,0.02,published_baby_boom,52,52,2001,0,8.98129172105232,8.98129172105232,0.41117365846519,0.00641114812689902,0.310010844086842,-0.00186006506452105,0.416421619293995,0.84818806959893,0,0,0.01
1,2,2002,1,-0.006,0.02,published_baby_boom,53,53,2002,0,8.98129172105232,8.98129172105232,0.41117365846519,0.00641114812689902,0.310010844086842,-0.00186006506452105,0.41550605615704,0.846323205425653,0,0,0.01
1,3,2003,1,-0.006,0.02,published_baby_boom,54,54,2003,0,8.98129172105232,8.98129172105232,0.41117365846519,0.00641114812689902,0.310010844086842,-0.00186006506452105,0.414599887818375,0.844477475248491,0,0,0.01
1,4,2004,1,-0.006,0.02,published_baby_boom,55,55,2004,0,8.98129172105232,8.98129172105232,0.41117365846519,0.00641114812689902,0.310010844086842,-0.00186006506452105,0.413703166568331,0.842650985301222,0,0,0.01
1,5,2005,1,-0.006,0.02,published_baby_boom,56,56,2005,0,8.98129172105232,8.96460146138432,0.409297153644823,0.0045346433065323,0.222925186385115,-0.00133755111831069,0.41281858415722,0.840849217895937,0.001860065064521,0,0.01
1,6,2006,1,-0.006,0.02,published_baby_boom,57,57,2006,0,8.98129172105232,8.96460146138432,0.409297153644823,0.0045346433065323,0.222925186385115,-0.00133755111831069,0.411955875219111,0.83909199988907,0.001860065064521,0,0.01
1,7,2007,1,-0.006,0.02,published_baby_boom,58,58,2007,0,8.98129172105232,8.96460146138432,0.409297153644823,0.0045346433065323,0.222925186385115,-0.00133755111831069,0.411111488204509,0.837372097279057,0.001860065064521,0,0.01
1,8,2008,1,-0.006,0.02,published_baby_boom,59,59,2008,0,8.98129172105232,8.96460146138432,0.409297153644823,0.0045346433065323,0.222925186385115,-0.00133755111831069,0.410287290834827,0.835693313461512,0.001860065064521,0,0.01
1,9,2009,1,-0.006,0.02,published_baby_boom,60,60,2009,0,8.98129172105232,8.96928681464472,0.407645873739694,0.00288336340140333,0.143177585513707,-0.000859065513082244,0.409491405289199,0.83407219080307,0.00133755111831052,0,0.01
1,10,2010,1,-0.006,0.02,published_baby_boom,61,61,2010,0,8.98129172105232,8.96928681464472,0.407645873739694,0.00288336340140333,0.143177585513707,-0.000859065513082244,0.409617084949162,0.834328149462972,0.00133755111831052,0,0.01
1,11,2011,1,-0.006,0.02,published_baby_boom,62,62,2011,0,8.98129172105232,8.96928681464472,0.407645873739694,0.00288336340140333,0.143177585513707,-0.000859065513082244,0.409797557720416,0.834695704639419,0.00133755111831052,0,0.01
1,12,2012,1,-0.006,0.02,published_baby_boom,63,63,2012,0,8.98129172105232,8.96928681464472,0.407645873739694,0.00288336340140333,0.143177585513707,-0.000859065513082244,0.41004897893899,0.835207761395466,0.00133755111831052,0,0.01
1,13,2013,1,-0.006,0.02,published_baby_boom,64,64,2013,0,8.98129172105232,8.97357951619074,0.408171860150146,0.00340934981185498,0.168835246301534,-0.0010130114778092,0.410373383989097,0.835868466714738,0.000859065513082258,0,0.01
1,14,2014,1,-0.006,0.02,published_baby_boom,65,65,2014,0,8.98129172105232,8.97357951619074,0.408171860150146,0.00340934981185498,0.168835246301534,-0.0010130114778092,0.410792516498544,0.83672210757367,0.000859065513082258,0,0.01
1,15,2015,1,-0.006,0.02,published_baby_boom,66,66,2015,0,8.98129172105232,8.97357951619074,0.408171860150146,0.00340934981185498,0.168835246301534,-0.0010130114778092,0.41130622409788,0.837768373844277,0.000859065513082258,0,0.01
1,16,2016,1,-0.006,0.02,published_baby_boom,67,67,2016,0,8.98129172105232,8.97357951619074,0.408171860150146,0.00340934981185498,0.168835246301534,-0.0010130114778092,0.411916024940304,0.83901035776017,0.000859065513082258,0,0.01
1,17,2017,1,-0.006,0.02,published_baby_boom,68,68,2017,0,8.98129172105232,8.97219817616366,0.409088684984552,0.00432617464626123,0.212997042598692,-0.00127798225559215,0.412637295993555,0.840479379092893,0.00101301147780925,0,0.01
1,18,2018,1,-0.006,0.02,published_baby_boom,69,69,2018,0,8.98129172105232,8.97219817616366,0.409088684984552,0.00432617464626123,0.212997042598692,-0.00127798225559215,0.413433356207984,0.842100729911285,0.00101301147780925,0,0.01
1,19,2019,1,-0.006,0.02,published_baby_boom,70,70,2019,0,8.98129172105232,8.97219817616366,0.409088684984552,0.00432617464626123,0.212997042598692,-0.00127798225559215,0.414366416054406,0.844001116853505,0.00101301147780925,0,0.01
1,20,2020,1,-0.006,0.02,published_baby_boom,71,71,2020,0,8.98129172105232,8.97219817616366,0.409088684984552,0.00432617464626123,0.212997042598692,-0.00127798225559215,0.415334613172361,0.845973074208734,0.00101301147780925,0,0.01
1,21,2021,1,-0.006,0.02,published_baby_boom,72,72,2021,0,8.98129172105232,8.96982112077351,0.410853524253571,0.00609101391527972,0.295471580198296,-0.00177282948118977,0.416350658334269,0.848042490924402,0.00127798225559219,0,0.01
1,22,2022,1,-0.006,0.02,published_baby_boom,73,73,2022,0,8.98129172105232,8.96982112077351,0.410853524253571,0.00609101391527972,0.295471580198296,-0.00177282948118977,0.417350380724353,0.850078668312538,0.00127798225559219,0,0.01
1,23,2023,1,-0.006,0.02,published_baby_boom,74,74,2023,0,8.98129172105232,8.96982112077351,0.410853524253571,0.00609101391527972,0.295471580198296,-0.00177282948118977,0.418340952725408,0.852096214101475,0.00127798225559219,0,0.01
1,24,2024,1,-0.006,0.02,published_baby_boom,75,75,2024,0,8.98129172105232,8.96982112077351,0.410853524253571,0.00609101391527972,0.295471580198296,-0.00177282948118977,0.419260753133512,0.853969623036667,0.00127798225559219,0,0.01
1,25,2025,1,-0.006,0.02,published_baby_boom,76,76,2025,0,8.98129172105232,8.96538352773365,0.412964582234997,0.00820207189670585,0.38856063790869,-0.00233136382745214,0.420125490798164,0.85573089142042,0.0017728294811898,0,0.01
1,26,2026,1,-0.006,0.02,published_baby_boom,77,77,2026,0,8.98129172105232,8.96538352773365,0.412964582234997,0.00820207189670585,0.38856063790869,-0.00233136382745214,0.420889062174667,0.857286120306906,0.0017728294811898,0,0.01
1,27,2027,1,-0.006,0.02,published_baby_boom,78,78,2027,0,8.98129172105232,8.96538352773365,0.412964582234997,0.00820207189670585,0.38856063790869,-0.00233136382745214,0.421552547399487,0.858637511158528,0.0017728294811898,0,0.01
1,28,2028,1,-0.006,0.02,published_baby_boom,79,79,2028,0,8.98129172105232,8.96538352773365,0.412964582234997,0.00820207189670585,0.38856063790869,-0.00233136382745214,0.422116069304664,0.859785315334134,0.0017728294811898,0,0.01
1,29,2029,1,-0.006,0.02,published_baby_boom,80,80,2029,0,8.98129172105232,8.96037745126896,0.414439089414034,0.00967657907574349,0.44930484607525,-0.0026958290764515,0.422498480608073,0.860564258461801,0.00233136382745225,0,0.01
1,30,2030,1,-0.006,0.02,published_baby_boom,81,81,2030,0,8.98129172105232,8.96037745126896,0.414439089414034,0.00967657907574349,0.44930484607525,-0.0026958290764515,0.422794445017155,0.861167144164183,0.00233136382745225,0,0.01
1,31,2031,1,-0.006,0.02,published_baby_boom,82,82,2031,0,8.98129172105232,8.96037745126896,0.414439089414034,0.00967657907574349,0.44930484607525,-0.0026958290764515,0.422967009408458,0.861518707921812,0.00233136382745225,0,0.01
1,32,2032,1,-0.006,0.02,published_baby_boom,83,83,2032,0,8.98129172105232,8.96037745126896,0.414439089414034,0.00967657907574349,0.44930484607525,-0.0026958290764515,0.423078403167234,0.861745692271584,0.00233136382745225,0,0.01
1,33,2033,1,-0.006,0.02,published_baby_boom,84,84,2033,0,8.98129172105232,8.95711230012326,0.414774504600528,0.0100119942622374,0.462588669546904,-0.00277553201728142,0.423102117322265,0.861794103914596,0.00269582907645145,0,0.01
1,34,2034,1,-0.006,0.02,published_baby_boom,85,85,2034,0,8.98129172105232,8.95711230012326,0.414774504600528,0.0100119942622374,0.462588669546904,-0.00277553201728142,0.423089716921174,0.861768964621376,0.00269582907645145,0,0.01
1,35,2035,1,-0.006,0.02,published_baby_boom,86,86,2035,0,8.98129172105232,8.95711230012326,0.414774504600528,0.0100119942622374,0.462588669546904,-0.00277553201728142,0.423014009918158,0.861614888500829,0.00269582907645145,0,0.01
1,36,2036,1,-0.006,0.02,published_baby_boom,87,87,2036,0,8.98129172105232,8.95711230012326,0.414774504600528,0.0100119942622374,0.462588669546904,-0.00277553201728142,0.422916577616397,0.86141656240669,0.00269582907645145,0,0.01
1,37,2037,1,-0.006,0.02,published_baby_boom,88,88,2037,0,8.98129172105232,8.95639842038113,0.414614389717816,0.00985187937952497,0.456272805779447,-0.00273763683467668,0.422777411624806,0.861133231164599,0.00277553201728144,0,0.01
1,38,2038,1,-0.006,0.02,published_baby_boom,89,89,2038,0,8.98129172105232,8.95639842038113,0.414614389717816,0.00985187937952497,0.456272805779447,-0.00273763683467668,0.422635746415528,0.860844800956834,0.00277553201728144,0,0.01
1,39,2039,1,-0.006,0.02,published_baby_boom,90,90,2039,0,8.98129172105232,8.95639842038113,0.414614389717816,0.00985187937952497,0.456272805779447,-0.00273763683467668,0.422502087590755,0.860572676845848,0.00277553201728144,0,0.01
1,40,2040,1,-0.006,0.02,published_baby_boom,91,91,2040,0,8.98129172105232,8.95639842038113,0.414614389717816,0.00985187937952497,0.456272805779447,-0.00273763683467668,0.42237529966893,0.860314721421156,0.00277553201728144,0,0.01
1,41,2041,0,-0.006,0.02,published_baby_boom,92,92,2041,0,8.98129172105232,8.95673783116573,0.414203441954405,0.00944093161611403,0.439851430035925,-0.00263910858021555,0.422276707858678,0.860113907131367,0.00273763683467672,0,0.01
1,42,2042,0,-0.006,0.02,published_baby_boom,93,93,2042,0,8.98129172105232,8.95673783116573,0.414203441954405,0.00944093161611403,0.439851430035925,-0.00263910858021555,0.422177463554618,0.859911763889557,0.00273763683467672,0,0.01
1,43,2043,0,-0.006,0.02,published_baby_boom,94,94,2043,0,8.98129172105232,8.95673783116573,0.414203441954405,0.00944093161611403,0.439851430035925,-0.00263910858021555,0.422077502442109,0.859708160704323,0.00273763683467672,0,0.01
1,44,2044,0,-0.006,0.02,published_baby_boom,95,95,2044,0,8.98129172105232,8.95673783116573,0.414203441954405,0.00944093161611403,0.439851430035925,-0.00263910858021555,0.421977909050493,0.859505306462006,0.00273763683467672,0,0.01
1,45,2045,0,-0.006,0.02,published_baby_boom,96,96,2045,0,8.98129172105232,8.95762036638651,0.413999498067425,0.00923698772913395,0.431590312695948,-0.00258954187617569,0.421878252219774,0.859302322987635,0.00263910858021561,0,0.01
1,46,2046,0,-0.006,0.02,published_baby_boom,97,97,2046,0,8.98129172105232,8.95762036638651,0.413999498067425,0.00923698772913395,0.431590312695948,-0.00258954187617569,0.42177693588541,0.859095959506851,0.00263910858021561,0,0.01
1,47,2047,0,-0.006,0.02,published_baby_boom,98,98,2047,0,8.98129172105232,8.95762036638651,0.413999498067425,0.00923698772913395,0.431590312695948,-0.00258954187617569,0.421672154174908,0.858882537993595,0.00263910858021561,0,0.01
1,48,2048,0,-0.006,0.02,published_baby_boom,99,99,2048,0,8.98129172105232,8.95762036638651,0.413999498067425,0.00923698772913395,0.431590312695948,-0.00258954187617569,0.421575480101939,0.858685629547257,0.00263910858021561,0,0.01
1,49,2049,0,-0.006,0.02,published_baby_boom,100,100,2049,0,8.98129172105232,8.9580643771081,0.41379512318532,0.00903261284702883,0.42323847257185,-0.0025394308354311,0.421472459394802,0.858475794876427,0.00258954187617565,0,0.01
1,50,2050,0,-0.006,0.02,published_baby_boom,101,101,2050,0,8.98129172105232,8.9580643771081,0.41379512318532,0.00903261284702883,0.42323847257185,-0.0025394308354311,0.421370502104798,0.858268126169131,0.00258954187617565,0,0.01
1,51,2051,0,-0.006,0.02,published_baby_boom,102,102,2051,0,8.98129172105232,8.9580643771081,0.41379512318532,0.00903261284702883,0.42323847257185,-0.0025394308354311,0.421268192228173,0.858059740041952,0.00258954187617565,0,0.01
1,52,2052,0,-0.006,0.02,published_baby_boom,103,103,2052,0,8.98129172105232,8.9580643771081,0.41379512318532,0.00903261284702883,0.42323847257185,-0.0025394308354311,0.421164975412748,0.85784950697338,0.00258954187617565,0,0.01
1,53,2053,0,-0.006,0.02,published_baby_boom,104,104,2053,0,8.98129172105232,8.95851328628465,0.413594971396192,0.00883246105790136,0.41498888413856,-0.00248993330483136,0.421061202870909,0.857638142314311,0.00253943083543112,0,0.01
1,54,2054,0,-0.006,0.02,published_baby_boom,105,105,2054,0,8.98129172105232,8.95851328628465,0.413594971396192,0.00883246105790136,0.41498888413856,-0.00248993330483136,0.420958131345878,0.857428205691926,0.00253943083543112,0,0.01
1,55,2055,0,-0.006,0.02,published_baby_boom,106,106,2055,0,8.98129172105232,8.95851328628465,0.413594971396192,0.00883246105790136,0.41498888413856,-0.00248993330483136,0.420852674356522,0.857213410717281,0.00253943083543112,0,0.01
1,56,2056,0,-0.006,0.02,published_baby_boom,107,107,2056,0,8.98129172105232,8.95851328628465,0.413594971396192,0.00883246105790136,0.41498888413856,-0.00248993330483136,0.420738526431294,0.856980914970011,0.00253943083543112,0,0.01
1,57,2057,0,-0.006,0.02,published_baby_boom,108,108,2057,0,8.98129172105232,8.95895672154455,0.413413223761396,0.00865071342310525,0.407438225964653,-0.00244462935578792,0.420626939720867,0.85675363554143,0.00248993330483121,0,0.01
1,58,2058,0,-0.006,0.02,published_baby_boom,109,109,2058,0,8.98129172105232,8.95895672154455,0.413413223761396,0.00865071342310525,0.407438225964653,-0.00244462935578792,0.420505047558608,0.856505366761526,0.00248993330483121,0,0.01
1,59,2059,0,-0.006,0.02,published_baby_boom,110,110,2059,0,8.98129172105232,8.95895672154455,0.413413223761396,0.00865071342310525,0.407438225964653,-0.00244462935578792,0.420380830004644,0.856252361447539,0.00248993330483121,0,0.01
1,60,2060,0,-0.006,0.02,published_baby_boom,111,111,2060,0,8.98129172105232,8.95895672154455,0.413413223761396,0.00865071342310525,0.407438225964653,-0.00244462935578792,0.420253046844361,0.855992095268989,0.00248993330483121,0,0.01
1,61,2061,0,-0.006,0.02,published_baby_boom,112,112,2061,0,8.98129172105232,8.95936260685738,0.413273005333712,0.00851049499542078,0.401574505203237,-0.00240944703121942,0.420121999656844,0.855725181448346,0.00244462935578795,0,0.01
1,62,2062,0,-0.006,0.02,published_baby_boom,113,113,2062,0,8.98129172105232,8.95936260685738,0.413273005333712,0.00851049499542078,0.401574505203237,-0.00240944703121942,0.419986674901868,0.855449555872038,0.00244462935578795,0,0.01
1,63,2063,0,-0.006,0.02,published_baby_boom,114,114,2063,0,8.98129172105232,8.95936260685738,0.413273005333712,0.00851049499542078,0.401574505203237,-0.00240944703121942,0.419817874315795,0.855105749321988,0.00244462935578795,0,0.01
1,64,2064,0,-0.006,0.02,published_baby_boom,115,115,2064,0,8.98129172105232,8.95936260685738,0.413273005333712,0.00851049499542078,0.401574505203237,-0.00240944703121942,0.419661198693987,0.854786561881138,0.00244462935578795,0,0.01
1,65,2065,0,-0.006,0.02,published_baby_boom,116,116,2065,0,8.98129172105232,8.95967782360554,0.413331126342104,0.00856861600381309,0.404009071895804,-0.00242405443137482,0.419455662886563,0.854367959362934,0.00240944703121944,0,0.01
1,66,2066,0,-0.006,0.02,published_baby_boom,117,117,2066,0,8.98129172105232,8.95967782360554,0.413331126342104,0.00856861600381309,0.404009071895804,-0.00242405443137482,0.419250361007562,0.853949831333959,0.00240944703121944,0,0.01
1,67,2067,0,-0.006,0.02,published_baby_boom,118,118,2067,0,8.98129172105232,8.95967782360554,0.413331126342104,0.00856861600381309,0.404009071895804,-0.00242405443137482,0.418790870389205,0.853013989693589,0.00240944703121944,0,0.01
1,68,2068,0,-0.006,0.02,published_baby_boom,119,119,2068,0,8.98129172105232,8.95967782360554,0.413331126342104,0.00856861600381309,0.404009071895804,-0.00242405443137482,0.418442111901578,0.852303678464372,0.00240944703121944,0,0.01
1,69,2069,0,-0.006,0.02,published_baby_boom,120,120,2069,0,8.98129172105232,8.95954694696219,0.413560454263059,0.00879794392476774,0.413559224702919,-0.00248135534821751,0.418136061188472,0.851680351316888,0.0024240544313749,0,0.01
1,70,2070,0,-0.006,0.02,published_baby_boom,121,121,2070,0,8.98129172105232,8.95954694696219,0.413560454263059,0.00879794392476774,0.413559224702919,-0.00248135534821751,0.417737486213517,0.850868577420574,0.0024240544313749,0,0.01
1,71,2071,0,-0.006,0.02,published_baby_boom,122,122,2071,0,8.98129172105232,8.95954694696219,0.413560454263059,0.00879794392476774,0.413559224702919,-0.00248135534821751,0.417118465927535,0.849607816457169,0.0024240544313749,0,0.01
1,72,2072,0,-0.006,0.02,published_baby_boom,123,123,2072,0,8.98129172105232,8.95954694696219,0.413560454263059,0.00879794392476774,0.413559224702919,-0.00248135534821751,0.416252753604678,0.847844610987897,0.0024240544313749,0,0.01
1,73,2073,0,-0.006,0.02,published_baby_boom,124,124,2073,0,8.98129172105232,8.95903357141622,0.413939647141586,0.00917713680329513,0.429152046720711,-0.00257491228032427,0.415637964390433,0.846592467150831,0.00248135534821755,0,0.01
1,74,2074,0,-0.006,0.02,published_baby_boom,125,125,2074,0,8.98129172105232,8.95903357141622,0.413939647141586,0.00917713680329513,0.429152046720711,-0.00257491228032427,0.414579005849103,0.844435670728591,0.00248135534821755,0,0.01
1,75,2075,0,-0.006,0.02,published_baby_boom,126,126,2075,0,8.98129172105232,8.95903357141622,0.413939647141586,0.00917713680329513,0.429152046720711,-0.00257491228032427,0.412381014910627,0.839958975277433,0.00248135534821755,0,0.01
1,76,2076,0,-0.006,0.02,published_baby_boom,127,127,2076,0,8.98129172105232,8.95903357141622,0.413939647141586,0.00917713680329513,0.429152046720711,-0.00257491228032427,0.41026807429918,0.835655503585223,0.00248135534821755,0,0.01
1,77,2077,0,-0.006,0.02,published_baby_boom,128,128,2077,0,8.98129172105232,8.95819543092818,0.435327159662711,0.0305646493244203,0.910121633833737,-0.00546072980300242,0.407248199103463,0.829504850440343,0.00257491228032419,0,0.01
1,78,2078,0,-0.006,0.02,published_baby_boom,129,129,2078,0,8.98129172105232,8.95819543092818,0.435327159662711,0.0305646493244203,0.910121633833737,-0.00546072980300242,0.402122772125837,0.819065758666623,0.00257491228032419,0,0.01
1,79,2079,0,-0.006,0.02,published_baby_boom,130,130,2079,0,8.98129172105232,8.95819543092818,0.435327159662711,0.0305646493244203,0.910121633833737,-0.00546072980300242,0.394053354096845,0.802630556581417,0.00257491228032419,0,0.01
1,80,2080,0,-0.006,0.02,published_baby_boom,131,131,2080,0,8.98129172105232,8.95819543092818,0.435327159662711,0.0305646493244203,0.910121633833737,-0.00546072980300242,0.370961714161826,0.755598685524799,0.00257491228032419,0,0.01
2,1,2001,1,-0.006,0.02,published_baby_boom,52,52,2001,0,8.97726922928395,8.98129172105232,0.411357356891346,0.00659484655305487,0.318289227829525,-0.00190973536697715,0.417023719326992,0.849414390359145,0.000447974851300087,0.000447974851299955,0.01
2,2,2002,1,-0.006,0.02,published_baby_boom,53,53,2002,0,8.97737762867388,8.98129172105232,0.411357356891346,0.00659484655305487,0.318289227829525,-0.00190973536697715,0.416191752011023,0.847719795358941,0.000435900050743523,0.000435900050743677,0.01
2,3,2003,1,-0.006,0.02,published_baby_boom,54,54,2003,0,8.97748602937272,8.98129172105232,0.411357356891346,0.00659484655305487,0.318289227829525,-0.00190973536697715,0.415361839791124,0.84602938518979,0.000423825250187014,0.000423825250187134,0.01
2,4,2004,1,-0.006,0.02,published_baby_boom,55,55,2004,0,8.97759443138049,8.98129172105232,0.411357356891346,0.00659484655305487,0.318289227829525,-0.00190973536697715,0.414517790603609,0.844310180721262,0.000411750449630545,0.000411750449630642,0.01
2,5,2005,1,-0.006,0.02,published_baby_boom,56,56,2005,0,8.9777028346972,8.96415619797661,0.409727880703873,0.00496537036558237,0.243290354982992,-0.00145974212989795,0.413679450221568,0.842602601770335,0.00151005971790307,0.000399675649073963,0.01
2,6,2006,1,-0.006,0.02,published_baby_boom,57,57,2006,0,8.97781123932287,8.96415619797661,0.409727880703873,0.00496537036558237,0.243290354982992,-0.00145974212989795,0.412859889906908,0.840933272411229,0.00152213451845958,0.000387600848517412,0.01
2,7,2007,1,-0.006,0.02,published_baby_boom,58,58,2007,0,8.9779196452575,8.96415619797661,0.409727880703873,0.00496537036558237,0.243290354982992,-0.00145974212989795,0.412042321373577,0.839267998127217,0.00153420931901592,0.000375526047961085,0.01
2,8,2008,1,-0.006,0.02,published_baby_boom,59,59,2008,0,8.97802805250113,8.96415619797661,0.409727880703873,0.00496537036558237,0.243290354982992,-0.00145974212989795,0.411234537186749,0.837622650014631,0.00154628411957257,0.00036345124740441,0.01
2,9,2009,1,-0.006,0.02,published_baby_boom,60,60,2009,0,8.97813646105376,8.96819091537151,0.408107456384421,0.00334494604613045,0.165705159628256,-0.000994230957769536,0.410316208110405,0.835752149828791,0.00110836568305001,0.000351376446847925,0.01
2,10,2010,1,-0.006,0.02,published_baby_boom,61,61,2010,0,8.97824487091541,8.96819091537151,0.408107456384421,0.00334494604613045,0.165705159628256,-0.000994230957769536,0.41043595463425,0.835996030806332,0.0011204404836066,0.000339301646291392,0.01
2,11,2011,1,-0.006,0.02,published_baby_boom,62,62,2011,0,8.97835328208609,8.96819091537151,0.408107456384421,0.00334494604613045,0.165705159628256,-0.000994230957769536,0.410495280320283,0.83611684876766,0.00113251528416312,0.000327226845734795,0.01
2,12,2012,1,-0.006,0.02,published_baby_boom,63,63,2012,0,8.97846169456583,8.96819091537151,0.408107456384421,0.00334494604613045,0.165705159628256,-0.000994230957769536,0.410713927604623,0.836562159942568,0.00114459008471957,0.000315152045178339,0.01
2,13,2013,1,-0.006,0.02,published_baby_boom,64,64,2013,0,8.97857010835463,8.9723666802936,0.40859933476793,0.0038368244296394,0.189521910964585,-0.00113713146578751,0.411005882407803,0.837156778545778,0.00069115371314764,0.000303077244622007,0.01
2,14,2014,1,-0.006,0.02,published_baby_boom,65,65,2014,0,8.97867852345252,8.9723666802936,0.40859933476793,0.0038368244296394,0.189521910964585,-0.00113713146578751,0.41119462426023,0.837541181868484,0.000703228513704177,0.00029100244406534,0.01
2,15,2015,1,-0.006,0.02,published_baby_boom,66,66,2015,0,8.97865929530653,8.9723666802936,0.40859933476793,0.0038368244296394,0.189521910964585,-0.00113713146578751,0.411672982843256,0.838515457250029,0.000701086977338195,0.000293143980431358,0.01
2,16,2016,1,-0.006,0.02,published_baby_boom,67,67,2016,0,8.97864006720172,8.9723666802936,0.40859933476793,0.0038368244296394,0.189521910964585,-0.00113713146578751,0.412260455069883,0.839711969336938,0.000698945440972287,0.000295285516797323,0.01
2,17,2017,1,-0.006,0.02,published_baby_boom,68,68,2017,0,8.97862083913809,8.97108461614285,0.409218880673243,0.00445637033495255,0.219202800478099,-0.0013152168028686,0.412967255138786,0.841151519345617,0.000839704412624246,0.000297427053163223,0.01
2,18,2018,1,-0.006,0.02,published_baby_boom,69,69,2018,0,8.97860161111563,8.97108461614285,0.409218880673243,0.00445637033495255,0.219202800478099,-0.0013152168028686,0.413752117408817,0.842750065215155,0.000837562876258294,0.000299568589529161,0.01
2,19,2019,1,-0.006,0.02,published_baby_boom,70,70,2019,0,8.97858238313436,8.97108461614285,0.409218880673243,0.00445637033495255,0.219202800478099,-0.0013152168028686,0.414676341084411,0.84463245768157,0.000835421339892458,0.000301710125895125,0.01
2,20,2020,1,-0.006,0.02,published_baby_boom,71,71,2020,0,8.97856315519426,8.97108461614285,0.409218880673243,0.00445637033495255,0.219202800478099,-0.0013152168028686,0.415637961296993,0.846591022258471,0.000833279803526413,0.000303851662261219,0.01
2,21,2021,1,-0.006,0.02,published_baby_boom,72,72,2021,0,8.97854392729533,8.96948713976279,0.410928223093864,0.00616571275557315,0.298876675280402,-0.00179326005168241,0.416650201898817,0.848652693037563,0.00100922360424154,0.000305993198626987,0.01
2,22,2022,1,-0.006,0.02,published_baby_boom,73,73,2022,0,8.97852469943759,8.96948713976279,0.410928223093864,0.00616571275557315,0.298876675280402,-0.00179326005168241,0.417647021307783,0.850682960967116,0.00100708206787535,0.000308134734993197,0.01
2,23,2023,1,-0.006,0.02,published_baby_boom,74,74,2023,0,8.97850547162102,8.96948713976279,0.410928223093864,0.00616571275557315,0.298876675280402,-0.00179326005168241,0.418638705661965,0.852702776009562,0.00100494053150949,0.000310276271359062,0.01
2,24,2024,1,-0.006,0.02,published_baby_boom,75,75,2024,0,8.97848624384563,8.96948713976279,0.410928223093864,0.00616571275557315,0.298876675280402,-0.00179326005168241,0.419737305336543,0.854940354476901,0.00100279899514343,0.000312417807725127,0.01
2,25,2025,1,-0.006,0.02,published_baby_boom,76,76,2025,0,8.97846701611141,8.96520036170459,0.413170229500845,0.00840771916255445,0.397255531154691,-0.00238353318692815,0.420621228715606,0.8567407030061,0.00147870070759157,0.00031455934409105,0.01
2,26,2026,1,-0.006,0.02,published_baby_boom,77,77,2026,0,8.97844778841838,8.96520036170459,0.413170229500845,0.00840771916255445,0.397255531154691,-0.00238353318692815,0.42139970414585,0.858326291589515,0.00147655917122567,0.00031670088045682,0.01
2,27,2027,1,-0.006,0.02,published_baby_boom,78,78,2027,0,8.97842856076652,8.96520036170459,0.413170229500845,0.00840771916255445,0.397255531154691,-0.00238353318692815,0.422077950299251,0.859707750809903,0.00147441763485962,0.000318842416822983,0.01
2,28,2028,1,-0.006,0.02,published_baby_boom,79,79,2028,0,8.97840933315583,8.96520036170459,0.413170229500845,0.00840771916255445,0.397255531154691,-0.00238353318692815,0.422656697053953,0.86088656834563,0.00147227609849365,0.000320983953188974,0.01
2,29,2029,1,-0.006,0.02,published_baby_boom,80,80,2029,0,8.97839010558633,8.95991000630992,0.414675425722756,0.00991291538446509,0.458685899766204,-0.00275211539859722,0.423068030232989,0.861724422086373,0.00206040769737332,0.000323125489554783,0.01
2,30,2030,1,-0.006,0.02,published_baby_boom,81,81,2030,0,8.978370878058,8.95991000630992,0.414675425722756,0.00991291538446509,0.458685899766204,-0.00275211539859722,0.42337736562754,0.862354544878456,0.00205826616100736,0.000325267025920734,0.01
2,31,2031,1,-0.006,0.02,published_baby_boom,82,82,2031,0,8.97835165057084,8.95991000630992,0.414675425722756,0.00991291538446509,0.458685899766204,-0.00275211539859722,0.423561130362382,0.862728924691943,0.00205612462464135,0.000327408562286705,0.01
2,32,2032,1,-0.006,0.02,published_baby_boom,83,83,2032,0,8.97833242312486,8.95991000630992,0.414675425722756,0.00991291538446509,0.458685899766204,-0.00275211539859722,0.423683587454828,0.862978445865257,0.00205398308827532,0.000329550098652798,0.01
2,33,2033,1,-0.006,0.02,published_baby_boom,84,84,2033,0,8.97831319572006,8.95660815140331,0.415033003573256,0.0102704932349651,0.472686891768705,-0.00283612135061223,0.423727081206657,0.86306714687686,0.00242042376357852,0.00033169163501878,0.01
2,34,2034,1,-0.006,0.02,published_baby_boom,85,85,2034,0,8.97829396835644,8.95660815140331,0.415033003573256,0.0102704932349651,0.472686891768705,-0.00283612135061223,0.423724624957459,0.863062264570817,0.00241828222721261,0.000333833171384643,0.01
2,35,2035,1,-0.006,0.02,published_baby_boom,86,86,2035,0,8.97827474103399,8.95660815140331,0.415033003573256,0.0102704932349651,0.472686891768705,-0.00283612135061223,0.423692993055224,0.862997960495687,0.00241614069084657,0.00033597470775082,0.01
2,36,2036,1,-0.006,0.02,published_baby_boom,87,87,2036,0,8.97825551375271,8.95660815140331,0.415033003573256,0.0102704932349651,0.472686891768705,-0.00283612135061223,0.423615341587334,0.86283992543283,0.00241399915448064,0.000338116244116636,0.01
2,37,2037,1,-0.006,0.02,published_baby_boom,88,88,2037,0,8.97823628651262,8.95585577461123,0.414649184820441,0.00988667448214997,0.457649276174126,-0.00274589565704475,0.423494214252884,0.862593336671576,0.0024958635701297,0.000340257780482524,0.01
2,38,2038,1,-0.006,0.02,published_baby_boom,89,89,2038,0,8.97821705931369,8.95585577461123,0.414649184820441,0.00988667448214997,0.457649276174126,-0.00274589565704475,0.423384779627083,0.862370553813619,0.0024937220337637,0.000342399316848586,0.01
2,39,2039,1,-0.006,0.02,published_baby_boom,90,90,2039,0,8.97819783215595,8.95585577461123,0.414649184820441,0.00988667448214997,0.457649276174126,-0.00274589565704475,0.423409811955338,0.86242164224518,0.00249158049739767,0.00034454085321459,0.01
2,40,2040,1,-0.006,0.02,published_baby_boom,91,91,2040,0,8.97817860503938,8.95585577461123,0.414649184820441,0.00988667448214997,0.457649276174126,-0.00274589565704475,0.423428437938864,0.862459857590615,0.00248943896103185,0.000346682389580415,0.01
2,41,2041,0,-0.006,0.02,published_baby_boom,92,92,2041,0,8.9787258758861,8.95666385936445,0.41463118164901,0.00986867131071939,0.456937356300224,-0.00274162413780135,0.422994988533528,0.861577030641364,0.00246016707467176,0.000285728582372847,0.01
2,42,2042,0,-0.006,0.02,published_baby_boom,93,93,2042,0,8.9787258758861,8.95666385936445,0.41463118164901,0.00986867131071939,0.456937356300224,-0.00274162413780135,0.422861945422625,0.861306049089202,0.00246016707467176,0.000285728582372847,0.01
2,43,2043,0,-0.006,0.02,published_baby_boom,94,94,2043,0,8.9787258758861,8.95666385936445,0.41463118164901,0.00986867131071939,0.456937356300224,-0.00274162413780135,0.422738667490658,0.86105495629716,0.00246016707467176,0.000285728582372847,0.01
2,44,2044,0,-0.006,0.02,published_baby_boom,95,95,2044,0,8.9787258758861,8.95666385936445,0.41463118164901,0.00986867131071939,0.456937356300224,-0.00274162413780135,0.422623997011985,0.860821394198744,0.00246016707467176,0.000285728582372847,0.01
2,45,2045,0,-0.006,0.02,published_baby_boom,96,96,2045,0,8.9787258758861,8.95670211800819,0.414331469279788,0.00956895894149723,0.444999762354576,-0.00266999857412746,0.422507260621319,0.860583624029791,0.00245589555542846,0.000285728582372847,0.01
2,46,2046,0,-0.006,0.02,published_baby_boom,97,97,2046,0,8.9787258758861,8.95670211800819,0.414331469279788,0.00956895894149723,0.444999762354576,-0.00266999857412746,0.422396024610085,0.860357056433068,0.00245589555542846,0.000285728582372847,0.01
2,47,2047,0,-0.006,0.02,published_baby_boom,98,98,2047,0,8.9787258758861,8.95670211800819,0.414331469279788,0.00956895894149723,0.444999762354576,-0.00266999857412746,0.4222845585538,0.860130020213858,0.00245589555542846,0.000285728582372847,0.01
2,48,2048,0,-0.006,0.02,published_baby_boom,99,99,2048,0,8.9787258758861,8.95670211800819,0.414331469279788,0.00956895894149723,0.444999762354576,-0.00266999857412746,0.422173776785704,0.859904377963681,0.00245589555542846,0.000285728582372847,0.01
2,49,2049,0,-0.006,0.02,published_baby_boom,100,100,2049,0,8.9787258758861,8.95734366982153,0.414097164665244,0.00933465432695352,0.435555634936266,-0.0026133338096176,0.422065957350188,0.85968476935009,0.00238426999175466,0.000285728582372847,0.01
2,50,2050,0,-0.006,0.02,published_baby_boom,101,101,2050,0,8.9787258758861,8.95734366982153,0.414097164665244,0.00933465432695352,0.435555634936266,-0.0026133338096176,0.421959744143595,0.85946843217611,0.00238426999175466,0.000285728582372847,0.01
2,51,2051,0,-0.006,0.02,published_baby_boom,102,102,2051,0,8.9787258758861,8.95734366982153,0.414097164665244,0.00933465432695352,0.435555634936266,-0.0026133338096176,0.421854634022187,0.859254342666974,0.00238426999175466,0.000285728582372847,0.01
2,52,2052,0,-0.006,0.02,published_baby_boom,103,103,2052,0,8.9787258758861,8.95734366982153,0.414097164665244,0.00933465432695352,0.435555634936266,-0.0026133338096176,0.421783990099161,0.859110451696346,0.00238426999175466,0.000285728582372847,0.01
2,53,2053,0,-0.006,0.02,published_baby_boom,104,104,2053,0,8.9787258758861,8.95785124997203,0.413920702213362,0.00915819187507139,0.428378942036573,-0.00257027365221944,0.421687581996876,0.858914086455317,0.00232760522724465,0.000285728582372847,0.01
2,54,2054,0,-0.006,0.02,published_baby_boom,105,105,2054,0,8.9787258758861,8.95785124997203,0.413920702213362,0.00915819187507139,0.428378942036573,-0.00257027365221944,0.421584493528083,0.858704115128741,0.00232760522724465,0.000285728582372847,0.01
2,55,2055,0,-0.006,0.02,published_baby_boom,106,106,2055,0,8.9787258758861,8.95785124997203,0.413920702213362,0.00915819187507139,0.428378942036573,-0.00257027365221944,0.421478168834294,0.858487552713115,0.00232760522724465,0.000285728582372847,0.01
2,56,2056,0,-0.006,0.02,published_baby_boom,107,107,2056,0,8.9787258758861,8.95785124997203,0.413920702213362,0.00915819187507139,0.428378942036573,-0.00257027365221944,0.421371097879703,0.858269470875718,0.00232760522724465,0.000285728582372847,0.01
2,57,2057,0,-0.006,0.02,published_baby_boom,108,108,2057,0,8.9787258758861,8.95823698476165,0.413752350244719,0.00898983990642832,0.421481335297806,-0.00252888801178684,0.421259987550923,0.858043162009005,0.00228454506984653,0.000285728582372847,0.01
2,58,2058,0,-0.006,0.02,published_baby_boom,109,109,2058,0,8.9787258758861,8.95823698476165,0.413752350244719,0.00898983990642832,0.421481335297806,-0.00252888801178684,0.421144999008954,0.857808954325487,0.00228454506984653,0.000285728582372847,0.01
2,59,2059,0,-0.006,0.02,published_baby_boom,110,110,2059,0,8.9787258758861,8.95823698476165,0.413752350244719,0.00898983990642832,0.421481335297806,-0.00252888801178684,0.421031558109105,0.8575778995872,0.00228454506984653,0.000285728582372847,0.01
2,60,2060,0,-0.006,0.02,published_baby_boom,111,111,2060,0,8.9787258758861,8.95823698476165,0.413752350244719,0.00898983990642832,0.421481335297806,-0.00252888801178684,0.420909890412939,0.857330090057784,0.00228454506984653,0.000285728582372847,0.01
2,61,2061,0,-0.006,0.02,published_baby_boom,112,112,2061,0,8.9787258758861,8.95860773480822,0.413626645292045,0.00886413495375371,0.416298979596125,-0.00249779387757675,0.420776845869294,0.857059109334868,0.00224315942941388,0.000285728582372847,0.01
2,62,2062,0,-0.006,0.02,published_baby_boom,113,113,2062,0,8.9787258758861,8.95860773480822,0.413626645292045,0.00886413495375371,0.416298979596125,-0.00249779387757675,0.420635347039367,0.856770909679739,0.00224315942941388,0.000285728582372847,0.01
2,63,2063,0,-0.006,0.02,published_baby_boom,114,114,2063,0,8.9787258758861,8.95860773480822,0.413626645292045,0.00886413495375371,0.416298979596125,-0.00249779387757675,0.420482609386968,0.856459820294679,0.00224315942941388,0.000285728582372847,0.01
2,64,2064,0,-0.006,0.02,published_baby_boom,115,115,2064,0,8.9787258758861,8.95860773480822,0.413626645292045,0.00886413495375371,0.416298979596125,-0.00249779387757675,0.42032711853941,0.856143041411425,0.00224315942941388,0.000285728582372847,0.01
2,65,2065,0,-0.006,0.02,published_baby_boom,116,116,2065,0,8.9787258758861,8.9588862992903,0.413650212036732,0.00888770169844066,0.417272627219814,-0.00250363576331888,0.420103424125468,0.855687450348046,0.00221206529520397,0.000285728582372847,0.01
2,66,2066,0,-0.006,0.02,published_baby_boom,117,117,2066,0,8.9787258758861,8.9588862992903,0.413650212036732,0.00888770169844066,0.417272627219814,-0.00250363576331888,0.41961013388129,0.854682764224062,0.00221206529520397,0.000285728582372847,0.01
2,67,2067,0,-0.006,0.02,published_baby_boom,118,118,2067,0,8.9787258758861,8.9588862992903,0.413650212036732,0.00888770169844066,0.417272627219814,-0.00250363576331888,0.41936680807434,0.854187187015472,0.00221206529520397,0.000285728582372847,0.01
2,68,2068,0,-0.006,0.02,published_baby_boom,119,119,2068,0,8.9787258758861,8.9588862992903,0.413650212036732,0.00888770169844066,0.417272627219814,-0.00250363576331888,0.419094219862772,0.853632009997679,0.00221206529520397,0.000285728582372847,0.01
2,69,2069,0,-0.006,0.02,published_baby_boom,120,120,2069,0,8.9787258758861,8.95883396265303,0.413685345808922,0.00892283547063144,0.418722383264264,-0.00251233429958559,0.418567776330505,0.852559798462359,0.00221790718094604,0.000285728582372847,0.01
2,70,2070,0,-0.006,0.02,published_baby_boom,121,121,2070,0,8.9787258758861,8.95883396265303,0.413685345808922,0.00892283547063144,0.418722383264264,-0.00251233429958559,0.418154411165555,0.851717896663395,0.00221790718094604,0.000285728582372847,0.01
2,71,2071,0,-0.006,0.02,published_baby_boom,122,122,2071,0,8.9787258758861,8.95883396265303,0.413685345808922,0.00892283547063144,0.418722383264264,-0.00251233429958559,0.417679185999232,0.850750002889855,0.00221790718094604,0.000285728582372847,0.01
2,72,2072,0,-0.006,0.02,published_baby_boom,123,123,2072,0,8.9787258758861,8.95883396265303,0.413685345808922,0.00892283547063144,0.418722383264264,-0.00251233429958559,0.416651425170482,0.84865674438792,0.00221790718094604,0.000285728582372847,0.01
2,73,2073,0,-0.006,0.02,published_baby_boom,124,124,2073,0,8.9787258758861,8.95875603424983,0.413885909562767,0.00912339922447603,0.426957489030126,-0.00256174493418076,0.416114948478184,0.847564097477973,0.00222660571721285,0.000285728582372847,0.01
2,74,2074,0,-0.006,0.02,published_baby_boom,125,125,2074,0,8.9787258758861,8.95875603424983,0.413885909562767,0.00912339922447603,0.426957489030126,-0.00256174493418076,0.415058744912552,0.845412907876229,0.00222660571721285,0.000285728582372847,0.01
2,75,2075,0,-0.006,0.02,published_baby_boom,126,126,2075,0,8.9787258758861,8.95875603424983,0.413885909562767,0.00912339922447603,0.426957489030126,-0.00256174493418076,0.414047870044038,0.843354038832428,0.00222660571721285,0.000285728582372847,0.01
2,76,2076,0,-0.006,0.02,published_baby_boom,127,127,2076,0,8.9787258758861,8.95875603424983,0.413885909562767,0.00912339922447603,0.426957489030126,-0.00256174493418076,0.410997647159394,0.837141573874086,0.00222660571721285,0.000285728582372847,0.01
2,77,2077,0,-0.006,0.02,published_baby_boom,128,128,2077,0,8.9787258758861,8.95831338736482,0.434415003199018,0.029652492860727,0.901958567200686,-0.00541175140320412,0.408129701765381,0.83130035626893,0.00227601635180791,0.000285728582372847,0.01
2,78,2078,0,-0.006,0.02,published_baby_boom,129,129,2078,0,8.9787258758861,8.95831338736482,0.434415003199018,0.029652492860727,0.901958567200686,-0.00541175140320412,0.404098392139568,0.823089679715697,0.00227601635180791,0.000285728582372847,0.01
2,79,2079,0,-0.006,0.02,published_baby_boom,130,130,2079,0,8.9787258758861,8.95831338736482,0.434415003199018,0.029652492860727,0.901958567200686,-0.00541175140320412,0.395331379625781,0.805233664145697,0.00227601635180791,0.000285728582372847,0.01
2,80,2080,0,-0.006,0.02,published_baby_boom,131,131,2080,0,8.9787258758861,8.95831338736482,0.434415003199018,0.029652492860727,0.901958567200686,-0.00541175140320412,0.373399707172674,0.760564691974161,0.00227601635180791,0.000285728582372847,0.01
3,1,2001,1,-0.006,0.02,published_baby_boom,52,52,2001,0,8.97444144882888,8.98129172105232,0.411244113206348,0.0064816028680571,0.313191535680472,-0.00187914921408283,0.417041686124821,0.849450984272718,0.000763017860756245,0.000763017860756142,0.01
3,2,2002,1,-0.006,0.02,published_baby_boom,53,53,2002,0,8.97456641049304,8.98129172105232,0.411244113206348,0.0064816028680571,0.313191535680472,-0.00187914921408283,0.416223955612133,0.847785386401079,0.000749093785939029,0.000749093785939045,0.01
3,3,2003,1,-0.006,0.02,published_baby_boom,54,54,2003,0,8.97469137389719,8.98129172105232,0.411244113206348,0.0064816028680571,0.313191535680472,-0.00187914921408283,0.415407576426453,0.846122540826799,0.000735169711121683,0.000735169711121711,0.01
3,4,2004,1,-0.006,0.02,published_baby_boom,55,55,2004,0,8.97481633904135,8.98129172105232,0.411244113206348,0.0064816028680571,0.313191535680472,-0.00187914921408283,0.414580840374472,0.844438600362804,0.000721245636304244,0.000721245636304283,0.01
3,5,2005,1,-0.006,0.02,published_baby_boom,56,56,2005,0,8.97494130592555,8.96443038122174,0.40962539964735,0.00486288930905909,0.238463620931364,-0.00143078172558818,0.413751393218621,0.842749136335666,0.00117182765259582,0.000707321561487018,0.01
3,6,2006,1,-0.006,0.02,published_baby_boom,57,57,2006,0,8.97506627454981,8.96443038122174,0.40962539964735,0.00486288930905909,0.238463620931364,-0.00143078172558818,0.412940735776284,0.841097941294545,0.00118575172741318,0.000693397486669614,0.01
3,7,2007,1,-0.006,0.02,published_baby_boom,58,58,2007,0,8.97519124491415,8.96443038122174,0.40962539964735,0.00486288930905909,0.238463620931364,-0.00143078172558818,0.412136124212577,0.839459058501298,0.00119967580223044,0.000679473411852328,0.01
3,8,2008,1,-0.006,0.02,published_baby_boom,59,59,2008,0,8.97531621701861,8.96443038122174,0.40962539964735,0.00486288930905909,0.238463620931364,-0.00143078172558818,0.411343094645963,0.837843763306487,0.00121359987704811,0.000665549337034637,0.01
3,9,2009,1,-0.006,0.02,published_baby_boom,60,60,2009,0,8.97544119086319,8.96845064156721,0.408126632575577,0.00336412223728644,0.166637493586891,-0.000999824961521345,0.410571876640793,0.836272889551314,0.000779156463370853,0.000651625262217463,0.01
3,10,2010,1,-0.006,0.02,published_baby_boom,61,61,2010,0,8.97556616644794,8.96845064156721,0.408126632575577,0.00336412223728644,0.166637493586891,-0.000999824961521345,0.410717244729955,0.836568955937757,0.000793080538188187,0.000637701187400061,0.01
3,11,2011,1,-0.006,0.02,published_baby_boom,62,62,2011,0,8.97569114377286,8.96845064156721,0.408126632575577,0.00336412223728644,0.166637493586891,-0.000999824961521345,0.410911890669634,0.836965385443955,0.000807004613005534,0.000623777112582688,0.01
3,12,2012,1,-0.006,0.02,published_baby_boom,63,63,2012,0,8.97581612283799,8.96845064156721,0.408126632575577,0.00336412223728644,0.166637493586891,-0.000999824961521345,0.411163218982965,0.837477260129,0.000820928687822748,0.000609853037765488,0.01
3,13,2013,1,-0.006,0.02,published_baby_boom,64,64,2013,0,8.97594110364335,8.97231648898111,0.408819521501343,0.00405701116305257,0.200113281260548,-0.00120067968756329,0.411472006370026,0.838106163437366,0.000403895998573069,0.00059592896294816,0.01
3,14,2014,1,-0.006,0.02,published_baby_boom,65,65,2014,0,8.97606608618896,8.97231648898111,0.408819521501343,0.00405701116305257,0.200113281260548,-0.00120067968756329,0.411607233165408,0.83838157301475,0.000417820073390653,0.000582004888130628,0.01
3,15,2015,1,-0.006,0.02,published_baby_boom,66,66,2015,0,8.9760276411274,8.97231648898111,0.408819521501343,0.00405701116305257,0.200113281260548,-0.00120067968756329,0.412183393076807,0.839555045013815,0.000413537000658666,0.000586287960862548,0.01
3,16,2016,1,-0.006,0.02,published_baby_boom,67,67,2016,0,8.9759891962305,8.97231648898111,0.408819521501343,0.00405701116305257,0.200113281260548,-0.00120067968756329,0.412785848365302,0.840782075667345,0.000409253927926697,0.000590571033594539,0.01
3,17,2017,1,-0.006,0.02,published_baby_boom,68,68,2017,0,8.97595075149827,8.97051453778202,0.409509087729326,0.00474657739103529,0.232971173250333,-0.001397827039502,0.413527937595354,0.842293502549977,0.000605825581236926,0.000594854106326409,0.01
3,18,2018,1,-0.006,0.02,published_baby_boom,69,69,2018,0,8.97591230693069,8.97051453778202,0.409509087729326,0.00474657739103529,0.232971173250333,-0.001397827039502,0.414331381055129,0.843929895658856,0.000601542508504854,0.000599137179058415,0.01
3,19,2019,1,-0.006,0.02,published_baby_boom,70,70,2019,0,8.97587386252777,8.97051453778202,0.409509087729326,0.00474657739103529,0.232971173250333,-0.001397827039502,0.415268807730886,0.845839181327051,0.000597259435773128,0.000603420251790144,0.01
3,20,2020,1,-0.006,0.02,published_baby_boom,71,71,2020,0,8.97583541828952,8.97051453778202,0.409509087729326,0.00474657739103529,0.232971173250333,-0.001397827039502,0.416240717623002,0.847818705334633,0.000592976363040826,0.000607703324522406,0.01
3,21,2021,1,-0.006,0.02,published_baby_boom,72,72,2021,0,8.97579697421592,8.96874619891276,0.411257616747899,0.0064951064096076,0.313800356521872,-0.00188280213913123,0.417260267500139,0.849895265295147,0.000785840642247797,0.000611986397254234,0.01
3,22,2022,1,-0.006,0.02,published_baby_boom,73,73,2022,0,8.97575853030698,8.96874619891276,0.411257616747899,0.0064951064096076,0.313800356521872,-0.00188280213913123,0.418264908499201,0.85194146604007,0.000781557569515799,0.000616269469986328,0.01
3,23,2023,1,-0.006,0.02,published_baby_boom,74,74,2023,0,8.9757200865627,8.96874619891276,0.411257616747899,0.0064951064096076,0.313800356521872,-0.00188280213913123,0.419266228367811,0.853980908509922,0.000777274496783844,0.000620552542718163,0.01
3,24,2024,1,-0.006,0.02,published_baby_boom,75,75,2024,0,8.97568164298307,8.96874619891276,0.411257616747899,0.0064951064096076,0.313800356521872,-0.00188280213913123,0.420326466410235,0.856140357102669,0.000772991424051899,0.000624835615450217,0.01
3,25,2025,1,-0.006,0.02,published_baby_boom,76,76,2025,0,8.97564319956811,8.96439763488926,0.413475221197651,0.00871271085936043,0.410020231383149,-0.00246012138829889,0.421208453876062,0.857936765408123,0.00125368345094912,0.000629118688182079,0.01
3,26,2026,1,-0.006,0.02,published_baby_boom,77,77,2026,0,8.9756047563178,8.96439763488926,0.413475221197651,0.00871271085936043,0.410020231383149,-0.00246012138829889,0.421989361452394,0.85952731035281,0.00124940037821748,0.000633401760913669,0.01
3,27,2027,1,-0.006,0.02,published_baby_boom,78,78,2027,0,8.97556631323214,8.96439763488926,0.413475221197651,0.00871271085936043,0.410020231383149,-0.00246012138829889,0.422669670822331,0.860912974755244,0.00124511730548531,0.000637684833645798,0.01
3,28,2028,1,-0.006,0.02,published_baby_boom,79,79,2028,0,8.97552787031114,8.96439763488926,0.413475221197651,0.00871271085936043,0.410020231383149,-0.00246012138829889,0.423249241026315,0.862093472476329,0.00124083423275335,0.000641967906377721,0.01
3,29,2029,1,-0.006,0.02,published_baby_boom,80,80,2029,0,8.97548942755479,8.95922380919573,0.414961106054754,0.0101985957164626,0.469890489645965,-0.00281934293787579,0.423663378266683,0.862937040351258,0.00181387040918919,0.000646250979109581,0.01
3,30,2030,1,-0.006,0.02,published_baby_boom,81,81,2030,0,8.97545098496309,8.95922380919573,0.414961106054754,0.0101985957164626,0.469890489645965,-0.00281934293787579,0.423975140329574,0.863572109102354,0.00180958733645724,0.000650534051841522,0.01
3,31,2031,1,-0.006,0.02,published_baby_boom,82,82,2031,0,8.97541254253604,8.95922380919573,0.414961106054754,0.0101985957164626,0.469890489645965,-0.00281934293787579,0.424178419037459,0.863986237174457,0.00180530426372514,0.000654817124573687,0.01
3,32,2032,1,-0.006,0.02,published_baby_boom,83,83,2032,0,8.97537410027365,8.95922380919573,0.414961106054754,0.0101985957164626,0.469890489645965,-0.00281934293787579,0.424307458923732,0.864249169167385,0.00180102119099332,0.000659100197305443,0.01
3,33,2033,1,-0.006,0.02,published_baby_boom,84,84,2033,0,8.97533565817591,8.95600604091644,0.415313406085563,0.0105508957472725,0.483502077836858,-0.00290101246702115,0.424359852916787,0.864356000912235,0.00215595966783825,0.000663383270037488,0.01
3,34,2034,1,-0.006,0.02,published_baby_boom,85,85,2034,0,8.97529721624282,8.95600604091644,0.415313406085563,0.0105508957472725,0.483502077836858,-0.00290101246702115,0.424368982230077,0.864374718387249,0.00215167659510634,0.000667666342769412,0.01
3,35,2035,1,-0.006,0.02,published_baby_boom,86,86,2035,0,8.97525877447437,8.95600604091644,0.415313406085563,0.0105508957472725,0.483502077836858,-0.00290101246702115,0.424319492649406,0.86427404597738,0.00214739352237413,0.000671949415501578,0.01
3,36,2036,1,-0.006,0.02,published_baby_boom,87,87,2036,0,8.97522033287058,8.95600604091644,0.415313406085563,0.0105508957472725,0.483502077836858,-0.00290101246702115,0.424241538383995,0.864115397145716,0.00214311044964236,0.000676232488233354,0.01
3,37,2037,1,-0.006,0.02,published_baby_boom,88,88,2037,0,8.97518189143143,8.95527463798713,0.414625348600803,0.00986283826251233,0.45670656775639,-0.00274023940653834,0.424128264015119,0.863884805473127,0.00222049690605593,0.000680515560965327,0.01
3,38,2038,1,-0.006,0.02,published_baby_boom,89,89,2038,0,8.97514345015693,8.95527463798713,0.414625348600803,0.00986283826251233,0.45670656775639,-0.00274023940653834,0.424030796499667,0.863686398895676,0.00221621383332409,0.000684798633697198,0.01
3,39,2039,1,-0.006,0.02,published_baby_boom,90,90,2039,0,8.97510500904708,8.95527463798713,0.414625348600803,0.00986283826251233,0.45670656775639,-0.00274023940653834,0.42406063577461,0.863747279817873,0.002211930760592,0.000689081706429219,0.01
3,40,2040,1,-0.006,0.02,published_baby_boom,91,91,2040,0,8.97506656810187,8.95527463798713,0.414625348600803,0.00986283826251233,0.45670656775639,-0.00274023940653834,0.424697680937951,0.865045048606442,0.00220764768786028,0.00069336477916098,0.01
3,41,2041,0,-0.006,0.02,published_baby_boom,92,92,2041,0,8.97616076375044,8.95671452064221,0.415068141415664,0.0103056310773728,0.474050102897037,-0.00284430061738222,0.423755956477378,0.863127005446669,0.0021687822417928,0.000571457164745602,0.01
3,42,2042,0,-0.006,0.02,published_baby_boom,93,93,2042,0,8.97616076375044,8.95671452064221,0.415068141415664,0.0103056310773728,0.474050102897037,-0.00284430061738222,0.423594791566895,0.862798748946859,0.0021687822417928,0.000571457164745602,0.01
3,43,2043,0,-0.006,0.02,published_baby_boom,94,94,2043,0,8.97616076375044,8.95671452064221,0.415068141415664,0.0103056310773728,0.474050102897037,-0.00284430061738222,0.42346509695789,0.862534588153398,0.0021687822417928,0.000571457164745602,0.01
3,44,2044,0,-0.006,0.02,published_baby_boom,95,95,2044,0,8.97616076375044,8.95671452064221,0.415068141415664,0.0103056310773728,0.474050102897037,-0.00284430061738222,0.423343252500703,0.862286415313553,0.0021687822417928,0.000571457164745602,0.01
3,45,2045,0,-0.006,0.02,published_baby_boom,96,96,2045,0,8.97616076375044,8.95578252257727,0.414717967346891,0.00995545700860057,0.460363818885778,-0.00276218291331467,0.42321712414508,0.862029517094924,0.00227284345263655,0.000571457164745602,0.01
3,46,2046,0,-0.006,0.02,published_baby_boom,97,97,2046,0,8.97616076375044,8.95578252257727,0.414717967346891,0.00995545700860057,0.460363818885778,-0.00276218291331467,0.423096662280511,0.861784159600653,0.00227284345263655,0.000571457164745602,0.01
3,47,2047,0,-0.006,0.02,published_baby_boom,98,98,2047,0,8.97616076375044,8.95578252257727,0.414717967346891,0.00995545700860057,0.460363818885778,-0.00276218291331467,0.422972900509193,0.861532080690386,0.00227284345263655,0.000571457164745602,0.01
3,48,2048,0,-0.006,0.02,published_baby_boom,99,99,2048,0,8.97616076375044,8.95578252257727,0.414717967346891,0.00995545700860057,0.460363818885778,-0.00276218291331467,0.422856719676647,0.861295441999517,0.00227284345263655,0.000571457164745602,0.01
3,49,2049,0,-0.006,0.02,published_baby_boom,100,100,2049,0,8.97616076375044,8.95651798107282,0.414454851660327,0.00969234132203622,0.449933635552533,-0.0026996018133152,0.422743214981397,0.861064253894007,0.00219072574856901,0.000571457164745602,0.01
3,50,2050,0,-0.006,0.02,published_baby_boom,101,101,2050,0,8.97616076375044,8.95651798107282,0.414454851660327,0.00969234132203622,0.449933635552533,-0.0026996018133152,0.422631645435201,0.860837007243443,0.00219072574856901,0.000571457164745602,0.01
3,51,2051,0,-0.006,0.02,published_baby_boom,102,102,2051,0,8.97616076375044,8.95651798107282,0.414454851660327,0.00969234132203622,0.449933635552533,-0.0026996018133152,0.422521826026147,0.860613325779372,0.00219072574856901,0.000571457164745602,0.01
3,52,2052,0,-0.006,0.02,published_baby_boom,103,103,2052,0,8.97616076375044,8.95651798107282,0.414454851660327,0.00969234132203622,0.449933635552533,-0.0026996018133152,0.422410124130848,0.860385810461675,0.00219072574856901,0.000571457164745602,0.01
3,53,2053,0,-0.006,0.02,published_baby_boom,104,104,2053,0,8.97616076375044,8.95707850735924,0.414231482850132,0.00946897251184076,0.440981524566144,-0.00264588914739686,0.422299271349953,0.860160024775299,0.00212814464856959,0.000571457164745602,0.01
3,54,2054,0,-0.006,0.02,published_baby_boom,105,105,2054,0,8.97616076375044,8.95707850735924,0.414231482850132,0.00946897251184076,0.440981524566144,-0.00264588914739686,0.422186322899409,0.859929970826248,0.00212814464856959,0.000571457164745602,0.01
3,55,2055,0,-0.006,0.02,published_baby_boom,106,106,2055,0,8.97616076375044,8.95707850735924,0.414231482850132,0.00946897251184076,0.440981524566144,-0.00264588914739686,0.422074811903001,0.859702845091122,0.00212814464856959,0.000571457164745602,0.01
3,56,2056,0,-0.006,0.02,published_baby_boom,107,107,2056,0,8.97616076375044,8.95707850735924,0.414231482850132,0.00946897251184076,0.440981524566144,-0.00264588914739686,0.42196166382236,0.859472385401144,0.00212814464856959,0.000571457164745602,0.01
3,57,2057,0,-0.006,0.02,published_baby_boom,108,108,2057,0,8.97616076375044,8.95755962884575,0.414034407118033,0.00927189677974172,0.433009568841962,-0.00259805741305177,0.421846901359206,0.8592386375606,0.00207443198265111,0.000571457164745602,0.01
3,58,2058,0,-0.006,0.02,published_baby_boom,109,109,2058,0,8.97616076375044,8.95755962884575,0.414034407118033,0.00927189677974172,0.433009568841962,-0.00259805741305177,0.421728915471141,0.858998324892863,0.00207443198265111,0.000571457164745602,0.01
3,59,2059,0,-0.006,0.02,published_baby_boom,110,110,2059,0,8.97616076375044,8.95755962884575,0.414034407118033,0.00927189677974172,0.433009568841962,-0.00259805741305177,0.421606762572113,0.858749525231131,0.00207443198265111,0.000571457164745602,0.01
3,60,2060,0,-0.006,0.02,published_baby_boom,111,111,2060,0,8.97616076375044,8.95755962884575,0.414034407118033,0.00927189677974172,0.433009568841962,-0.00259805741305177,0.421478271841323,0.858487819298289,0.00207443198265111,0.000571457164745602,0.01
3,61,2061,0,-0.006,0.02,published_baby_boom,112,112,2061,0,8.97616076375044,8.95798809470535,0.413810578269622,0.00904806793133128,0.423872595180682,-0.00254323557108409,0.421258160576754,0.858039507640668,0.0020266002483062,0.000571457164745602,0.01
3,62,2062,0,-0.006,0.02,published_baby_boom,113,113,2062,0,8.97616076375044,8.95798809470535,0.413810578269622,0.00904806793133128,0.423872595180682,-0.00254323557108409,0.421113288492653,0.857744438072182,0.0020266002483062,0.000571457164745602,0.01
3,63,2063,0,-0.006,0.02,published_baby_boom,114,114,2063,0,8.97616076375044,8.95798809470535,0.413810578269622,0.00904806793133128,0.423872595180682,-0.00254323557108409,0.420971349925784,0.857455343949387,0.0020266002483062,0.000571457164745602,0.01
3,64,2064,0,-0.006,0.02,published_baby_boom,115,115,2064,0,8.97616076375044,8.95798809470535,0.413810578269622,0.00904806793133128,0.423872595180682,-0.00254323557108409,0.420810399663238,0.857127446477632,0.0020266002483062,0.000571457164745602,0.01
3,65,2065,0,-0.006,0.02,published_baby_boom,116,116,2065,0,8.97616076375044,8.95847920157459,0.413706488594742,0.00894397825645066,0.419593789927634,-0.0025175627395658,0.420447652926531,0.856388642286477,0.00197177840633854,0.000571457164745602,0.01
3,66,2066,0,-0.006,0.02,published_baby_boom,117,117,2066,0,8.97616076375044,8.95847920157459,0.413706488594742,0.00894397825645066,0.419593789927634,-0.0025175627395658,0.420236371928458,0.85595833047934,0.00197177840633854,0.000571457164745602,0.01
3,67,2067,0,-0.006,0.02,published_baby_boom,118,118,2067,0,8.97616076375044,8.95847920157459,0.413706488594742,0.00894397825645066,0.419593789927634,-0.0025175627395658,0.420011253469003,0.855499835093493,0.00197177840633854,0.000571457164745602,0.01
3,68,2068,0,-0.006,0.02,published_baby_boom,119,119,2068,0,8.97616076375044,8.95847920157459,0.413706488594742,0.00894397825645066,0.419593789927634,-0.0025175627395658,0.419748271403859,0.85496422182879,0.00197177840633854,0.000571457164745602,0.01
3,69,2069,0,-0.006,0.02,published_baby_boom,120,120,2069,0,8.97616076375044,8.95870919405406,0.413932101223905,0.00916959088561381,0.42884418814469,-0.00257306512886814,0.419263189965788,0.853976252559201,0.00194610557482029,0.000571457164745602,0.01
3,70,2070,0,-0.006,0.02,published_baby_boom,121,121,2070,0,8.97616076375044,8.95870919405406,0.413932101223905,0.00916959088561381,0.42884418814469,-0.00257306512886814,0.418711952567894,0.85285354168748,0.00194610557482029,0.000571457164745602,0.01
3,71,2071,0,-0.006,0.02,published_baby_boom,122,122,2071,0,8.97616076375044,8.95870919405406,0.413932101223905,0.00916959088561381,0.42884418814469,-0.00257306512886814,0.418129733220174,0.851667728477197,0.00194610557482029,0.000571457164745602,0.01
3,72,2072,0,-0.006,0.02,published_baby_boom,123,123,2072,0,8.97616076375044,8.95870919405406,0.413932101223905,0.00916959088561381,0.42884418814469,-0.00257306512886814,0.417404917627176,0.850191485858062,0.00194610557482029,0.000571457164745602,0.01
3,73,2073,0,-0.006,0.02,published_baby_boom,124,124,2073,0,8.97616076375044,8.95821197808719,0.413827044732954,0.00906453439466315,0.42454775776598,-0.00254728654659588,0.416555967234829,0.848462414280177,0.00200160796412243,0.000571457164745602,0.01
3,74,2074,0,-0.006,0.02,published_baby_boom,125,125,2074,0,8.97616076375044,8.95821197808719,0.413827044732954,0.00906453439466315,0.42454775776598,-0.00254728654659588,0.415867799622474,0.847060813045773,0.00200160796412243,0.000571457164745602,0.01
3,75,2075,0,-0.006,0.02,published_baby_boom,126,126,2075,0,8.97616076375044,8.95821197808719,0.413827044732954,0.00906453439466315,0.42454775776598,-0.00254728654659588,0.414775450987563,0.844836004272339,0.00200160796412243,0.000571457164745602,0.01
3,76,2076,0,-0.006,0.02,published_baby_boom,127,127,2076,0,8.97616076375044,8.95821197808719,0.413827044732954,0.00906453439466315,0.42454775776598,-0.00254728654659588,0.412082232481022,0.8393506587058,0.00200160796412243,0.000571457164745602,0.01
3,77,2077,0,-0.006,0.02,published_baby_boom,128,128,2077,0,8.97616076375044,8.95844291106823,0.433432638310576,0.0286701279722847,0.892382925119639,-0.00535429755071783,0.409011768844685,0.833096965510554,0.00197582938185026,0.000571457164745602,0.01
3,78,2078,0,-0.006,0.02,published_baby_boom,129,129,2078,0,8.97616076375044,8.95844291106823,0.433432638310576,0.0286701279722847,0.892382925119639,-0.00535429755071783,0.4056255981292,0.826200259961249,0.00197582938185026,0.000571457164745602,0.01
3,79,2079,0,-0.006,0.02,published_baby_boom,130,130,2079,0,8.97616076375044,8.95844291106823,0.433432638310576,0.0286701279722847,0.892382925119639,-0.00535429755071783,0.396681429501296,0.807983424472732,0.00197582938185026,0.000571457164745602,0.01
3,80,2080,0,-0.006,0.02,published_baby_boom,131,131,2080,0,8.97616076375044,8.95844291106823,0.433432638310576,0.0286701279722847,0.892382925119639,-0.00535429755071783,0.375728897007171,0.765308701350004,0.00197582938185026,0.000571457164745602,0.01
4,1,2001,1,-0.006,0.02,published_baby_boom,52,52,2001,0,8.97464838288864,8.98129172105232,0.411460592673273,0.0066980823349817,0.322920436290461,-0.00193752261774277,0.416972666757535,0.849310410878439,0.000739959971836913,0.000739959971836994,0.01
4,2,2002,1,-0.006,0.02,published_baby_boom,53,53,2002,0,8.97457749749669,8.98129172105232,0.411460592673273,0.0066980823349817,0.322920436290461,-0.00193752261774277,0.416142066980882,0.847618602417002,0.000747858406277988,0.000747858406278027,0.01
4,3,2003,1,-0.006,0.02,published_baby_boom,54,54,2003,0,8.97450661266463,8.98129172105232,0.411460592673273,0.0066980823349817,0.322920436290461,-0.00193752261774277,0.415312633222722,0.84592916846265,0.000755756840719182,0.00075575684071922,0.01
4,4,2004,1,-0.006,0.02,published_baby_boom,55,55,2004,0,8.97443572839245,8.98129172105232,0.411460592673273,0.0066980823349817,0.322920436290461,-0.00193752261774277,0.41447461978222,0.844222259329282,0.000763655275160226,0.000763655275160305,0.01
4,5,2005,1,-0.006,0.02,published_baby_boom,56,56,2005,0,8.97436484468014,8.96390711218116,0.409738319943146,0.00497580960485555,0.243781359518858,-0.00146268815711315,0.413644028702537,0.842530465842242,0.00116596890814143,0.000771553709601453,0.01
4,6,2006,1,-0.006,0.02,published_baby_boom,57,57,2006,0,8.9742939615277,8.96390711218116,0.409738319943146,0.00497580960485555,0.243781359518858,-0.00146268815711315,0.412828867271066,0.840870098057751,0.00115807047370054,0.000779452144042285,0.01
4,7,2007,1,-0.006,0.02,published_baby_boom,58,58,2007,0,8.97422307893512,8.96390711218116,0.409738319943146,0.00497580960485555,0.243781359518858,-0.00146268815711315,0.412026070263206,0.839234911895277,0.00115017203925934,0.000787350578483417,0.01
4,8,2008,1,-0.006,0.02,published_baby_boom,59,59,2008,0,8.9741521969024,8.96390711218116,0.409738319943146,0.00497580960485555,0.243781359518858,-0.00146268815711315,0.411236284288885,0.837626223836798,0.00114227360481853,0.000795249012924358,0.01
4,9,2009,1,-0.006,0.02,published_baby_boom,60,60,2009,0,8.97408131542953,8.96816449487592,0.408152402970342,0.00338989263205158,0.167889964020912,-0.00100733978412547,0.410473151194184,0.836071818037188,0.000659540709747577,0.000803147447365504,0.01
4,10,2010,1,-0.006,0.02,published_baby_boom,61,61,2010,0,8.97401043451652,8.96816449487592,0.408152402970342,0.00338989263205158,0.167889964020912,-0.00100733978412547,0.410626284164945,0.836383700851429,0.000651642275306513,0.000811045881806584,0.01
4,11,2011,1,-0.006,0.02,published_baby_boom,62,62,2011,0,8.97393955416335,8.96816449487592,0.408152402970342,0.00338989263205158,0.167889964020912,-0.00100733978412547,0.41083257111164,0.836803841628736,0.000643743840865502,0.000818944316247549,0.01
4,12,2012,1,-0.006,0.02,published_baby_boom,63,63,2012,0,8.97386867437003,8.96816449487592,0.408152402970342,0.00338989263205158,0.167889964020912,-0.00100733978412547,0.411108238557293,0.837365289999889,0.00063584540642437,0.000826842750688685,0.01
4,13,2013,1,-0.006,0.02,published_baby_boom,64,64,2013,0,8.97379779513654,8.97224906386769,0.408696012308514,0.00393350197022335,0.19417786041843,-0.00116506716251058,0.411449390332492,0.838060112447635,0.000172598598995889,0.000834741185129611,0.01
4,14,2014,1,-0.006,0.02,published_baby_boom,65,65,2014,0,8.97372691646288,8.97224906386769,0.408696012308514,0.00393350197022335,0.19417786041843,-0.00116506716251058,0.411889794353755,0.83895708635455,0.000164700164554868,0.00084263961957061,0.01
4,15,2015,1,-0.006,0.02,published_baby_boom,66,66,2015,0,8.9736587828201,8.97224906386769,0.408696012308514,0.00393350197022335,0.19417786041843,-0.00116506716251058,0.412421091088234,0.840039185972597,0.000157107566509904,0.000850232217615635,0.01
4,16,2016,1,-0.006,0.02,published_baby_boom,67,67,2016,0,8.97359064969462,8.97224906386769,0.408696012308514,0.00393350197022335,0.19417786041843,-0.00116506716251058,0.413048833820935,0.841317722052942,0.000149514968464869,0.000857824815660618,0.01
4,17,2017,1,-0.006,0.02,published_baby_boom,68,68,2017,0,8.97352251708645,8.97083400614424,0.409608241305591,0.00484573096729973,0.237654323842455,-0.00142592594305473,0.413785533613562,0.842818173062071,0.000299649748804885,0.000865417413705791,0.01
4,18,2018,1,-0.006,0.02,published_baby_boom,69,69,2018,0,8.97345438499558,8.97083400614424,0.409608241305591,0.00484573096729973,0.237654323842455,-0.00142592594305473,0.414599611711406,0.844476227524141,0.000292057150759745,0.000873010011750825,0.01
4,19,2019,1,-0.006,0.02,published_baby_boom,70,70,2019,0,8.973386253422,8.97083400614424,0.409608241305591,0.00484573096729973,0.237654323842455,-0.00142592594305473,0.415548961384293,0.846409798839658,0.000284464552714971,0.000880602609795617,0.01
4,20,2020,1,-0.006,0.02,published_baby_boom,71,71,2020,0,8.97331812236572,8.97083400614424,0.409608241305591,0.00484573096729973,0.237654323842455,-0.00142592594305473,0.416533106110152,0.848414243427586,0.000276871954669669,0.000888195207840951,0.01
4,21,2021,1,-0.006,0.02,published_baby_boom,72,72,2021,0,8.97324999182673,8.96849419051892,0.411362766262159,0.00660025592386787,0.318532274805289,-0.00191119364883173,0.417564262611647,0.850514444581932,0.000530138137168662,0.000895787805886057,0.01
4,22,2022,1,-0.006,0.02,published_baby_boom,73,73,2022,0,8.97318186180503,8.96849419051892,0.411362766262159,0.00660025592386787,0.318532274805289,-0.00191119364883173,0.418577840305548,0.852578848654303,0.000522545539123488,0.000903380403931162,0.01
4,23,2023,1,-0.006,0.02,published_baby_boom,74,74,2023,0,8.97311373230061,8.96849419051892,0.411362766262159,0.00660025592386787,0.318532274805289,-0.00191119364883173,0.419583459823393,0.854627049998857,0.000514952941078612,0.000910973001976053,0.01
4,24,2024,1,-0.006,0.02,published_baby_boom,75,75,2024,0,8.97304560331347,8.96849419051892,0.411362766262159,0.00660025592386787,0.318532274805289,-0.00191119364883173,0.420520060510098,0.856534684617532,0.00050736034303358,0.000918565600021068,0.01
4,25,2025,1,-0.006,0.02,published_baby_boom,76,76,2025,0,8.9729774748436,8.96414312571982,0.413456763306411,0.00869425296812021,0.409252200298876,-0.00245551320179326,0.421401676869008,0.858330338537849,0.000985035450765757,0.000926158198065992,0.01
4,26,2026,1,-0.006,0.02,published_baby_boom,77,77,2026,0,8.972909346891,8.96414312571982,0.413456763306411,0.00869425296812021,0.409252200298876,-0.00245551320179326,0.422180892128724,0.85991743816464,0.000977442852720998,0.000933750796110833,0.01
4,27,2027,1,-0.006,0.02,published_baby_boom,78,78,2027,0,8.97284121945567,8.96414312571982,0.413456763306411,0.00869425296812021,0.409252200298876,-0.00245551320179326,0.422861851573989,0.861304427906099,0.000969850254675643,0.000941343394156153,0.01
4,28,2028,1,-0.006,0.02,published_baby_boom,79,79,2028,0,8.9727730925376,8.96414312571982,0.413456763306411,0.00869425296812021,0.409252200298876,-0.00245551320179326,0.423444189633307,0.862490564344924,0.000962257656630797,0.000948935992201069,0.01
4,29,2029,1,-0.006,0.02,published_baby_boom,80,80,2029,0,8.97270496613678,8.95926509506512,0.414908756028106,0.0101462456898155,0.467848417984508,-0.00280709050790705,0.423862255345071,0.86334213495844,0.00149898461154723,0.000956528590246033,0.01
4,30,2030,1,-0.006,0.02,published_baby_boom,81,81,2030,0,8.97263684025322,8.95926509506512,0.414908756028106,0.0101462456898155,0.467848417984508,-0.00280709050790705,0.424178326196894,0.863985981191821,0.00149139201350212,0.000964121188291163,0.01
4,31,2031,1,-0.006,0.02,published_baby_boom,82,82,2031,0,8.97256871488691,8.95926509506512,0.414908756028106,0.0101462456898155,0.467848417984508,-0.00280709050790705,0.424383716648548,0.864404411879461,0.0014837994154568,0.000971713786336465,0.01
4,32,2032,1,-0.006,0.02,published_baby_boom,83,83,2032,0,8.97250059003786,8.95926509506512,0.414908756028106,0.0101462456898155,0.467848417984508,-0.00280709050790705,0.424520699016161,0.864683522481241,0.00147620681741215,0.000979306384381169,0.01
4,33,2033,1,-0.006,0.02,published_baby_boom,84,84,2033,0,8.97243246570604,8.95611577442551,0.415229587038613,0.0104670767003225,0.480284360939074,-0.00288170616563444,0.424580869608878,0.864806195125814,0.00182019152548072,0.000986898982426393,0.01
4,34,2034,1,-0.006,0.02,published_baby_boom,85,85,2034,0,8.97236434189146,8.95611577442551,0.415229587038613,0.0104670767003225,0.480284360939074,-0.00288170616563444,0.424599804228866,0.864844885919389,0.0018125989274358,0.000994491580471254,0.01
4,35,2035,1,-0.006,0.02,published_baby_boom,86,86,2035,0,8.97229621859411,8.95611577442551,0.415229587038613,0.0104670767003225,0.480284360939074,-0.00288170616563444,0.424560805419568,0.864765583231067,0.0018050063293904,0.00100208417851665,0.01
4,36,2036,1,-0.006,0.02,published_baby_boom,87,87,2036,0,8.972228095814,8.95611577442551,0.415229587038613,0.0104670767003225,0.480284360939074,-0.00288170616563444,0.424493910702353,0.864629462629503,0.0017974137313456,0.00100967677656147,0.01
4,37,2037,1,-0.006,0.02,published_baby_boom,88,88,2037,0,8.97215997355111,8.95544753288726,0.414280094693708,0.009517584355417,0.442937352155919,-0.00265762411293552,0.424452181120467,0.864544591063465,0.00186443679102787,0.00101726937460673,0.01
4,38,2038,1,-0.006,0.02,published_baby_boom,89,89,2038,0,8.97209185180545,8.95544753288726,0.414280094693708,0.009517584355417,0.442937352155919,-0.00265762411293552,0.424410459672808,0.864459726871841,0.00185684419298294,0.00102486197265165,0.01
4,39,2039,1,-0.006,0.02,published_baby_boom,90,90,2039,0,8.972023730577,8.95544753288726,0.414280094693708,0.009517584355417,0.442937352155919,-0.00265762411293552,0.424570829736006,0.864786466520818,0.00184925159493785,0.00103245457069658,0.01
4,40,2040,1,-0.006,0.02,published_baby_boom,91,91,2040,0,8.97195560986577,8.95544753288726,0.414280094693708,0.009517584355417,0.442937352155919,-0.00265762411293552,0.426512966918017,0.86874235518526,0.00184165899689305,0.00104004716874152,0.01
4,41,2041,0,-0.006,0.02,published_baby_boom,92,92,2041,0,8.97359638443594,8.95745451280896,0.415247743146975,0.0104852328086839,0.480982455532461,-0.00288589473319477,0.424197799696058,0.86402698575069,0.00180043836581716,0.000857185747118493,0.01
4,42,2042,0,-0.006,0.02,published_baby_boom,93,93,2042,0,8.97359638443594,8.95745451280896,0.415247743146975,0.0104852328086839,0.480982455532461,-0.00288589473319477,0.423969042694033,0.86356106429458,0.00180043836581716,0.000857185747118493,0.01
4,43,2043,0,-0.006,0.02,published_baby_boom,94,94,2043,0,8.97359638443594,8.95745451280896,0.415247743146975,0.0104852328086839,0.480982455532461,-0.00288589473319477,0.423815201311598,0.863247725255294,0.00180043836581716,0.000857185747118493,0.01
4,44,2044,0,-0.006,0.02,published_baby_boom,95,95,2044,0,8.97359638443594,8.95745451280896,0.415247743146975,0.0104852328086839,0.480982455532461,-0.00288589473319477,0.423672582820754,0.862957243575493,0.00180043836581716,0.000857185747118493,0.01
4,45,2045,0,-0.006,0.02,published_baby_boom,96,96,2045,0,8.97359638443594,8.9554100224688,0.414740507484227,0.00997799714593595,0.461251512785205,-0.00276750907671123,0.423528256738323,0.862663283798337,0.00202870898607641,0.000857185747118493,0.01
4,46,2046,0,-0.006,0.02,published_baby_boom,97,97,2046,0,8.97359638443594,8.9554100224688,0.414740507484227,0.00997799714593595,0.461251512785205,-0.00276750907671123,0.423390694479442,0.862383099921119,0.00202870898607641,0.000857185747118493,0.01
4,47,2047,0,-0.006,0.02,published_baby_boom,98,98,2047,0,8.97359638443594,8.9554100224688,0.414740507484227,0.00997799714593595,0.461251512785205,-0.00276750907671123,0.423261028544834,0.862118998311182,0.00202870898607641,0.000857185747118493,0.01
4,48,2048,0,-0.006,0.02,published_baby_boom,99,99,2048,0,8.97359638443594,8.9554100224688,0.414740507484227,0.00997799714593595,0.461251512785205,-0.00276750907671123,0.423134209249006,0.861860694271736,0.00202870898607641,0.000857185747118493,0.01
4,49,2049,0,-0.006,0.02,published_baby_boom,100,100,2049,0,8.97359638443594,8.95647027732163,0.414434209552628,0.0096716992143373,0.449110087721158,-0.00269466052632695,0.42301280093684,0.861613410799886,0.00191032332959264,0.000857185747118493,0.01
4,50,2050,0,-0.006,0.02,published_baby_boom,101,101,2050,0,8.97359638443594,8.95647027732163,0.414434209552628,0.0096716992143373,0.449110087721158,-0.00269466052632695,0.422892837387787,0.861369069860514,0.00191032332959264,0.000857185747118493,0.01
4,51,2051,0,-0.006,0.02,published_baby_boom,102,102,2051,0,8.97359638443594,8.95647027732163,0.414434209552628,0.0096716992143373,0.449110087721158,-0.00269466052632695,0.422777274705728,0.861133691988803,0.00191032332959264,0.000857185747118493,0.01
4,52,2052,0,-0.006,0.02,published_baby_boom,103,103,2052,0,8.97359638443594,8.95647027732163,0.414434209552628,0.0096716992143373,0.449110087721158,-0.00269466052632695,0.422662895084043,0.860900724823397,0.00191032332959264,0.000857185747118493,0.01
4,53,2053,0,-0.006,0.02,published_baby_boom,104,104,2053,0,8.97359638443594,8.95712276696407,0.414188932052847,0.00942642171455577,0.439266109289707,-0.00263559665573824,0.422553912469524,0.860678749934642,0.00183747477920848,0.000857185747118493,0.01
4,54,2054,0,-0.006,0.02,published_baby_boom,105,105,2054,0,8.97359638443594,8.95712276696407,0.414188932052847,0.00942642171455577,0.439266109289707,-0.00263559665573824,0.422441902797776,0.860450609935338,0.00183747477920848,0.000857185747118493,0.01
4,55,2055,0,-0.006,0.02,published_baby_boom,106,106,2055,0,8.97359638443594,8.95712276696407,0.414188932052847,0.00942642171455577,0.439266109289707,-0.00263559665573824,0.422330249059908,0.860223194904875,0.00183747477920848,0.000857185747118493,0.01
4,56,2056,0,-0.006,0.02,published_baby_boom,107,107,2056,0,8.97359638443594,8.95712276696407,0.414188932052847,0.00942642171455577,0.439266109289707,-0.00263559665573824,0.422214678183541,0.859987802098916,0.00183747477920848,0.000857185747118493,0.01
4,57,2057,0,-0.006,0.02,published_baby_boom,108,108,2057,0,8.97359638443594,8.95765182492798,0.413987642123888,0.00922513178559697,0.431107812577637,-0.00258664687546582,0.422103547291307,0.859761451805147,0.00177841090861984,0.000857185747118493,0.01
4,58,2058,0,-0.006,0.02,published_baby_boom,109,109,2058,0,8.97359638443594,8.95765182492798,0.413987642123888,0.00922513178559697,0.431107812577637,-0.00258664687546582,0.42198955923375,0.859529283220491,0.00177841090861984,0.000857185747118493,0.01
4,59,2059,0,-0.006,0.02,published_baby_boom,110,110,2059,0,8.97359638443594,8.95765182492798,0.413987642123888,0.00922513178559697,0.431107812577637,-0.00258664687546582,0.421864771852407,0.859275119065108,0.00177841090861984,0.000857185747118493,0.01
4,60,2060,0,-0.006,0.02,published_baby_boom,111,111,2060,0,8.97359638443594,8.95765182492798,0.413987642123888,0.00922513178559697,0.431107812577637,-0.00258664687546582,0.421738377699726,0.859017684037444,0.00177841090861984,0.000857185747118493,0.01
4,61,2061,0,-0.006,0.02,published_baby_boom,112,112,2061,0,8.97359638443594,8.95809031074837,0.413838452971357,0.00907594263306616,0.425015244925386,-0.00255009146955231,0.421604143126556,0.858744278209249,0.00172946112834735,0.000857185747118493,0.01
4,62,2062,0,-0.006,0.02,published_baby_boom,113,113,2062,0,8.97359638443594,8.95809031074837,0.413838452971357,0.00907594263306616,0.425015244925386,-0.00255009146955231,0.421465750054743,0.858462404527536,0.00172946112834735,0.000857185747118493,0.01
4,63,2063,0,-0.006,0.02,published_baby_boom,114,114,2063,0,8.97359638443594,8.95809031074837,0.413838452971357,0.00907594263306616,0.425015244925386,-0.00255009146955231,0.421322753242421,0.858171155313698,0.00172946112834735,0.000857185747118493,0.01
4,64,2064,0,-0.006,0.02,published_baby_boom,115,115,2064,0,8.97359638443594,8.95809031074837,0.413838452971357,0.00907594263306616,0.425015244925386,-0.00255009146955231,0.421145155818353,0.857809351212783,0.00172946112834735,0.000857185747118493,0.01
4,65,2065,0,-0.006,0.02,published_baby_boom,116,116,2065,0,8.97359638443594,8.9584177833613,0.413849823703527,0.00908731336523588,0.42548096965525,-0.0025528858179315,0.420967078615472,0.857446666423018,0.0016929057224337,0.000857185747118493,0.01
4,66,2066,0,-0.006,0.02,published_baby_boom,117,117,2066,0,8.97359638443594,8.9584177833613,0.413849823703527,0.00908731336523588,0.42548096965525,-0.0025528858179315,0.420778485056202,0.857062560992281,0.0016929057224337,0.000857185747118493,0.01
4,67,2067,0,-0.006,0.02,published_baby_boom,118,118,2067,0,8.97359638443594,8.9584177833613,0.413849823703527,0.00908731336523588,0.42548096965525,-0.0025528858179315,0.420566304928069,0.856630415450401,0.0016929057224337,0.000857185747118493,0.01
4,68,2068,0,-0.006,0.02,published_baby_boom,119,119,2068,0,8.97359638443594,8.9584177833613,0.413849823703527,0.00908731336523588,0.42548096965525,-0.0025528858179315,0.420332217520583,0.856153650700829,0.0016929057224337,0.000857185747118493,0.01
4,69,2069,0,-0.006,0.02,published_baby_boom,120,120,2069,0,8.97359638443594,8.95839275045606,0.414231447337622,0.00946893699933105,0.440980094236025,-0.00264588056541615,0.420030078504449,0.855538283176157,0.00169570007081304,0.000857185747118493,0.01
4,70,2070,0,-0.006,0.02,published_baby_boom,121,121,2070,0,8.97359638443594,8.95839275045606,0.414231447337622,0.00946893699933105,0.440980094236025,-0.00264588056541615,0.419386735282163,0.854227974994025,0.00169570007081304,0.000857185747118493,0.01
4,71,2071,0,-0.006,0.02,published_baby_boom,122,122,2071,0,8.97359638443594,8.95839275045606,0.414231447337622,0.00946893699933105,0.440980094236025,-0.00264588056541615,0.418784888006129,0.853002182759488,0.00169570007081304,0.000857185747118493,0.01
4,72,2072,0,-0.006,0.02,published_baby_boom,123,123,2072,0,8.97359638443594,8.95839275045606,0.414231447337622,0.00946893699933105,0.440980094236025,-0.00264588056541615,0.418132866936716,0.851674200486776,0.00169570007081304,0.000857185747118493,0.01
4,73,2073,0,-0.006,0.02,published_baby_boom,124,124,2073,0,8.97359638443594,8.95755970571935,0.414074422898052,0.00931191255976116,0.43463380599125,-0.0026078028359475,0.417333257050902,0.850045620185407,0.00178869481829773,0.000857185747118493,0.01
4,74,2074,0,-0.006,0.02,published_baby_boom,125,125,2074,0,8.97359638443594,8.95755970571935,0.414074422898052,0.00931191255976116,0.43463380599125,-0.0026078028359475,0.416483616978753,0.848315141332996,0.00178869481829773,0.000857185747118493,0.01
4,75,2075,0,-0.006,0.02,published_baby_boom,126,126,2075,0,8.97359638443594,8.95755970571935,0.414074422898052,0.00931191255976116,0.43463380599125,-0.0026078028359475,0.4152955882318,0.845895457212053,0.00178869481829773,0.000857185747118493,0.01
4,76,2076,0,-0.006,0.02,published_baby_boom,127,127,2076,0,8.97359638443594,8.95755970571935,0.414074422898052,0.00931191255976116,0.43463380599125,-0.0026078028359475,0.41383126740178,0.842913039278424,0.00178869481829773,0.000857185747118493,0.01
4,77,2077,0,-0.006,0.02,published_baby_boom,128,128,2077,0,8.97359638443594,8.95790079574846,0.433138758270256,0.0283762479319652,0.889350912124551,-0.00533610547274731,0.410660274957787,0.836454596208353,0.00175061708882894,0.000857185747118493,0.01
4,78,2078,0,-0.006,0.02,published_baby_boom,129,129,2078,0,8.97359638443594,8.95790079574846,0.433138758270256,0.0283762479319652,0.889350912124551,-0.00533610547274731,0.407059666070829,0.829121137576411,0.00175061708882894,0.000857185747118493,0.01
4,79,2079,0,-0.006,0.02,published_baby_boom,130,130,2079,0,8.97359638443594,8.95790079574846,0.433138758270256,0.0283762479319652,0.889350912124551,-0.00533610547274731,0.398231937483731,0.811141459516981,0.00175061708882894,0.000857185747118493,0.01
4,80,2080,0,-0.006,0.02,published_baby_boom,131,131,2080,0,8.97359638443594,8.95790079574846,0.433138758270256,0.0283762479319652,0.889350912124551,-0.00533610547274731,0.378241593692016,0.770426465944455,0.00175061708882894,0.000857185747118493,0.01
5,1,2001,1,-0.006,0.02,published_baby_boom,52,52,2001,0,8.97270964547086,8.98129172105232,0.411310388868832,0.00654787853054073,0.316177163778009,-0.00189706298266805,0.416983762875652,0.849333010857301,0.000956007082754416,0.000956007082754532,0.01
5,2,2002,1,-0.006,0.02,published_baby_boom,53,53,2002,0,8.97271148213213,8.98129172105232,0.411310388868832,0.00654787853054073,0.316177163778009,-0.00189706298266805,0.416165438075947,0.847666203401671,0.000955802388614795,0.000955802388614843,0.01
5,3,2003,1,-0.006,0.02,published_baby_boom,54,54,2003,0,8.97271331879378,8.98129172105232,0.411310388868832,0.00654787853054073,0.316177163778009,-0.00189706298266805,0.415347560518069,0.846000306106117,0.000955597694475202,0.000955597694475269,0.01
5,4,2004,1,-0.006,0.02,published_baby_boom,55,55,2004,0,8.97271515545579,8.98129172105232,0.411310388868832,0.00654787853054073,0.316177163778009,-0.00189706298266805,0.414520242078269,0.844315180275248,0.000955393000335857,0.000955393000335922,0.01
5,5,2005,1,-0.006,0.02,published_baby_boom,56,56,2005,0,8.97271699211819,8.96426979592873,0.409628654590083,0.00486614425179221,0.238617107510554,-0.00143170264506333,0.413701129230002,0.842646765544783,0.000941874676471717,0.000955188306196468,0.01
5,6,2006,1,-0.006,0.02,published_baby_boom,57,57,2006,0,8.97271882878096,8.96426979592873,0.409628654590083,0.00486614425179221,0.238617107510554,-0.00143170264506333,0.412895536343635,0.841005886746649,0.000942079370611466,0.000954983612056685,0.01
5,7,2007,1,-0.006,0.02,published_baby_boom,58,58,2007,0,8.97272066544411,8.96426979592873,0.409628654590083,0.00486614425179221,0.238617107510554,-0.00143170264506333,0.412097378902571,0.839380150583242,0.000942284064751109,0.000954778917917017,0.01
5,8,2008,1,-0.006,0.02,published_baby_boom,59,59,2008,0,8.97272250210764,8.96426979592873,0.409628654590083,0.00486614425179221,0.238617107510554,-0.00143170264506333,0.411311814584021,0.837780061300723,0.000942488758890646,0.000954574223777576,0.01
5,9,2009,1,-0.006,0.02,published_baby_boom,60,60,2009,0,8.97272433877154,8.96844238235016,0.40810106832045,0.00333855798215887,0.16539451023546,-0.000992367061412761,0.410548069907789,0.83622441028338,0.000477333115425359,0.000954369529638028,0.01
5,10,2010,1,-0.006,0.02,published_baby_boom,61,61,2010,0,8.97272617543581,8.96844238235016,0.40810106832045,0.00333855798215887,0.16539451023546,-0.000992367061412761,0.410700111555022,0.836534071108226,0.000477537809564736,0.000954164835498596,0.01
5,11,2011,1,-0.006,0.02,published_baby_boom,62,62,2011,0,8.97272801210046,8.96844238235016,0.40810106832045,0.00333855798215887,0.16539451023546,-0.000992367061412761,0.410902006267986,0.836945266756537,0.00047774250370447,0.000953960141358834,0.01
5,12,2012,1,-0.006,0.02,published_baby_boom,63,63,2012,0,8.97272984876549,8.96844238235016,0.40810106832045,0.00333855798215887,0.16539451023546,-0.000992367061412761,0.411170564020144,0.837492235607451,0.000477947197843783,0.000953755447219522,0.01
5,13,2013,1,-0.006,0.02,published_baby_boom,64,64,2013,0,8.9727316854309,8.97238340387075,0.408765296866439,0.00400278652814767,0.197509215208138,-0.00118505529124883,0.411497584282419,0.838158276821634,3.88163083330062e-05,0.00095355075307988,0.01
5,14,2014,1,-0.006,0.02,published_baby_boom,65,65,2014,0,8.97273352209668,8.97238340387075,0.408765296866439,0.00400278652814767,0.197509215208138,-0.00118505529124883,0.411920039266095,0.83901869430822,3.90210024727269e-05,0.000953346058940132,0.01
5,15,2015,1,-0.006,0.02,published_baby_boom,66,66,2015,0,8.97258396047191,8.97238340387075,0.408765296866439,0.00400278652814767,0.197509215208138,-0.00118505529124883,0.412447410158631,0.840092798954467,2.23524063425216e-05,0.000970014655070292,0.01
5,16,2016,1,-0.006,0.02,published_baby_boom,67,67,2016,0,8.9724344013401,8.97238340387075,0.408765296866439,0.00400278652814767,0.197509215208138,-0.00118505529124883,0.413075298886749,0.841371633483817,5.68381021255962e-06,0.000986683251200316,0.01
5,17,2017,1,-0.006,0.02,published_baby_boom,68,68,2017,0,8.97228484470121,8.97065469775126,0.40963488112544,0.00487237078714958,0.238910686097491,-0.00143346411658494,0.413812849017581,0.84287381859542,0.000181703443918234,0.00100335184733057,0.01
5,18,2018,1,-0.006,0.02,published_baby_boom,69,69,2018,0,8.97213529055521,8.97065469775126,0.40963488112544,0.00487237078714958,0.238910686097491,-0.00143346411658494,0.414624602712577,0.844527140757808,0.000165034847788194,0.00102002044346054,0.01
5,19,2019,1,-0.006,0.02,published_baby_boom,70,70,2019,0,8.97198573890204,8.97065469775126,0.40963488112544,0.00487237078714958,0.238910686097491,-0.00143346411658494,0.415574627543843,0.846462089197418,0.000148366251658503,0.00103668903959037,0.01
5,20,2020,1,-0.006,0.02,published_baby_boom,71,71,2020,0,8.97183618974166,8.97065469775126,0.40963488112544,0.00487237078714958,0.238910686097491,-0.00143346411658494,0.416562472410334,0.848474072498246,0.00013169765552813,0.00105335763572066,0.01
5,21,2021,1,-0.006,0.02,published_baby_boom,72,72,2021,0,8.97168664307404,8.96842658470822,0.411374921341305,0.00661241100301457,0.319078258574457,-0.00191446955144674,0.41759582704648,0.850578753290455,0.00036343788473407,0.00107002623185087,0.01
5,22,2022,1,-0.006,0.02,published_baby_boom,73,73,2022,0,8.97153709889913,8.96842658470822,0.411374921341305,0.00661241100301457,0.319078258574457,-0.00191446955144674,0.418612585296022,0.852649638254668,0.000346769288603959,0.00108669482798095,0.01
5,23,2023,1,-0.006,0.02,published_baby_boom,74,74,2023,0,8.97138755721689,8.96842658470822,0.411374921341305,0.00661241100301457,0.319078258574457,-0.00191446955144674,0.419621595900533,0.854704749343353,0.00033010069247401,0.00110336342411081,0.01
5,24,2024,1,-0.006,0.02,published_baby_boom,75,75,2024,0,8.97123801802728,8.96842658470822,0.411374921341305,0.00661241100301457,0.319078258574457,-0.00191446955144674,0.420564235920158,0.856624687618881,0.000313432096343857,0.00112003202024105,0.01
5,25,2025,1,-0.006,0.02,published_baby_boom,76,76,2025,0,8.97108848133026,8.96411376010801,0.413457454542624,0.00869494420433259,0.409280973035971,-0.00245568583821583,0.421450532878971,0.858429877432447,0.000777768935075756,0.00113670061637093,0.01
5,26,2026,1,-0.006,0.02,published_baby_boom,77,77,2026,0,8.97093894712578,8.96411376010801,0.413457454542624,0.00869494420433259,0.409280973035971,-0.00245568583821583,0.422236375113756,0.860030477132912,0.000761100338945838,0.00115336921250092,0.01
5,27,2027,1,-0.006,0.02,published_baby_boom,78,78,2027,0,8.97078941541381,8.96411376010801,0.413457454542624,0.00869494420433259,0.409280973035971,-0.00245568583821583,0.422922438545663,0.86142786471196,0.000744431742815491,0.00117003780863118,0.01
5,28,2028,1,-0.006,0.02,published_baby_boom,79,79,2028,0,8.9706398861943,8.96411376010801,0.413457454542624,0.00869494420433259,0.409280973035971,-0.00245568583821583,0.423512147507834,0.862629016252461,0.000727763146685569,0.00118670640476119,0.01
5,29,2029,1,-0.006,0.02,published_baby_boom,80,80,2029,0,8.97049035946721,8.95926354836977,0.414883041476552,0.0101205311382607,0.466843509288702,-0.00280106105573221,0.423937896667112,0.863496238419015,0.00125231083732467,0.00120337500089098,0.01
5,30,2030,1,-0.006,0.02,published_baby_boom,81,81,2030,0,8.97034083523251,8.95926354836977,0.414883041476552,0.0101205311382607,0.466843509288702,-0.00280106105573221,0.424263297157094,0.864159088729728,0.0012356422411944,0.00122004359702126,0.01
5,31,2031,1,-0.006,0.02,published_baby_boom,82,82,2031,0,8.97019131349013,8.95926354836977,0.414883041476552,0.0101205311382607,0.466843509288702,-0.00280106105573221,0.424484696782099,0.864610127813404,0.001218973645064,0.00123671219315174,0.01
5,32,2032,1,-0.006,0.02,published_baby_boom,83,83,2032,0,8.97004179424006,8.95926354836977,0.414883041476552,0.0101205311382607,0.466843509288702,-0.00280106105573221,0.424636127002791,0.864918666711368,0.00120230504893431,0.00125338078928133,0.01
5,33,2033,1,-0.006,0.02,published_baby_boom,84,84,2033,0,8.96989227748224,8.95616977506004,0.415178933318309,0.0104164229800184,0.478333528535827,-0.00287000117121496,0.424710863671792,0.865071008254104,0.00153101167032062,0.00127004938541164,0.01
5,34,2034,1,-0.006,0.02,published_baby_boom,85,85,2034,0,8.96974276321664,8.95616977506004,0.415178933318309,0.0104164229800184,0.478333528535827,-0.00287000117121496,0.424740306890394,0.865131103815505,0.00151434307419056,0.00128671798154158,0.01
5,35,2035,1,-0.006,0.02,published_baby_boom,86,86,2035,0,8.96959325144321,8.95616977506004,0.415178933318309,0.0104164229800184,0.478333528535827,-0.00287000117121496,0.424776258862789,0.86520445698287,0.00149767447806019,0.00130338657767209,0.01
5,36,2036,1,-0.006,0.02,published_baby_boom,87,87,2036,0,8.96944374216191,8.95616977506004,0.415178933318309,0.0104164229800184,0.478333528535827,-0.00287000117121496,0.424798913650871,0.865250725951218,0.00148100588193036,0.00132005517380187,0.01
5,37,2037,1,-0.006,0.02,published_baby_boom,88,88,2037,0,8.9692942353727,8.95555235696414,0.413965189477928,0.00920267913963668,0.43019338374514,-0.00258116030247084,0.424738002769044,0.86512678899913,0.00153327740128283,0.00133672376993206,0.01
5,38,2038,1,-0.006,0.02,published_baby_boom,89,89,2038,0,8.96914473107553,8.95555235696414,0.413965189477928,0.00920267913963668,0.43019338374514,-0.00258116030247084,0.424950276960905,0.865559246356945,0.00151660880515278,0.00135339236606216,0.01
5,39,2039,1,-0.006,0.02,published_baby_boom,90,90,2039,0,8.96899522927037,8.95555235696414,0.413965189477928,0.00920267913963668,0.43019338374514,-0.00258116030247084,0.42512407236317,0.865913331599899,0.00149994020902302,0.00137006096219197,0.01
5,40,2040,1,-0.006,0.02,published_baby_boom,91,91,2040,0,8.96884572995718,8.95555235696414,0.413965189477928,0.00920267913963668,0.43019338374514,-0.00258116030247084,0.42734618803254,0.870439462085902,0.00148327161289294,0.0013867295583221,0.01
5,41,2041,0,-0.006,0.02,published_baby_boom,92,92,2041,0,8.97103273773324,8.95813946009958,0.415419998247449,0.0106574879091582,0.487575226180606,-0.00292545135708364,0.424611703281206,0.864870058921353,0.00143824597297948,0.0011429143294913,0.01
5,42,2042,0,-0.006,0.02,published_baby_boom,93,93,2042,0,8.97103273773324,8.95813946009958,0.415419998247449,0.0106574879091582,0.487575226180606,-0.00292545135708364,0.424365294260211,0.864368186577504,0.00143824597297948,0.0011429143294913,0.01
5,43,2043,0,-0.006,0.02,published_baby_boom,94,94,2043,0,8.97103273773324,8.95813946009958,0.415419998247449,0.0106574879091582,0.487575226180606,-0.00292545135708364,0.424202315507663,0.864036238115175,0.00143824597297948,0.0011429143294913,0.01
5,44,2044,0,-0.006,0.02,published_baby_boom,95,95,2044,0,8.97103273773324,8.95813946009958,0.415419998247449,0.0106574879091582,0.487575226180606,-0.00292545135708364,0.424052914435706,0.863731943206266,0.00143824597297948,0.0011429143294913,0.01
5,45,2045,0,-0.006,0.02,published_baby_boom,96,96,2045,0,8.97103273773324,8.95505578368906,0.414837684107024,0.0100751737687328,0.465068029832416,-0.0027904081789945,0.423899906670244,0.863420302769776,0.00178253702759232,0.0011429143294913,0.01
5,46,2046,0,-0.006,0.02,published_baby_boom,97,97,2046,0,8.97103273773324,8.95505578368906,0.414837684107024,0.0100751737687328,0.465068029832416,-0.0027904081789945,0.423754440285922,0.863124021169861,0.00178253702759232,0.0011429143294913,0.01
5,47,2047,0,-0.006,0.02,published_baby_boom,98,98,2047,0,8.97103273773324,8.95505578368906,0.414837684107024,0.0100751737687328,0.465068029832416,-0.0027904081789945,0.423618813174251,0.862847779392898,0.00178253702759232,0.0011429143294913,0.01
5,48,2048,0,-0.006,0.02,published_baby_boom,99,99,2048,0,8.97103273773324,8.95505578368906,0.414837684107024,0.0100751737687328,0.465068029832416,-0.0027904081789945,0.423488352584208,0.862582060278165,0.00178253702759232,0.0011429143294913,0.01
5,49,2049,0,-0.006,0.02,published_baby_boom,100,100,2049,0,8.97103273773324,8.95626518454088,0.414504565472351,0.00974205513406012,0.451913903459581,-0.00271148342075749,0.423362973128305,0.862326689965305,0.00164749384950321,0.0011429143294913,0.01
5,50,2050,0,-0.006,0.02,published_baby_boom,101,101,2050,0,8.97103273773324,8.95626518454088,0.414504565472351,0.00974205513406012,0.451913903459581,-0.00271148342075749,0.423242240852602,0.862080784639995,0.00164749384950321,0.0011429143294913,0.01
5,51,2051,0,-0.006,0.02,published_baby_boom,102,102,2051,0,8.97103273773324,8.95626518454088,0.414504565472351,0.00974205513406012,0.451913903459581,-0.00271148342075749,0.423126686856864,0.861845425986541,0.00164749384950321,0.0011429143294913,0.01
5,52,2052,0,-0.006,0.02,published_baby_boom,103,103,2052,0,8.97103273773324,8.95626518454088,0.414504565472351,0.00974205513406012,0.451913903459581,-0.00271148342075749,0.423012073091248,0.861611983315929,0.00164749384950321,0.0011429143294913,0.01
5,53,2053,0,-0.006,0.02,published_baby_boom,104,104,2053,0,8.97103273773324,8.95697208350083,0.41425214639554,0.00948963605724917,0.44181340601221,-0.00265088043607326,0.422900368790588,0.861384466558136,0.00156856909126603,0.0011429143294913,0.01
5,54,2054,0,-0.006,0.02,published_baby_boom,105,105,2054,0,8.97103273773324,8.95697208350083,0.41425214639554,0.00948963605724917,0.44181340601221,-0.00265088043607326,0.42278749678226,0.861154571355535,0.00156856909126603,0.0011429143294913,0.01
5,55,2055,0,-0.006,0.02,published_baby_boom,106,106,2055,0,8.97103273773324,8.95697208350083,0.41425214639554,0.00948963605724917,0.44181340601221,-0.00265088043607326,0.422675779979904,0.860927028580617,0.00156856909126603,0.0011429143294913,0.01
5,56,2056,0,-0.006,0.02,published_baby_boom,107,107,2056,0,8.97103273773324,8.95697208350083,0.41425214639554,0.00948963605724917,0.44181340601221,-0.00265088043607326,0.422563922827737,0.860699200598909,0.00156856909126603,0.0011429143294913,0.01
5,57,2057,0,-0.006,0.02,published_baby_boom,108,108,2057,0,8.97103273773324,8.95751491919139,0.41404728353879,0.00928477320049886,0.433532529318567,-0.0026011951759114,0.422450343263027,0.860467863683803,0.00150796610658193,0.0011429143294913,0.01
5,58,2058,0,-0.006,0.02,published_baby_boom,109,109,2058,0,8.97103273773324,8.95751491919139,0.41404728353879,0.00928477320049886,0.433532529318567,-0.0026011951759114,0.422336689723487,0.860236377247425,0.00150796610658193,0.0011429143294913,0.01
5,59,2059,0,-0.006,0.02,published_baby_boom,110,110,2059,0,8.97103273773324,8.95751491919139,0.41404728353879,0.00928477320049886,0.433532529318567,-0.0026011951759114,0.422217234106253,0.85999307343974,0.00150796610658193,0.0011429143294913,0.01
5,60,2060,0,-0.006,0.02,published_baby_boom,111,111,2060,0,8.97103273773324,8.95751491919139,0.41404728353879,0.00928477320049886,0.433532529318567,-0.0026011951759114,0.422088942287096,0.85973177452948,0.00150796610658193,0.0011429143294913,0.01
5,61,2061,0,-0.006,0.02,published_baby_boom,112,112,2061,0,8.97103273773324,8.95795998670711,0.413891582150216,0.0091290718119249,0.427189386750699,-0.00256313632050419,0.421964758311201,0.859478839823497,0.00145828084641996,0.0011429143294913,0.01
5,62,2062,0,-0.006,0.02,published_baby_boom,113,113,2062,0,8.97103273773324,8.95795998670711,0.413891582150216,0.0091290718119249,0.427189386750699,-0.00256313632050419,0.421769324743919,0.859080790637674,0.00145828084641996,0.0011429143294913,0.01
5,63,2063,0,-0.006,0.02,published_baby_boom,114,114,2063,0,8.97103273773324,8.95795998670711,0.413891582150216,0.0091290718119249,0.427189386750699,-0.00256313632050419,0.421613509671352,0.858763434505849,0.00145828084641996,0.0011429143294913,0.01
5,64,2064,0,-0.006,0.02,published_baby_boom,115,115,2064,0,8.97103273773324,8.95795998670711,0.413891582150216,0.0091290718119249,0.427189386750699,-0.00256313632050419,0.421425983554054,0.858381408626597,0.00145828084641996,0.0011429143294913,0.01
5,65,2065,0,-0.006,0.02,published_baby_boom,116,116,2065,0,8.97103273773324,8.95830092289876,0.413819614951909,0.00905710461361814,0.424243178174476,-0.00254545906904685,0.42125042586665,0.858023855621313,0.00142022199101274,0.0011429143294913,0.01
5,66,2066,0,-0.006,0.02,published_baby_boom,117,117,2066,0,8.97103273773324,8.95830092289876,0.413819614951909,0.00905710461361814,0.424243178174476,-0.00254545906904685,0.421064500225425,0.857645184651672,0.00142022199101274,0.0011429143294913,0.01
5,67,2067,0,-0.006,0.02,published_baby_boom,118,118,2067,0,8.97103273773324,8.95830092289876,0.413819614951909,0.00905710461361814,0.424243178174476,-0.00254545906904685,0.420847922502345,0.857204083541086,0.00142022199101274,0.0011429143294913,0.01
5,68,2068,0,-0.006,0.02,published_baby_boom,119,119,2068,0,8.97103273773324,8.95830092289876,0.413819614951909,0.00905710461361814,0.424243178174476,-0.00254545906904685,0.420623064406967,0.856746117136231,0.00142022199101274,0.0011429143294913,0.01
5,69,2069,0,-0.006,0.02,published_baby_boom,120,120,2069,0,8.97103273773324,8.95845928243648,0.41418546970827,0.00942295936997867,0.439126385222513,-0.00263475831133508,0.420383802387692,0.856258812794952,0.00140254473955562,0.0011429143294913,0.01
5,70,2070,0,-0.006,0.02,published_baby_boom,121,121,2070,0,8.97103273773324,8.95845928243648,0.41418546970827,0.00942295936997867,0.439126385222513,-0.00263475831133508,0.419861935314441,0.855195918665954,0.00140254473955562,0.0011429143294913,0.01
5,71,2071,0,-0.006,0.02,published_baby_boom,122,122,2071,0,8.97103273773324,8.95845928243648,0.41418546970827,0.00942295936997867,0.439126385222513,-0.00263475831133508,0.419515757813546,0.854490856222455,0.00140254473955562,0.0011429143294913,0.01
5,72,2072,0,-0.006,0.02,published_baby_boom,123,123,2072,0,8.97103273773324,8.95845928243648,0.41418546970827,0.00942295936997867,0.439126385222513,-0.00263475831133508,0.418737039355504,0.852904826236534,0.00140254473955562,0.0011429143294913,0.01
5,73,2073,0,-0.006,0.02,published_baby_boom,124,124,2073,0,8.97103273773324,8.9576593345284,0.414044183585626,0.00928167324733498,0.433406655083292,-0.00260043993049975,0.417749628258802,0.850893746262933,0.00149184398184364,0.0011429143294913,0.01
5,74,2074,0,-0.006,0.02,published_baby_boom,125,125,2074,0,8.97103273773324,8.9576593345284,0.414044183585626,0.00928167324733498,0.433406655083292,-0.00260043993049975,0.41690526126041,0.849174006608898,0.00149184398184364,0.0011429143294913,0.01
5,75,2075,0,-0.006,0.02,published_baby_boom,126,126,2075,0,8.97103273773324,8.9576593345284,0.414044183585626,0.00928167324733498,0.433406655083292,-0.00260043993049975,0.416083744411509,0.847500806640851,0.00149184398184364,0.0011429143294913,0.01
5,76,2076,0,-0.006,0.02,published_baby_boom,127,127,2076,0,8.97103273773324,8.9576593345284,0.414044183585626,0.00928167324733498,0.433406655083292,-0.00260043993049975,0.414487012301108,0.844248703352521,0.00149184398184364,0.0011429143294913,0.01
5,77,2077,0,-0.006,0.02,published_baby_boom,128,128,2077,0,8.97103273773324,8.95796675216784,0.432531004076937,0.0277684937386458,0.882823823001883,-0.0052969429380113,0.41195028390413,0.839082082725407,0.00145752560100837,0.0011429143294913,0.01
5,78,2078,0,-0.006,0.02,published_baby_boom,129,129,2078,0,8.97103273773324,8.95796675216784,0.432531004076937,0.0277684937386458,0.882823823001883,-0.0052969429380113,0.408050184546989,0.831138642854286,0.00145752560100837,0.0011429143294913,0.01
5,79,2079,0,-0.006,0.02,published_baby_boom,130,130,2079,0,8.97103273773324,8.95796675216784,0.432531004076937,0.0277684937386458,0.882823823001883,-0.0052969429380113,0.400792610825832,0.816356941708994,0.00145752560100837,0.0011429143294913,0.01
5,80,2080,0,-0.006,0.02,published_baby_boom,131,131,2080,0,8.97103273773324,8.95796675216784,0.432531004076937,0.0277684937386458,0.882823823001883,-0.0052969429380113,0.380683262385635,0.775399578848926,0.00145752560100837,0.0011429143294913,0.01
6,1,2001,1,-0.006,0.02,published_baby_boom,52,52,2001,0,8.97290261271391,8.98129172105232,0.411353837598687,0.0065913272603963,0.318131080971556,-0.00190878648582934,0.416981659723055,0.84932872725818,0.000934501297354305,0.00093450129735427,0.01
6,2,2002,1,-0.006,0.02,published_baby_boom,53,53,2002,0,8.97287970223282,8.98129172105232,0.411353837598687,0.0065913272603963,0.318131080971556,-0.00190878648582934,0.416159265995452,0.84765363242464,0.000937054597141609,0.000937054597141724,0.01
6,3,2003,1,-0.006,0.02,published_baby_boom,54,54,2003,0,8.97285679181023,8.98129172105232,0.411353837598687,0.0065913272603963,0.318131080971556,-0.00190878648582934,0.415339355014748,0.845983593502297,0.000939607896929351,0.0009396078969294,0.01
6,4,2004,1,-0.006,0.02,published_baby_boom,55,55,2004,0,8.97283388144614,8.98129172105232,0.411353837598687,0.0065913272603963,0.318131080971556,-0.00190878648582934,0.414509982962176,0.844294284917706,0.000942161196717072,0.000942161196717059,0.01
6,5,2005,1,-0.006,0.02,published_baby_boom,56,56,2005,0,8.97281097114054,8.96416470389947,0.409675600129767,0.00491308979147587,0.240829491726178,-0.00144497695035707,0.413683435153141,0.842610727094623,0.000964071989324307,0.000944714496504906,0.01
6,6,2006,1,-0.006,0.02,published_baby_boom,57,57,2006,0,8.97278806089344,8.96416470389947,0.409675600129767,0.00491308979147587,0.240829491726178,-0.00144497695035707,0.412870101837734,0.840954083383628,0.000961518689536898,0.000947267796292369,0.01
6,7,2007,1,-0.006,0.02,published_baby_boom,58,58,2007,0,8.97276515070484,8.96416470389947,0.409675600129767,0.00491308979147587,0.240829491726178,-0.00144497695035707,0.412066925170579,0.839318124766136,0.000958965389749441,0.000949821096079986,0.01
6,8,2008,1,-0.006,0.02,published_baby_boom,59,59,2008,0,8.97274224057474,8.96416470389947,0.409675600129767,0.00491308979147587,0.240829491726178,-0.00144497695035707,0.411275730739866,0.837706568911825,0.000956412089961728,0.000952374395867631,0.01
6,9,2009,1,-0.006,0.02,published_baby_boom,60,60,2009,0,8.97271933050313,8.96832333329812,0.40814978107443,0.00338727073613942,0.167762561596221,-0.00100657536957732,0.410506925770848,0.836140611938563,0.000490049254701881,0.000954927695655176,0.01
6,10,2010,1,-0.006,0.02,published_baby_boom,61,61,2010,0,8.97269642049001,8.96832333329812,0.40814978107443,0.00338727073613942,0.167762561596221,-0.00100657536957732,0.410655567700669,0.836443349042423,0.000487495954914195,0.000957480995442825,0.01
6,11,2011,1,-0.006,0.02,published_baby_boom,62,62,2011,0,8.9726735105354,8.96832333329812,0.40814978107443,0.00338727073613942,0.167762561596221,-0.00100657536957732,0.410852283593487,0.83684399714569,0.000484942655126661,0.000960034295230341,0.01
6,12,2012,1,-0.006,0.02,published_baby_boom,63,63,2012,0,8.97265060063927,8.96832333329812,0.40814978107443,0.00338727073613942,0.167762561596221,-0.00100657536957732,0.411108857073092,0.83736655775703,0.000482389355338852,0.00096258759501815,0.01
6,13,2013,1,-0.006,0.02,published_baby_boom,64,64,2013,0,8.97262769080165,8.97225592238803,0.408864485301652,0.00410197496336084,0.202270467638616,-0.0012136228058317,0.411403987522925,0.837967648586657,4.14344747716464e-05,0.000965140894805793,0.01
6,14,2014,1,-0.006,0.02,published_baby_boom,65,65,2014,0,8.97260478102252,8.97225592238803,0.408864485301652,0.00410197496336084,0.202270467638616,-0.0012136228058317,0.411512367868372,0.838188382471396,3.88811749843444e-05,0.000967694194593029,0.01
6,15,2015,1,-0.006,0.02,published_baby_boom,66,66,2015,0,8.97234053557617,8.97225592238803,0.408864485301652,0.00410197496336084,0.202270467638616,-0.0012136228058317,0.412028370261325,0.839239333543601,9.43049216447411e-06,0.000997144877413,0.01
6,16,2016,1,-0.006,0.02,published_baby_boom,67,67,2016,0,8.97207629791192,8.97225592238803,0.408864485301652,0.00410197496336084,0.202270467638616,-0.0012136228058317,0.412642339258718,0.840489818448346,2.00201906549504e-05,0.00102659556023237,0.01
6,17,2017,1,-0.006,0.02,published_baby_boom,68,68,2017,0,8.97181206802953,8.97039843210282,0.409397835167121,0.00463532482883056,0.227703687965401,-0.00136622212779241,0.413365142774367,0.841961969914502,0.000157576562779451,0.00105604624305214,0.01
6,18,2018,1,-0.006,0.02,published_baby_boom,69,69,2018,0,8.97154784592878,8.97039843210282,0.409397835167121,0.00463532482883056,0.227703687965401,-0.00136622212779241,0.414252813591649,0.84376991553949,0.00012812587996002,0.00108549692587157,0.01
6,19,2019,1,-0.006,0.02,published_baby_boom,70,70,2019,0,8.97128363160943,8.97039843210282,0.409397835167121,0.00463532482883056,0.227703687965401,-0.00136622212779241,0.41533906922056,0.845982330041234,9.86751971406778e-05,0.001114947608691,0.01
6,20,2020,1,-0.006,0.02,published_baby_boom,71,71,2020,0,8.97101942507126,8.97039843210282,0.409397835167121,0.00463532482883056,0.227703687965401,-0.00136622212779241,0.416364647165106,0.848071166524708,6.92245143207625e-05,0.0011443982915109,0.01
6,21,2021,1,-0.006,0.02,published_baby_boom,72,72,2021,0,8.97075522631404,8.96902965982388,0.41132160212086,0.00655909178256942,0.316681688571798,-0.00190009013143079,0.417421851768024,0.850224424550531,0.000192373153461639,0.00117384897433062,0.01
6,22,2022,1,-0.006,0.02,published_baby_boom,73,73,2022,0,8.97049103533754,8.96902965982388,0.41132160212086,0.00655909178256942,0.316681688571798,-0.00190009013143079,0.418458033088067,0.852334870227023,0.000162922470642229,0.00120329965715007,0.01
6,23,2023,1,-0.006,0.02,published_baby_boom,74,74,2023,0,8.97022685214153,8.96902965982388,0.41132160212086,0.00655909178256942,0.316681688571798,-0.00190009013143079,0.419485856532611,0.85442829918899,0.000133471787822816,0.00123275033996949,0.01
6,24,2024,1,-0.006,0.02,published_baby_boom,75,75,2024,0,8.96996267672578,8.96902965982388,0.41132160212086,0.00655909178256942,0.316681688571798,-0.00190009013143079,0.420442101778663,0.856375949014407,0.000104021105003075,0.00126220102278925,0.01
6,25,2025,1,-0.006,0.02,published_baby_boom,76,76,2025,0,8.96969850909007,8.96424265979159,0.41342570215053,0.00866319181223929,0.407958438795344,-0.00244775063277206,0.421341188640878,0.858207189657517,0.000608438425822281,0.00129165170560858,0.01
6,26,2026,1,-0.006,0.02,published_baby_boom,77,77,2026,0,8.96943434923415,8.96424265979159,0.41342570215053,0.00866319181223929,0.407958438795344,-0.00244775063277206,0.42214069183091,0.8598356139638,0.000578987743002692,0.00132110238842817,0.01
6,27,2027,1,-0.006,0.02,published_baby_boom,78,78,2027,0,8.96917019715781,8.96424265979159,0.41342570215053,0.00866319181223929,0.407958438795344,-0.00244775063277206,0.422841277624344,0.861262580768842,0.000549537060182965,0.00135055307124795,0.01
6,28,2028,1,-0.006,0.02,published_baby_boom,79,79,2028,0,8.96890605286081,8.96424265979159,0.41342570215053,0.00866319181223929,0.407958438795344,-0.00244775063277206,0.423438389146943,0.862478810367691,0.000520086377363316,0.00138000375406749,0.01
6,29,2029,1,-0.006,0.02,published_baby_boom,80,80,2029,0,8.96864191634293,8.95933464224873,0.414836304642374,0.010073794304083,0.465013972967308,-0.00279008383780385,0.423877183582425,0.863372603358605,0.00103829619588542,0.00140945443688681,0.01
6,30,2030,1,-0.006,0.02,published_baby_boom,81,81,2030,0,8.96837778760393,8.95933464224873,0.414836304642374,0.010073794304083,0.465013972967308,-0.00279008383780385,0.424214346820169,0.864059412258671,0.00100884551306562,0.00143890511970661,0.01
6,31,2031,1,-0.006,0.02,published_baby_boom,82,82,2031,0,8.96811366664359,8.95933464224873,0.414836304642374,0.010073794304083,0.465013972967308,-0.00279008383780385,0.424450699525564,0.864540908113827,0.00097939483024561,0.00146835580252659,0.01
6,32,2032,1,-0.006,0.02,published_baby_boom,83,83,2032,0,8.96784955346168,8.95933464224873,0.414836304642374,0.010073794304083,0.465013972967308,-0.00279008383780385,0.424617074131478,0.864879886176766,0.000949944147426281,0.00149780648534588,0.01
6,33,2033,1,-0.006,0.02,published_baby_boom,84,84,2033,0,8.96758544805797,8.95626808942707,0.415069853675672,0.0103073433373813,0.474116473950532,-0.00284469884370319,0.424669972118649,0.864987749870898,0.0012628266696382,0.00152725716816552,0.01
6,34,2034,1,-0.006,0.02,published_baby_boom,85,85,2034,0,8.96732135043223,8.95626808942707,0.415069853675672,0.0103073433373813,0.474116473950532,-0.00284469884370319,0.424774450735998,0.865200673086394,0.00123337598681886,0.00155670785098497,0.01
6,35,2035,1,-0.006,0.02,published_baby_boom,86,86,2035,0,8.96705726058422,8.95626808942707,0.415069853675672,0.0103073433373813,0.474116473950532,-0.00284469884370319,0.424838469591181,0.865331191714163,0.00120392530399865,0.00158615853380517,0.01
6,36,2036,1,-0.006,0.02,published_baby_boom,87,87,2036,0,8.96679317851374,8.95626808942707,0.415069853675672,0.0103073433373813,0.474116473950532,-0.00284469884370319,0.424846611539575,0.865347903012969,0.00117447462117953,0.00161560921662424,0.01
6,37,2037,1,-0.006,0.02,published_baby_boom,88,88,2037,0,8.96652910422053,8.95577895614966,0.413613890501291,0.00885138016299969,0.415771623470778,-0.00249462974082467,0.424960299811233,0.865579578046406,0.0011996389442591,0.001645059899444,0.01
6,38,2038,1,-0.006,0.02,published_baby_boom,89,89,2038,0,8.96626503770438,8.95577895614966,0.413613890501291,0.00885138016299969,0.415771623470778,-0.00249462974082467,0.425140375009828,0.865946456042014,0.00117018826143952,0.00167451058226359,0.01
6,39,2039,1,-0.006,0.02,published_baby_boom,90,90,2039,0,8.96600097896505,8.95577895614966,0.413613890501291,0.00885138016299969,0.415771623470778,-0.00249462974082467,0.425513992443105,0.866707525131842,0.00114073757862008,0.00170396126508306,0.01
6,40,2040,1,-0.006,0.02,published_baby_boom,91,91,2040,0,8.96573692800232,8.95577895614966,0.413613890501291,0.00885138016299969,0.415771623470778,-0.00249462974082467,0.428401304248204,0.872588480148733,0.00111128689580051,0.00173341194790264,0.01
6,41,2041,0,-0.006,0.02,published_baby_boom,92,92,2041,0,8.96846982343304,8.95891464647654,0.415584801503934,0.0108222911656435,0.493831182239884,-0.0029629870934393,0.424994613199466,0.865649977729733,0.00106598682896054,0.00142864291186414,0.01
6,42,2042,0,-0.006,0.02,published_baby_boom,93,93,2042,0,8.96846982343304,8.95891464647654,0.415584801503934,0.0108222911656435,0.493831182239884,-0.0029629870934393,0.424701392794249,0.865052763986075,0.00106598682896054,0.00142864291186414,0.01
6,43,2043,0,-0.006,0.02,published_baby_boom,94,94,2043,0,8.96846982343304,8.95891464647654,0.415584801503934,0.0108222911656435,0.493831182239884,-0.0029629870934393,0.42453386852167,0.8647115601752,0.00106598682896054,0.00142864291186414,0.01
6,44,2044,0,-0.006,0.02,published_baby_boom,95,95,2044,0,8.96846982343304,8.95891464647654,0.415584801503934,0.0108222911656435,0.493831182239884,-0.0029629870934393,0.424384951584397,0.864408253848927,0.00106598682896054,0.00142864291186414,0.01
6,45,2045,0,-0.006,0.02,published_baby_boom,96,96,2045,0,8.96846982343304,8.95471965538457,0.414914698029131,0.0101521876908396,0.468080455880473,-0.00280848273528284,0.424224348072215,0.864081144808138,0.00153434418157505,0.00142864291186414,0.01
6,46,2046,0,-0.006,0.02,published_baby_boom,97,97,2046,0,8.96846982343304,8.95471965538457,0.414914698029131,0.0101521876908396,0.468080455880473,-0.00280848273528284,0.42408041868128,0.863787996015998,0.00153434418157505,0.00142864291186414,0.01
6,47,2047,0,-0.006,0.02,published_baby_boom,98,98,2047,0,8.96846982343304,8.95471965538457,0.414914698029131,0.0101521876908396,0.468080455880473,-0.00280848273528284,0.42394537072013,0.863512936249326,0.00153434418157505,0.00142864291186414,0.01
6,48,2048,0,-0.006,0.02,published_baby_boom,99,99,2048,0,8.96846982343304,8.95471965538457,0.414914698029131,0.0101521876908396,0.468080455880473,-0.00280848273528284,0.423813778905688,0.863244916095476,0.00153434418157505,0.00142864291186414,0.01
6,49,2049,0,-0.006,0.02,published_baby_boom,100,100,2049,0,8.96846982343304,8.95610330548462,0.414565314370907,0.00980280403261569,0.454327701868037,-0.00272596621120822,0.423689866424892,0.86299253629464,0.00137983982341858,0.00142864291186414,0.01
6,50,2050,0,-0.006,0.02,published_baby_boom,101,101,2050,0,8.96846982343304,8.95610330548462,0.414565314370907,0.00980280403261569,0.454327701868037,-0.00272596621120822,0.423569404505118,0.862747184865069,0.00137983982341858,0.00142864291186414,0.01
6,51,2051,0,-0.006,0.02,published_baby_boom,102,102,2051,0,8.96846982343304,8.95610330548462,0.414565314370907,0.00980280403261569,0.454327701868037,-0.00272596621120822,0.423453695385267,0.862511513379587,0.00137983982341858,0.00142864291186414,0.01
6,52,2052,0,-0.006,0.02,published_baby_boom,103,103,2052,0,8.96846982343304,8.95610330548462,0.414565314370907,0.00980280403261569,0.454327701868037,-0.00272596621120822,0.423338213143675,0.862276304804705,0.00137983982341858,0.00142864291186414,0.01
6,53,2053,0,-0.006,0.02,published_baby_boom,104,104,2053,0,8.96846982343304,8.95684236249043,0.414303122318827,0.00954061198053624,0.44386236773858,-0.00266317420643148,0.423227411035385,0.862050628515795,0.00129732329934403,0.00142864291186414,0.01
6,54,2054,0,-0.006,0.02,published_baby_boom,105,105,2054,0,8.96846982343304,8.95684236249043,0.414303122318827,0.00954061198053624,0.44386236773858,-0.00266317420643148,0.423115929720188,0.861823568834557,0.00129732329934403,0.00142864291186414,0.01
6,55,2055,0,-0.006,0.02,published_baby_boom,106,106,2055,0,8.96846982343304,8.95684236249043,0.414303122318827,0.00954061198053624,0.44386236773858,-0.00266317420643148,0.423004508422926,0.86159663046465,0.00129732329934403,0.00142864291186414,0.01
6,56,2056,0,-0.006,0.02,published_baby_boom,107,107,2056,0,8.96846982343304,8.95684236249043,0.414303122318827,0.00954061198053624,0.44386236773858,-0.00266317420643148,0.422892731922617,0.861368969471515,0.00129732329934403,0.00142864291186414,0.01
6,57,2057,0,-0.006,0.02,published_baby_boom,108,108,2057,0,8.96846982343304,8.95740479823689,0.414091822038172,0.00932931169988149,0.435339155545107,-0.00261203493327064,0.422782650473652,0.861144759985004,0.00123453129456721,0.00142864291186414,0.01
6,58,2058,0,-0.006,0.02,published_baby_boom,109,109,2058,0,8.96846982343304,8.95740479823689,0.414091822038172,0.00932931169988149,0.435339155545107,-0.00261203493327064,0.422671605634416,0.860918590181895,0.00123453129456721,0.00142864291186414,0.01
6,59,2059,0,-0.006,0.02,published_baby_boom,110,110,2059,0,8.96846982343304,8.95740479823689,0.414091822038172,0.00932931169988149,0.435339155545107,-0.00261203493327064,0.422555527787128,0.860682168544591,0.00123453129456721,0.00142864291186414,0.01
6,60,2060,0,-0.006,0.02,published_baby_boom,111,111,2060,0,8.96846982343304,8.95740479823689,0.414091822038172,0.00932931169988149,0.435339155545107,-0.00261203493327064,0.42240900256587,0.860383735809423,0.00123453129456721,0.00142864291186414,0.01
6,61,2061,0,-0.006,0.02,published_baby_boom,112,112,2061,0,8.96846982343304,8.9578628851207,0.413913932434728,0.00915142209643716,0.428102528637263,-0.00256861517182358,0.422275309854026,0.860111436930707,0.00118339202140651,0.00142864291186414,0.01
6,62,2062,0,-0.006,0.02,published_baby_boom,113,113,2062,0,8.96846982343304,8.9578628851207,0.413913932434728,0.00915142209643716,0.428102528637263,-0.00256861517182358,0.4221397507216,0.859835338354199,0.00118339202140651,0.00142864291186414,0.01
6,63,2063,0,-0.006,0.02,published_baby_boom,114,114,2063,0,8.96846982343304,8.9578628851207,0.413913932434728,0.00915142209643716,0.428102528637263,-0.00256861517182358,0.421972041780719,0.859493759289399,0.00118339202140651,0.00142864291186414,0.01
6,64,2064,0,-0.006,0.02,published_baby_boom,115,115,2064,0,8.96846982343304,8.9578628851207,0.413913932434728,0.00915142209643716,0.428102528637263,-0.00256861517182358,0.421819004222578,0.859181978813576,0.00118339202140651,0.00142864291186414,0.01
6,65,2065,0,-0.006,0.02,published_baby_boom,116,116,2065,0,8.96846982343304,8.95825184183439,0.413888115766951,0.00912560542865981,0.427047686245274,-0.00256228611747164,0.421652641262188,0.858843155259564,0.00113997225995944,0.00142864291186414,0.01
6,66,2066,0,-0.006,0.02,published_baby_boom,117,117,2066,0,8.96846982343304,8.95825184183439,0.413888115766951,0.00912560542865981,0.427047686245274,-0.00256228611747164,0.42142713098517,0.858383862587966,0.00113997225995944,0.00142864291186414,0.01
6,67,2067,0,-0.006,0.02,published_baby_boom,118,118,2067,0,8.96846982343304,8.95825184183439,0.413888115766951,0.00912560542865981,0.427047686245274,-0.00256228611747164,0.421169388850918,0.857858922625654,0.00113997225995944,0.00142864291186414,0.01
6,68,2068,0,-0.006,0.02,published_baby_boom,119,119,2068,0,8.96846982343304,8.95825184183439,0.413888115766951,0.00912560542865981,0.427047686245274,-0.00256228611747164,0.420935991826343,0.857383565764319,0.00113997225995944,0.00142864291186414,0.01
6,69,2069,0,-0.006,0.02,published_baby_boom,120,120,2069,0,8.96846982343304,8.95830853927661,0.414124097199167,0.00936158686087585,0.43664615453493,-0.00261987692720958,0.420675313406899,0.856852643569291,0.00113364320560747,0.00142864291186414,0.01
6,70,2070,0,-0.006,0.02,published_baby_boom,121,121,2070,0,8.96846982343304,8.95830853927661,0.414124097199167,0.00936158686087585,0.43664615453493,-0.00261987692720958,0.420375521038329,0.856242056572583,0.00113364320560747,0.00142864291186414,0.01
6,71,2071,0,-0.006,0.02,published_baby_boom,122,122,2071,0,8.96846982343304,8.95830853927661,0.414124097199167,0.00936158686087585,0.43664615453493,-0.00261987692720958,0.419870784220218,0.855214053343884,0.00113364320560747,0.00142864291186414,0.01
6,72,2072,0,-0.006,0.02,published_baby_boom,123,123,2072,0,8.96846982343304,8.95830853927661,0.414124097199167,0.00936158686087585,0.43664615453493,-0.00261987692720958,0.419340056463967,0.854133113375782,0.00113364320560747,0.00142864291186414,0.01
6,73,2073,0,-0.006,0.02,published_baby_boom,124,124,2073,0,8.96846982343304,8.95779263788969,0.414354201923888,0.00959169158559675,0.445910851985107,-0.00267546511191064,0.418652711426586,0.852733186621237,0.00119123401534544,0.00142864291186414,0.01
6,74,2074,0,-0.006,0.02,published_baby_boom,125,125,2074,0,8.96846982343304,8.95779263788969,0.414354201923888,0.00959169158559675,0.445910851985107,-0.00267546511191064,0.417690300593165,0.850773024720829,0.00119123401534544,0.00142864291186414,0.01
6,75,2075,0,-0.006,0.02,published_baby_boom,126,126,2075,0,8.96846982343304,8.95779263788969,0.414354201923888,0.00959169158559675,0.445910851985107,-0.00267546511191064,0.416692804298515,0.848741403246575,0.00119123401534544,0.00142864291186414,0.01
6,76,2076,0,-0.006,0.02,published_baby_boom,127,127,2076,0,8.96846982343304,8.95779263788969,0.414354201923888,0.00959169158559675,0.445910851985107,-0.00267546511191064,0.415163262128895,0.845626148043597,0.00119123401534544,0.00142864291186414,0.01
6,77,2077,0,-0.006,0.02,published_baby_boom,128,128,2077,0,8.96846982343304,8.95729470429776,0.431762814405945,0.0270003040676542,0.874056876305665,-0.00524434125783399,0.413104112648575,0.841432227911155,0.00124682220004657,0.00142864291186414,0.01
6,78,2078,0,-0.006,0.02,published_baby_boom,129,129,2078,0,8.96846982343304,8.95729470429776,0.431762814405945,0.0270003040676542,0.874056876305665,-0.00524434125783399,0.409087840828036,0.833252176157553,0.00124682220004657,0.00142864291186414,0.01
6,79,2079,0,-0.006,0.02,published_baby_boom,130,130,2079,0,8.96846982343304,8.95729470429776,0.431762814405945,0.0270003040676542,0.874056876305665,-0.00524434125783399,0.402856555232304,0.820560743635361,0.00124682220004657,0.00142864291186414,0.01
6,80,2080,0,-0.006,0.02,published_baby_boom,131,131,2080,0,8.96846982343304,8.95729470429776,0.431762814405945,0.0270003040676542,0.874056876305665,-0.00524434125783399,0.383113360226568,0.78034915406978,0.00124682220004657,0.00142864291186414,0.01
7,1,2001,1,-0.006,0.02,published_baby_boom,52,52,2001,0,8.97241604265001,8.98129172105232,0.411323033586878,0.00656052324858747,0.316746082520523,-0.00190047649512314,0.416983028021022,0.849331514235637,0.000988729374700131,0.000988729374700122,0.01
7,2,2002,1,-0.006,0.02,published_baby_boom,53,53,2002,0,8.97241126594726,8.98129172105232,0.411323033586878,0.00656052324858747,0.316746082520523,-0.00190047649512314,0.416161782343294,0.847658757882434,0.000989261751263523,0.00098926175126359,0.01
7,3,2003,1,-0.006,0.02,published_baby_boom,54,54,2003,0,8.97240648924705,8.98129172105232,0.411323033586878,0.00656052324858747,0.316746082520523,-0.00190047649512314,0.415342728714857,0.84599046543555,0.000989794127827204,0.000989794127827318,0.01
7,4,2004,1,-0.006,0.02,published_baby_boom,55,55,2004,0,8.97240171254939,8.98129172105232,0.411323033586878,0.00656052324858747,0.316746082520523,-0.00190047649512314,0.414514324970461,0.844303129369468,0.000990326504390953,0.000990326504390972,0.01
7,5,2005,1,-0.006,0.02,published_baby_boom,56,56,2005,0,8.97239693585427,8.96423919633436,0.409662768424169,0.00490025808587841,0.240225024335996,-0.00144135014601598,0.413688997684722,0.842622057808899,0.000909617614168247,0.000990858880954998,0.01
7,6,2006,1,-0.006,0.02,published_baby_boom,57,57,2006,0,8.97239215916169,8.96423919633436,0.409662768424169,0.00490025808587841,0.240225024335996,-0.00144135014601598,0.412877525925052,0.840969206012441,0.000909085237604887,0.000991391257518282,0.01
7,7,2007,1,-0.006,0.02,published_baby_boom,58,58,2007,0,8.97238738247166,8.96423919633436,0.409662768424169,0.00490025808587841,0.240225024335996,-0.00144135014601598,0.412071998023801,0.839328459043274,0.000908552861041144,0.000991923634082159,0.01
7,8,2008,1,-0.006,0.02,published_baby_boom,59,59,2008,0,8.97238260578417,8.96423919633436,0.409662768424169,0.00490025808587841,0.240225024335996,-0.00144135014601598,0.41127712629542,0.837709414040848,0.000908020484477572,0.000992456010645629,0.01
7,9,2009,1,-0.006,0.02,published_baby_boom,60,60,2009,0,8.97237782909922,8.9683558597111,0.408170144078606,0.00340763374031527,0.168751887377329,-0.00101251132426398,0.41050719432695,0.836141162206442,0.000448361758806715,0.000992988387209358,0.01
7,10,2010,1,-0.006,0.02,published_baby_boom,61,61,2010,0,8.97237305241681,8.9683558597111,0.408170144078606,0.00340763374031527,0.168751887377329,-0.00101251132426398,0.410651631276117,0.83643533545339,0.00044782938224296,0.000993520763773124,0.01
7,11,2011,1,-0.006,0.02,published_baby_boom,62,62,2011,0,8.97236827573695,8.9683558597111,0.408170144078606,0.00340763374031527,0.168751887377329,-0.00101251132426398,0.410842258509435,0.836823583174483,0.000447297005679507,0.000994053140336592,0.01
7,12,2012,1,-0.006,0.02,published_baby_boom,63,63,2012,0,8.97236349905963,8.9683558597111,0.408170144078606,0.00340763374031527,0.168751887377329,-0.00101251132426398,0.411074643705788,0.837296879565027,0.000446764629115689,0.000994585516900431,0.01
7,13,2013,1,-0.006,0.02,published_baby_boom,64,64,2013,0,8.97235872238485,8.97220266364151,0.408941459469277,0.00417894913098593,0.205958822974977,-0.00123575293784986,0.411310654623637,0.837777561038906,1.73934307998234e-05,0.000995117893464083,0.01
7,14,2014,1,-0.006,0.02,published_baby_boom,65,65,2014,0,8.97235394571262,8.97220266364151,0.408941459469277,0.00417894913098593,0.205958822974977,-0.00123575293784986,0.411276894524283,0.837708794305458,1.68610542366316e-05,0.000995650270027327,0.01
7,15,2015,1,-0.006,0.02,published_baby_boom,66,66,2015,0,8.97197972213209,8.97220266364151,0.408941459469277,0.00417894913098593,0.205958822974977,-0.00123575293784986,0.411743678680294,0.838659501967438,2.48483329736685e-05,0.0010373596572376,0.01
7,16,2016,1,-0.006,0.02,published_baby_boom,67,67,2016,0,8.97160551415987,8.97220266364151,0.408941459469277,0.00417894913098593,0.205958822974977,-0.00123575293784986,0.412328210892926,0.839850032915484,6.65577201832413e-05,0.00107906904444727,0.01
7,17,2017,1,-0.006,0.02,published_baby_boom,68,68,2017,0,8.9712313217953,8.97019991819784,0.409235571759617,0.00447306142132653,0.219997109079608,-0.00131998265447765,0.413029973152483,0.841279330022839,0.000114974506192494,0.00112077843165736,0.01
7,18,2018,1,-0.006,0.02,published_baby_boom,69,69,2018,0,8.97085714503775,8.97019991819784,0.409235571759617,0.00447306142132653,0.219997109079608,-0.00131998265447765,0.413823093634061,0.842894703707093,7.32651189828793e-05,0.00116248781886688,0.01
7,19,2019,1,-0.006,0.02,published_baby_boom,70,70,2019,0,8.97048298388656,8.97019991819784,0.409235571759617,0.00447306142132653,0.219997109079608,-0.00131998265447765,0.414739655745156,0.844761499918436,3.15557317731746e-05,0.00120419720607652,0.01
7,20,2020,1,-0.006,0.02,published_baby_boom,71,71,2020,0,8.97010883834106,8.97019991819784,0.409235571759617,0.00447306142132653,0.219997109079608,-0.00131998265447765,0.415918404128551,0.847162304154524,1.01536554371156e-05,0.00124590659328675,0.01
7,21,2021,1,-0.006,0.02,published_baby_boom,72,72,2021,0,8.96973470840063,8.96944439261993,0.411019414831904,0.0062569044936131,0.303023287197227,-0.00181813972318336,0.41697211524321,0.849308448202847,3.23666739810107e-05,0.00128761598049669,0.01
7,22,2022,1,-0.006,0.02,published_baby_boom,73,73,2022,0,8.9693605940646,8.96944439261993,0.411019414831904,0.0062569044936131,0.303023287197227,-0.00181813972318336,0.418229210561987,0.851868836919743,9.34271322864061e-06,0.00132932536770628,0.01
7,23,2023,1,-0.006,0.02,published_baby_boom,74,74,2023,0,8.96898649533233,8.96944439261993,0.411019414831904,0.0062569044936131,0.303023287197227,-0.00181813972318336,0.419282942105747,0.854015035355383,5.10521004384495e-05,0.0013710347549161,0.01
7,24,2024,1,-0.006,0.02,published_baby_boom,75,75,2024,0,8.96861241220316,8.96944439261993,0.411019414831904,0.0062569044936131,0.303023287197227,-0.00181813972318336,0.420288616857075,0.856063361628809,9.27614876483506e-05,0.00141274414212607,0.01
7,25,2025,1,-0.006,0.02,published_baby_boom,76,76,2025,0,8.96823834467645,8.96497731323935,0.413314190890483,0.00855168055219258,0.403300270040951,-0.00241980162024571,0.421175548980961,0.857869847525262,0.0003636861938479,0.00145445352933545,0.01
7,26,2026,1,-0.006,0.02,published_baby_boom,77,77,2026,0,8.96786429275153,8.96497731323935,0.413314190890483,0.00855168055219258,0.403300270040951,-0.00241980162024571,0.421996732685569,0.859542430518988,0.000321976806637979,0.0014961629165454,0.01
7,27,2027,1,-0.006,0.02,published_baby_boom,78,78,2027,0,8.96749025642776,8.96497731323935,0.413314190890483,0.00855168055219258,0.403300270040951,-0.00241980162024571,0.422713816295985,0.86100300048989,0.000280267419427919,0.0015378723037555,0.01
7,28,2028,1,-0.006,0.02,published_baby_boom,79,79,2028,0,8.9671162357045,8.96497731323935,0.413314190890483,0.00855168055219258,0.403300270040951,-0.00241980162024571,0.423331731269767,0.862261602668437,0.000238558032218318,0.00157958169096504,0.01
7,29,2029,1,-0.006,0.02,published_baby_boom,80,80,2029,0,8.96674223058109,8.95958505030418,0.41474185695163,0.00997934661333888,0.461304629343079,-0.00276782777605848,0.423785024940319,0.863184928077015,0.000798510542071086,0.00162129107817462,0.01
7,30,2030,1,-0.006,0.02,published_baby_boom,81,81,2030,0,8.96636824105687,8.95958505030418,0.41474185695163,0.00997934661333888,0.461304629343079,-0.00276782777605848,0.424135193073246,0.863898226335582,0.000756801154860856,0.00166300046538495,0.01
7,31,2031,1,-0.006,0.02,published_baby_boom,82,82,2031,0,8.9659942671312,8.95958505030418,0.41474185695163,0.00997934661333888,0.461304629343079,-0.00276782777605848,0.424386741562106,0.864410673069245,0.000715091767650727,0.00170470985259499,0.01
7,32,2032,1,-0.006,0.02,published_baby_boom,83,83,2032,0,8.96562030880344,8.95958505030418,0.41474185695163,0.00997934661333888,0.461304629343079,-0.00276782777605848,0.424580777370713,0.864805990642322,0.000673382380441265,0.00174641923980445,0.01
7,33,2033,1,-0.006,0.02,published_baby_boom,84,84,2033,0,8.96524636607291,8.95646742290086,0.415024212544575,0.0102617022062841,0.472345479671958,-0.00283407287803175,0.424738453890328,0.865127260598512,0.00097969914904405,0.0017881286270143,0.01
7,34,2034,1,-0.006,0.02,published_baby_boom,85,85,2034,0,8.96487243893899,8.95646742290086,0.415024212544575,0.0102617022062841,0.472345479671958,-0.00283407287803175,0.42484386636908,0.865342087340178,0.000937989761834297,0.00182983801422403,0.01
7,35,2035,1,-0.006,0.02,published_baby_boom,86,86,2035,0,8.96449852740101,8.95646742290086,0.415024212544575,0.0102617022062841,0.472345479671958,-0.00283407287803175,0.42488986662154,0.865435909067075,0.000896280374623895,0.00187154740143449,0.01
7,36,2036,1,-0.006,0.02,published_baby_boom,87,87,2036,0,8.96412463145833,8.95646742290086,0.415024212544575,0.0102617022062841,0.472345479671958,-0.00283407287803175,0.424965691059527,0.865590472795996,0.000854570987414508,0.00191325678864387,0.01
7,37,2037,1,-0.006,0.02,published_baby_boom,88,88,2037,0,8.96375075111029,8.95587412045501,0.413251926969492,0.00848941663120106,0.400690170091714,-0.00240414102055029,0.425168094945138,0.866002838733593,0.000879106702177817,0.0019549661758538,0.01
7,38,2038,1,-0.006,0.02,published_baby_boom,89,89,2038,0,8.96337688635625,8.95587412045501,0.413251926969492,0.00848941663120106,0.400690170091714,-0.00240414102055029,0.425470394783794,0.866618656356164,0.000837397314967843,0.0019966755630638,0.01
7,39,2039,1,-0.006,0.02,published_baby_boom,90,90,2039,0,8.96300303719556,8.95587412045501,0.413251926969492,0.00848941663120106,0.400690170091714,-0.00240414102055029,0.426266643676697,0.868240510592528,0.000795687927758204,0.00203838495027349,0.01
7,40,2040,1,-0.006,0.02,published_baby_boom,91,91,2040,0,8.96262920362755,8.95587412045501,0.413251926969492,0.00848941663120106,0.400690170091714,-0.00240414102055029,0.42890949958498,0.873623575829739,0.000753978540548459,0.0020800943374832,0.01
7,41,2041,0,-0.006,0.02,published_baby_boom,92,92,2041,0,8.9659076413261,8.95972536387779,0.415748081047927,0.0109855707096358,0.499979293074959,-0.00299987575844976,0.425401849215997,0.866479447242542,0.000689769526313458,0.0017143714942369,0.01
7,42,2042,0,-0.006,0.02,published_baby_boom,93,93,2042,0,8.9659076413261,8.95972536387779,0.415748081047927,0.0109855707096358,0.499979293074959,-0.00299987575844976,0.425128580558347,0.865922872113754,0.000689769526313458,0.0017143714942369,0.01
7,43,2043,0,-0.006,0.02,published_baby_boom,94,94,2043,0,8.9659076413261,8.95972536387779,0.415748081047927,0.0109855707096358,0.499979293074959,-0.00299987575844976,0.424958319398774,0.865576096529892,0.000689769526313458,0.0017143714942369,0.01
7,44,2044,0,-0.006,0.02,published_baby_boom,95,95,2044,0,8.9659076413261,8.95972536387779,0.415748081047927,0.0109855707096358,0.499979293074959,-0.00299987575844976,0.424810747462804,0.865275531737854,0.000689769526313458,0.0017143714942369,0.01
7,45,2045,0,-0.006,0.02,published_baby_boom,96,96,2045,0,8.9659076413261,8.95438933382353,0.415080129487714,0.0103176191494231,0.474514674361666,-0.00284708804616999,0.424645676809413,0.864939326758075,0.00128550426421299,0.0017143714942369,0.01
7,46,2046,0,-0.006,0.02,published_baby_boom,97,97,2046,0,8.9659076413261,8.95438933382353,0.415080129487714,0.0103176191494231,0.474514674361666,-0.00284708804616999,0.424532790132511,0.864709405540925,0.00128550426421299,0.0017143714942369,0.01
7,47,2047,0,-0.006,0.02,published_baby_boom,98,98,2047,0,8.9659076413261,8.95438933382353,0.415080129487714,0.0103176191494231,0.474514674361666,-0.00284708804616999,0.424403903140733,0.864446896499424,0.00128550426421299,0.0017143714942369,0.01
7,48,2048,0,-0.006,0.02,published_baby_boom,99,99,2048,0,8.9659076413261,8.95438933382353,0.415080129487714,0.0103176191494231,0.474514674361666,-0.00284708804616999,0.42427471306291,0.86418377026104,0.00128550426421299,0.0017143714942369,0.01
7,49,2049,0,-0.006,0.02,published_baby_boom,100,100,2049,0,8.9659076413261,8.95575755900605,0.414761589612063,0.00999907927377253,0.46208095133707,-0.00277248570802242,0.424151480666595,0.863932778310722,0.00113271655193318,0.0017143714942369,0.01
7,50,2050,0,-0.006,0.02,published_baby_boom,101,101,2050,0,8.9659076413261,8.95575755900605,0.414761589612063,0.00999907927377253,0.46208095133707,-0.00277248570802242,0.424031205489812,0.86368780952315,0.00113271655193318,0.0017143714942369,0.01
7,51,2051,0,-0.006,0.02,published_baby_boom,102,102,2051,0,8.9659076413261,8.95575755900605,0.414761589612063,0.00999907927377253,0.46208095133707,-0.00277248570802242,0.423916055357473,0.863453279148685,0.00113271655193318,0.0017143714942369,0.01
7,52,2052,0,-0.006,0.02,published_baby_boom,103,103,2052,0,8.9659076413261,8.95575755900605,0.414761589612063,0.00999907927377253,0.46208095133707,-0.00277248570802242,0.423816186477412,0.863249873358045,0.00113271655193318,0.0017143714942369,0.01
7,53,2053,0,-0.006,0.02,published_baby_boom,104,104,2053,0,8.9659076413261,8.95642570438212,0.414517714864139,0.00975520452584772,0.452436945067491,-0.00271462167040494,0.423705327325829,0.863024083642312,0.0010581142137856,0.0017143714942369,0.01
7,54,2054,0,-0.006,0.02,published_baby_boom,105,105,2054,0,8.9659076413261,8.95642570438212,0.414517714864139,0.00975520452584772,0.452436945067491,-0.00271462167040494,0.423595336199525,0.862800061420627,0.0010581142137856,0.0017143714942369,0.01
7,55,2055,0,-0.006,0.02,published_baby_boom,106,106,2055,0,8.9659076413261,8.95642570438212,0.414517714864139,0.00975520452584772,0.452436945067491,-0.00271462167040494,0.42348537103409,0.862576092170076,0.0010581142137856,0.0017143714942369,0.01
7,56,2056,0,-0.006,0.02,published_baby_boom,107,107,2056,0,8.9659076413261,8.95642570438212,0.414517714864139,0.00975520452584772,0.452436945067491,-0.00271462167040494,0.423376339334117,0.862354024420858,0.0010581142137856,0.0017143714942369,0.01
7,57,2057,0,-0.006,0.02,published_baby_boom,108,108,2057,0,8.9659076413261,8.95694397433045,0.414313097033022,0.00955058669473074,0.444262756962827,-0.00266557654177696,0.423266139614944,0.862129576800934,0.00100025017616807,0.0017143714942369,0.01
7,58,2058,0,-0.006,0.02,published_baby_boom,109,109,2058,0,8.9659076413261,8.95694397433045,0.414313097033022,0.00955058669473074,0.444262756962827,-0.00266557654177696,0.423154883109677,0.861902976653486,0.00100025017616807,0.0017143714942369,0.01
7,59,2059,0,-0.006,0.02,published_baby_boom,110,110,2059,0,8.9659076413261,8.95694397433045,0.414313097033022,0.00955058669473074,0.444262756962827,-0.00266557654177696,0.423042562318722,0.861674208581622,0.00100025017616807,0.0017143714942369,0.01
7,60,2060,0,-0.006,0.02,published_baby_boom,111,111,2060,0,8.9659076413261,8.95694397433045,0.414313097033022,0.00955058669473074,0.444262756962827,-0.00266557654177696,0.422891983517909,0.861367520634605,0.00100025017616807,0.0017143714942369,0.01
7,61,2061,0,-0.006,0.02,published_baby_boom,112,112,2061,0,8.9659076413261,8.95738327957259,0.414132141886394,0.00936963154810316,0.436971641763347,-0.00262182985058008,0.422761377043049,0.861101508808074,0.000951205047540149,0.0017143714942369,0.01
7,62,2062,0,-0.006,0.02,published_baby_boom,113,113,2062,0,8.9659076413261,8.95738327957259,0.414132141886394,0.00936963154810316,0.436971641763347,-0.00262182985058008,0.422613196618619,0.86079970469892,0.000951205047540149,0.0017143714942369,0.01
7,63,2063,0,-0.006,0.02,published_baby_boom,114,114,2063,0,8.9659076413261,8.95738327957259,0.414132141886394,0.00936963154810316,0.436971641763347,-0.00262182985058008,0.42247412883374,0.860516460642201,0.000951205047540149,0.0017143714942369,0.01
7,64,2064,0,-0.006,0.02,published_baby_boom,115,115,2064,0,8.9659076413261,8.95738327957259,0.414132141886394,0.00936963154810316,0.436971641763347,-0.00262182985058008,0.422329108625523,0.86022108155774,0.000951205047540149,0.0017143714942369,0.01
7,65,2065,0,-0.006,0.02,published_baby_boom,116,116,2065,0,8.9659076413261,8.95777514402418,0.414057493052039,0.00929498271374773,0.433946969093753,-0.00260368181456252,0.42207796872277,0.859709579971276,0.000907458356343203,0.0017143714942369,0.01
7,66,2066,0,-0.006,0.02,published_baby_boom,117,117,2066,0,8.9659076413261,8.95777514402418,0.414057493052039,0.00929498271374773,0.433946969093753,-0.00260368181456252,0.421801062409693,0.859145597695216,0.000907458356343203,0.0017143714942369,0.01
7,67,2067,0,-0.006,0.02,published_baby_boom,118,118,2067,0,8.9659076413261,8.95777514402418,0.414057493052039,0.00929498271374773,0.433946969093753,-0.00260368181456252,0.421569417124706,0.858673799442233,0.000907458356343203,0.0017143714942369,0.01
7,68,2068,0,-0.006,0.02,published_baby_boom,119,119,2068,0,8.9659076413261,8.95777514402418,0.414057493052039,0.00929498271374773,0.433946969093753,-0.00260368181456252,0.421312402576905,0.858150330085855,0.000907458356343203,0.0017143714942369,0.01
7,69,2069,0,-0.006,0.02,published_baby_boom,120,120,2069,0,8.9659076413261,8.95793771152526,0.41412065559724,0.00935814525894862,0.436506872742388,-0.00261904123645433,0.420995072326166,0.85750401349699,0.000889310320325523,0.0017143714942369,0.01
7,70,2070,0,-0.006,0.02,published_baby_boom,121,121,2070,0,8.9659076413261,8.95793771152526,0.41412065559724,0.00935814525894862,0.436506872742388,-0.00261904123645433,0.420709450278743,0.856922277416715,0.000889310320325523,0.0017143714942369,0.01
7,71,2071,0,-0.006,0.02,published_baby_boom,122,122,2071,0,8.9659076413261,8.95793771152526,0.41412065559724,0.00935814525894862,0.436506872742388,-0.00261904123645433,0.420369554783102,0.856230000859614,0.000889310320325523,0.0017143714942369,0.01
7,72,2072,0,-0.006,0.02,published_baby_boom,123,123,2072,0,8.9659076413261,8.95793771152526,0.41412065559724,0.00935814525894862,0.436506872742388,-0.00261904123645433,0.419674471393271,0.854814302731714,0.000889310320325523,0.0017143714942369,0.01
7,73,2073,0,-0.006,0.02,published_baby_boom,124,124,2073,0,8.9659076413261,8.95780012383731,0.414343185026444,0.00958067468815305,0.445469426791084,-0.00267281656074651,0.419141308359472,0.853728392407116,0.000904669742217357,0.0017143714942369,0.01
7,74,2074,0,-0.006,0.02,published_baby_boom,125,125,2074,0,8.9659076413261,8.95780012383731,0.414343185026444,0.00958067468815305,0.445469426791084,-0.00267281656074651,0.418067718853491,0.85154178060003,0.000904669742217357,0.0017143714942369,0.01
7,75,2075,0,-0.006,0.02,published_baby_boom,126,126,2075,0,8.9659076413261,8.95780012383731,0.414343185026444,0.00958067468815305,0.445469426791084,-0.00267281656074651,0.41717254665183,0.849718555759214,0.000904669742217357,0.0017143714942369,0.01
7,76,2076,0,-0.006,0.02,published_baby_boom,127,127,2076,0,8.9659076413261,8.95780012383731,0.414343185026444,0.00958067468815305,0.445469426791084,-0.00267281656074651,0.416133128554645,0.847601540479121,0.000904669742217357,0.0017143714942369,0.01
7,77,2077,0,-0.006,0.02,published_baby_boom,128,128,2077,0,8.9659076413261,8.95731842818249,0.430656293248187,0.0258937829098957,0.860349696339186,-0.00516209817803511,0.413863561257735,0.842979047368504,0.000958445066509541,0.0017143714942369,0.01
7,78,2078,0,-0.006,0.02,published_baby_boom,129,129,2078,0,8.9659076413261,8.95731842818249,0.430656293248187,0.0258937829098957,0.860349696339186,-0.00516209817803511,0.410293260638974,0.83570731026187,0.000958445066509541,0.0017143714942369,0.01
7,79,2079,0,-0.006,0.02,published_baby_boom,130,130,2079,0,8.9659076413261,8.95731842818249,0.430656293248187,0.0258937829098957,0.860349696339186,-0.00516209817803511,0.403829830221092,0.822542984183366,0.000958445066509541,0.0017143714942369,0.01
7,80,2080,0,-0.006,0.02,published_baby_boom,131,131,2080,0,8.9659076413261,8.95731842818249,0.430656293248187,0.0258937829098957,0.860349696339186,-0.00516209817803511,0.385532755418066,0.785276782213064,0.000958445066509541,0.0017143714942369,0.01
8,1,2001,1,-0.006,0.02,published_baby_boom,52,52,2001,0,8.97225318685537,8.98129172105232,0.411308615147871,0.00654610480958018,0.316097341258678,-0.00189658404755207,0.416990325908436,0.849346378085606,0.00100688025756727,0.00100688025756729,0.01
8,2,2002,1,-0.006,0.02,published_baby_boom,53,53,2002,0,8.97226129842696,8.98129172105232,0.411308615147871,0.00654610480958018,0.316097341258678,-0.00189658404755207,0.41617190011731,0.847679365143123,0.00100597618500615,0.00100597618500625,0.01
8,3,2003,1,-0.006,0.02,published_baby_boom,54,54,2003,0,8.97226941000587,8.98129172105232,0.411308615147871,0.00654610480958018,0.316097341258678,-0.00189658404755207,0.415349124755315,0.846003492629234,0.00100507211244576,0.00100507211244572,0.01
8,4,2004,1,-0.006,0.02,published_baby_boom,55,55,2004,0,8.97227752159212,8.98129172105232,0.411308615147871,0.00654610480958018,0.316097341258678,-0.00189658404755207,0.414515385498339,0.844305289682848,0.00100416803988476,0.00100416803988482,0.01
8,5,2005,1,-0.006,0.02,published_baby_boom,56,56,2005,0,8.97228563318569,8.96427408923336,0.40966549850386,0.00490298816556889,0.240353646721533,-0.0014421218803292,0.413689329484962,0.842622734018991,0.000893320080227337,0.00100326396732465,0.01
8,6,2006,1,-0.006,0.02,published_baby_boom,57,57,2006,0,8.97229374478661,8.96427408923336,0.40966549850386,0.00490298816556889,0.240353646721533,-0.0014421218803292,0.412875046710625,0.840964157076856,0.000894224152788411,0.00100235989476355,0.01
8,7,2007,1,-0.006,0.02,published_baby_boom,58,58,2007,0,8.97230185639486,8.96427408923336,0.40966549850386,0.00490298816556889,0.240353646721533,-0.0014421218803292,0.412067013400783,0.839318307404937,0.000895128225348866,0.00100145582220319,0.01
8,8,2008,1,-0.006,0.02,published_baby_boom,59,59,2008,0,8.97230996801044,8.96427408923336,0.40966549850386,0.00490298816556889,0.240353646721533,-0.0014421218803292,0.411270677841496,0.837696281139894,0.000896032297909813,0.00100055174964223,0.01
8,9,2009,1,-0.006,0.02,published_baby_boom,60,60,2009,0,8.97231807963336,8.96834893852582,0.408206775656591,0.00344426531829994,0.170530756232634,-0.00102318453739581,0.410494768586292,0.83611585552901,0.000442474203247673,0.000999647677081568,0.01
8,10,2010,1,-0.006,0.02,published_baby_boom,61,61,2010,0,8.9723261912636,8.96834893852582,0.408206775656591,0.00344426531829994,0.170530756232634,-0.00102318453739581,0.410630618097456,0.836392538890871,0.000443378275808191,0.000998743604520977,0.01
8,11,2011,1,-0.006,0.02,published_baby_boom,62,62,2011,0,8.97233430290119,8.96834893852582,0.408206775656591,0.00344426531829994,0.170530756232634,-0.00102318453739581,0.410794941280023,0.836727212857207,0.000444282348368903,0.000997839531960237,0.01
8,12,2012,1,-0.006,0.02,published_baby_boom,63,63,2012,0,8.9723424145461,8.96834893852582,0.408206775656591,0.00344426531829994,0.170530756232634,-0.00102318453739581,0.410975291205934,0.83709452791498,0.000445186420929585,0.000996935459399571,0.01
8,13,2013,1,-0.006,0.02,published_baby_boom,64,64,2013,0,8.97235052619835,8.97210690192126,0.408940063396504,0.00417755305821288,0.205891979378558,-0.00123535187627135,0.411112235720864,0.837373438824684,2.71531505570202e-05,0.000996031386838869,0.01
8,14,2014,1,-0.006,0.02,published_baby_boom,65,65,2014,0,8.97235863785794,8.97210690192126,0.408940063396504,0.00417755305821288,0.205891979378558,-0.00123535187627135,0.411035470318821,0.837217082762372,2.80572231181008e-05,0.000995127314277798,0.01
8,15,2015,1,-0.006,0.02,published_baby_boom,66,66,2015,0,8.97187199978802,8.97210690192126,0.408940063396504,0.00417755305821288,0.205891979378558,-0.00123535187627135,0.411490095472461,0.838143026665005,2.618172196223e-05,0.00104936625935798,0.01
8,16,2016,1,-0.006,0.02,published_baby_boom,67,67,2016,0,8.97138538811214,8.97210690192126,0.408940063396504,0.00417755305821288,0.205891979378558,-0.00123535187627135,0.412060165956302,0.839304104023641,8.04206670419534e-05,0.00110360520443774,0.01
8,17,2017,1,-0.006,0.02,published_baby_boom,68,68,2017,0,8.97089880282883,8.9702035158011,0.409227789350958,0.00446527901266708,0.219626789898012,-0.00131776073938807,0.412862868764212,0.840938990477371,7.75077267537752e-05,0.00115784414951768,0.01
8,18,2018,1,-0.006,0.02,published_baby_boom,69,69,2018,0,8.97041224393669,8.9702035158011,0.409227789350958,0.00446527901266708,0.219626789898012,-0.00131776073938807,0.413661784810244,0.842566169176854,2.32687816743525e-05,0.00121208309459705,0.01
8,19,2019,1,-0.006,0.02,published_baby_boom,70,70,2019,0,8.96992571143428,8.9702035158011,0.409227789350958,0.00446527901266708,0.219626789898012,-0.00131776073938807,0.414598292048598,0.844473589439689,3.09701634054997e-05,0.00126632203967681,0.01
8,20,2020,1,-0.006,0.02,published_baby_boom,71,71,2020,0,8.96943920532015,8.9702035158011,0.409227789350958,0.00446527901266708,0.219626789898012,-0.00131776073938807,0.415544844145393,0.846401474038237,8.52091084856453e-05,0.00132056098475701,0.01
8,21,2021,1,-0.006,0.02,published_baby_boom,72,72,2021,0,8.96895272559289,8.96946432198591,0.41081239801175,0.00604988767345882,0.293593652909227,-0.00176156191745536,0.41658627183366,0.848522601086936,5.70391904489178e-05,0.00137479992983684,0.01
8,22,2022,1,-0.006,0.02,published_baby_boom,73,73,2022,0,8.96846627225106,8.96946432198591,0.41081239801175,0.00604988767345882,0.293593652909227,-0.00176156191745536,0.417617271253481,0.850622495219717,0.000111278135528395,0.00142903887491626,0.01
8,23,2023,1,-0.006,0.02,published_baby_boom,74,74,2023,0,8.96797984529323,8.96946432198591,0.41081239801175,0.00604988767345882,0.293593652909227,-0.00176156191745536,0.418682753247421,0.852792627315321,0.000165517080608259,0.00148327781999615,0.01
8,24,2024,1,-0.006,0.02,published_baby_boom,75,75,2024,0,8.96749344471797,8.96946432198591,0.41081239801175,0.00604988767345882,0.293593652909227,-0.00176156191745536,0.419919225127295,0.855311025827496,0.000219756025688132,0.00153751676507614,0.01
8,25,2025,1,-0.006,0.02,published_baby_boom,76,76,2025,0,8.96700707052386,8.96548454633307,0.41321348189188,0.00845097155358931,0.399075297261735,-0.00239445178357041,0.420996027006061,0.857504225757909,0.000169806207299946,0.00159175571015536,0.01
8,26,2026,1,-0.006,0.02,published_baby_boom,77,77,2026,0,8.96652072270944,8.96548454633307,0.41321348189188,0.00845097155358931,0.399075297261735,-0.00239445178357041,0.421839462802341,0.859222131489447,0.000115567262219983,0.00164599465523535,0.01
8,27,2027,1,-0.006,0.02,published_baby_boom,78,78,2027,0,8.9660344012733,8.96548454633307,0.41321348189188,0.00845097155358931,0.399075297261735,-0.00239445178357041,0.422604006430897,0.860779365946222,6.13283171398624e-05,0.00170023360031546,0.01
8,28,2028,1,-0.006,0.02,published_baby_boom,79,79,2028,0,8.96554810621402,8.96548454633307,0.41321348189188,0.00845097155358931,0.399075297261735,-0.00239445178357041,0.42325059634471,0.862096372594549,7.08937206026077e-06,0.00175447254539505,0.01
8,29,2029,1,-0.006,0.02,published_baby_boom,80,80,2029,0,8.96506183753015,8.95981217720069,0.414702525944518,0.0099400156062272,0.4597551611124,-0.0027585309666744,0.423730513572277,0.863073924425613,0.000585740293096065,0.00180871149047448,0.01
8,30,2030,1,-0.006,0.02,published_baby_boom,81,81,2030,0,8.96457559522025,8.95981217720069,0.414702525944518,0.0099400156062272,0.4597551611124,-0.0027585309666744,0.424098361644622,0.863823232397432,0.000531501348015647,0.00186295043555478,0.01
8,31,2031,1,-0.006,0.02,published_baby_boom,82,82,2031,0,8.96408937928292,8.95981217720069,0.414702525944518,0.0099400156062272,0.4597551611124,-0.0027585309666744,0.424369224309766,0.864375017931922,0.000477262402935645,0.00191718938063478,0.01
8,32,2032,1,-0.006,0.02,published_baby_boom,83,83,2032,0,8.96360318971671,8.95981217720069,0.414702525944518,0.0099400156062272,0.4597551611124,-0.0027585309666744,0.424564446756093,0.864772753672224,0.000423023457856225,0.00197142832571431,0.01
8,33,2033,1,-0.006,0.02,published_baby_boom,84,84,2033,0,8.96311702652019,8.9565506898583,0.414966972198283,0.0102044618599925,0.470119003955704,-0.00282071402373423,0.424736059122207,0.865122408500513,0.000732863695880381,0.00202566727079399,0.01
8,34,2034,1,-0.006,0.02,published_baby_boom,85,85,2034,0,8.96263088969194,8.9565506898583,0.414966972198283,0.0102044618599925,0.470119003955704,-0.00282071402373423,0.424890869830913,0.865437847101481,0.000678624750800739,0.00207990621587367,0.01
8,35,2035,1,-0.006,0.02,published_baby_boom,86,86,2035,0,8.96214477923052,8.9565506898583,0.414966972198283,0.0102044618599925,0.470119003955704,-0.00282071402373423,0.424928868998055,0.865515373607772,0.000624385805720278,0.0021341451609541,0.01
8,36,2036,1,-0.006,0.02,published_baby_boom,87,87,2036,0,8.96165869513451,8.9565506898583,0.414966972198283,0.0102044618599925,0.470119003955704,-0.00282071402373423,0.425118531581072,0.865901794470853,0.00057014686064092,0.00218838410603337,0.01
8,37,2037,1,-0.006,0.02,published_baby_boom,88,88,2037,0,8.96117263740247,8.95599376147163,0.41295631357717,0.00819380323887914,0.388209568477443,-0.00232925741086466,0.425282267992868,0.866235405527736,0.000578090972620826,0.00224262305111335,0.01
8,38,2038,1,-0.006,0.02,published_baby_boom,89,89,2038,0,8.96068660603297,8.95599376147163,0.41295631357717,0.00819380323887914,0.388209568477443,-0.00232925741086466,0.426063625348092,0.867826933126719,0.000523852027540948,0.00229686199619315,0.01
8,39,2039,1,-0.006,0.02,published_baby_boom,90,90,2039,0,8.96020060102459,8.95599376147163,0.41295631357717,0.00819380323887914,0.388209568477443,-0.00232925741086466,0.426517294263103,0.868751047840378,0.000469613082461106,0.00235110094127299,0.01
8,40,2040,1,-0.006,0.02,published_baby_boom,91,91,2040,0,8.95971462237589,8.95599376147163,0.41295631357717,0.00819380323887914,0.388209568477443,-0.00232925741086466,0.42941615382435,0.874655526762253,0.000415374137381469,0.00240533988635256,0.01
8,41,2041,0,-0.006,0.02,published_baby_boom,92,92,2041,0,8.96334619120324,8.96039632557653,0.415814011315128,0.0110515009768372,0.502447669064259,-0.00301468601438556,0.425717285623379,0.867121939724396,0.000329157334254775,0.0020001000766098,0.01
8,42,2042,0,-0.006,0.02,published_baby_boom,93,93,2042,0,8.96334619120324,8.96039632557653,0.415814011315128,0.0110515009768372,0.502447669064259,-0.00301468601438556,0.425463487360027,0.866605021826726,0.000329157334254775,0.0020001000766098,0.01
8,43,2043,0,-0.006,0.02,published_baby_boom,94,94,2043,0,8.96334619120324,8.96039632557653,0.415814011315128,0.0110515009768372,0.502447669064259,-0.00301468601438556,0.425301831110421,0.866275773462491,0.000329157334254775,0.0020001000766098,0.01
8,44,2044,0,-0.006,0.02,published_baby_boom,95,95,2044,0,8.96334619120324,8.96039632557653,0.415814011315128,0.0110515009768372,0.502447669064259,-0.00301468601438556,0.425165959610576,0.865999040667324,0.000329157334254775,0.0020001000766098,0.01
8,45,2045,0,-0.006,0.02,published_baby_boom,96,96,2045,0,8.96334619120324,8.95425671800779,0.415191138439253,0.0104286281009619,0.478804018792989,-0.00287282411275793,0.425010111148011,0.865681619790551,0.00101458593777569,0.0020001000766098,0.01
8,46,2046,0,-0.006,0.02,published_baby_boom,97,97,2046,0,8.96334619120324,8.95425671800779,0.415191138439253,0.0104286281009619,0.478804018792989,-0.00287282411275793,0.425341544418371,0.866356658554569,0.00101458593777569,0.0020001000766098,0.01
8,47,2047,0,-0.006,0.02,published_baby_boom,98,98,2047,0,8.96334619120324,8.95425671800779,0.415191138439253,0.0104286281009619,0.478804018792989,-0.00287282411275793,0.425275172234377,0.866221476970665,0.00101458593777569,0.0020001000766098,0.01
8,48,2048,0,-0.006,0.02,published_baby_boom,99,99,2048,0,8.96334619120324,8.95425671800779,0.415191138439253,0.0104286281009619,0.478804018792989,-0.00287282411275793,0.425183380742478,0.866034523281306,0.00101458593777569,0.0020001000766098,0.01
8,49,2049,0,-0.006,0.02,published_baby_boom,100,100,2049,0,8.96334619120324,8.95552707599904,0.415376186607469,0.0106136762691783,0.485903627650284,-0.0029154217659017,0.425093454652508,0.865851369422819,0.000872724036148054,0.0020001000766098,0.01
8,50,2050,0,-0.006,0.02,published_baby_boom,101,101,2050,0,8.96334619120324,8.95552707599904,0.415376186607469,0.0106136762691783,0.485903627650284,-0.0029154217659017,0.424998588721437,0.865658154725738,0.000872724036148054,0.0020001000766098,0.01
8,51,2051,0,-0.006,0.02,published_baby_boom,102,102,2051,0,8.96334619120324,8.95552707599904,0.415376186607469,0.0106136762691783,0.485903627650284,-0.0029154217659017,0.424903541846641,0.8654645714864,0.000872724036148054,0.0020001000766098,0.01
8,52,2052,0,-0.006,0.02,published_baby_boom,103,103,2052,0,8.96334619120324,8.95552707599904,0.415376186607469,0.0106136762691783,0.485903627650284,-0.0029154217659017,0.424803571676786,0.865260962789295,0.000872724036148054,0.0020001000766098,0.01
8,53,2053,0,-0.006,0.02,published_baby_boom,104,104,2053,0,8.96334619120324,8.95514559968799,0.415215089040908,0.0104525787026168,0.479726481801448,-0.00287835889080869,0.424703045387741,0.865056221499582,0.00091532168929187,0.0020001000766098,0.01
8,54,2054,0,-0.006,0.02,published_baby_boom,105,105,2054,0,8.96334619120324,8.95514559968799,0.415215089040908,0.0104525787026168,0.479726481801448,-0.00287835889080869,0.424598388286988,0.864843066754506,0.00091532168929187,0.0020001000766098,0.01
8,55,2055,0,-0.006,0.02,published_baby_boom,106,106,2055,0,8.96334619120324,8.95514559968799,0.415215089040908,0.0104525787026168,0.479726481801448,-0.00287835889080869,0.42449131147346,0.864624983002789,0.00091532168929187,0.0020001000766098,0.01
8,56,2056,0,-0.006,0.02,published_baby_boom,107,107,2056,0,8.96334619120324,8.95514559968799,0.415215089040908,0.0104525787026168,0.479726481801448,-0.00287835889080869,0.424381812623137,0.864401966762121,0.00091532168929187,0.0020001000766098,0.01
8,57,2057,0,-0.006,0.02,published_baby_boom,108,108,2057,0,8.96334619120324,8.95547750928151,0.415038587541374,0.0102760772030832,0.472903679449914,-0.00283742207669948,0.424268944944535,0.864172087214361,0.000878258814198859,0.0020001000766098,0.01
8,58,2058,0,-0.006,0.02,published_baby_boom,109,109,2058,0,8.96334619120324,8.95547750928151,0.415038587541374,0.0102760772030832,0.472903679449914,-0.00283742207669948,0.424155599465072,0.863941235083642,0.000878258814198859,0.0020001000766098,0.01
8,59,2059,0,-0.006,0.02,published_baby_boom,110,110,2059,0,8.96334619120324,8.95547750928151,0.415038587541374,0.0102760772030832,0.472903679449914,-0.00283742207669948,0.424038685470696,0.863703114791316,0.000878258814198859,0.0020001000766098,0.01
8,60,2060,0,-0.006,0.02,published_baby_boom,111,111,2060,0,8.96334619120324,8.95547750928151,0.415038587541374,0.0102760772030832,0.472903679449914,-0.00283742207669948,0.42389682129578,0.863414178695417,0.000878258814198859,0.0020001000766098,0.01
8,61,2061,0,-0.006,0.02,published_baby_boom,112,112,2061,0,8.96334619120324,8.95584412550357,0.414469682739062,0.00970717240077079,0.450524871730984,-0.0027031492303859,0.423290097957131,0.862178448938227,0.000837322000089617,0.0020001000766098,0.01
8,62,2062,0,-0.006,0.02,published_baby_boom,113,113,2062,0,8.96334619120324,8.95584412550357,0.414469682739062,0.00970717240077079,0.450524871730984,-0.0027031492303859,0.423093629471355,0.861778297379271,0.000837322000089617,0.0020001000766098,0.01
8,63,2063,0,-0.006,0.02,published_baby_boom,114,114,2063,0,8.96334619120324,8.95584412550357,0.414469682739062,0.00970717240077079,0.450524871730984,-0.0027031492303859,0.422920112344492,0.861424891049205,0.000837322000089617,0.0020001000766098,0.01
8,64,2064,0,-0.006,0.02,published_baby_boom,115,115,2064,0,8.96334619120324,8.95584412550357,0.414469682739062,0.00970717240077079,0.450524871730984,-0.0027031492303859,0.42272941684076,0.861036484607962,0.000837322000089617,0.0020001000766098,0.01
8,65,2065,0,-0.006,0.02,published_baby_boom,116,116,2065,0,8.96334619120324,8.9570467329224,0.414261841711432,0.00949933137314118,0.442203462395629,-0.00265322077437378,0.422548941162946,0.860668904749927,0.000703049153776041,0.0020001000766098,0.01
8,66,2066,0,-0.006,0.02,published_baby_boom,117,117,2066,0,8.96334619120324,8.9570467329224,0.414261841711432,0.00949933137314118,0.442203462395629,-0.00265322077437378,0.422244263068128,0.860048356419746,0.000703049153776041,0.0020001000766098,0.01
8,67,2067,0,-0.006,0.02,published_baby_boom,118,118,2067,0,8.96334619120324,8.9570467329224,0.414261841711432,0.00949933137314118,0.442203462395629,-0.00265322077437378,0.422021040896855,0.859593710883749,0.000703049153776041,0.0020001000766098,0.01
8,68,2068,0,-0.006,0.02,published_baby_boom,119,119,2068,0,8.96334619120324,8.9570467329224,0.414261841711432,0.00949933137314118,0.442203462395629,-0.00265322077437378,0.421725146941823,0.858991052294705,0.000703049153776041,0.0020001000766098,0.01
8,69,2069,0,-0.006,0.02,published_baby_boom,120,120,2069,0,8.96334619120324,8.95749395560068,0.414209648554635,0.00944713821634457,0.44010168655558,-0.00264061011933348,0.421373929759648,0.858275714755711,0.000653120697763912,0.0020001000766098,0.01
8,70,2070,0,-0.006,0.02,published_baby_boom,121,121,2070,0,8.96334619120324,8.95749395560068,0.414209648554635,0.00944713821634457,0.44010168655558,-0.00264061011933348,0.420996117017343,0.857506208689178,0.000653120697763912,0.0020001000766098,0.01
8,71,2071,0,-0.006,0.02,published_baby_boom,122,122,2071,0,8.96334619120324,8.95749395560068,0.414209648554635,0.00944713821634457,0.44010168655558,-0.00264061011933348,0.420665169001225,0.856832153223468,0.000653120697763912,0.0020001000766098,0.01
8,72,2072,0,-0.006,0.02,published_baby_boom,123,123,2072,0,8.96334619120324,8.95749395560068,0.414209648554635,0.00944713821634457,0.44010168655558,-0.00264061011933348,0.42028764635431,0.856063237006109,0.000653120697763912,0.0020001000766098,0.01
8,73,2073,0,-0.006,0.02,published_baby_boom,124,124,2073,0,8.96334619120324,8.95760691617923,0.414318009578208,0.00955549923991716,0.444459883403032,-0.00266675930041819,0.419580338415576,0.854622639109594,0.000640510042723705,0.0020001000766098,0.01
8,74,2074,0,-0.006,0.02,published_baby_boom,125,125,2074,0,8.96334619120324,8.95760691617923,0.414318009578208,0.00955549923991716,0.444459883403032,-0.00266675930041819,0.418768599175564,0.852969342506289,0.000640510042723705,0.0020001000766098,0.01
8,75,2075,0,-0.006,0.02,published_baby_boom,126,126,2075,0,8.96334619120324,8.95760691617923,0.414318009578208,0.00955549923991716,0.444459883403032,-0.00266675930041819,0.417883095869274,0.851165807581489,0.000640510042723705,0.0020001000766098,0.01
8,76,2076,0,-0.006,0.02,published_baby_boom,127,127,2076,0,8.96334619120324,8.95760691617923,0.414318009578208,0.00955549923991716,0.444459883403032,-0.00266675930041819,0.416563073941427,0.848477276071055,0.000640510042723705,0.0020001000766098,0.01
8,77,2077,0,-0.006,0.02,published_baby_boom,128,128,2077,0,8.96334619120324,8.95737268515638,0.429713492659156,0.0249509823208656,0.847594945212519,-0.00508556967127511,0.414827445794873,0.844942268887743,0.000666659223808466,0.0020001000766098,0.01
8,78,2078,0,-0.006,0.02,published_baby_boom,129,129,2078,0,8.96334619120324,8.95737268515638,0.429713492659156,0.0249509823208656,0.847594945212519,-0.00508556967127511,0.412231609843565,0.83965525102537,0.000666659223808466,0.0020001000766098,0.01
8,79,2079,0,-0.006,0.02,published_baby_boom,130,130,2079,0,8.96334619120324,8.95737268515638,0.429713492659156,0.0249509823208656,0.847594945212519,-0.00508556967127511,0.405236151983069,0.825407397048158,0.000666659223808466,0.0020001000766098,0.01
8,80,2080,0,-0.006,0.02,published_baby_boom,131,131,2080,0,8.96334619120324,8.95737268515638,0.429713492659156,0.0249509823208656,0.847594945212519,-0.00508556967127511,0.388050185058413,0.790404140871714,0.000666659223808466,0.0020001000766098,0.01
9,1,2001,1,-0.006,0.02,published_baby_boom,52,52,2001,0,8.97220387100204,8.98129172105232,0.411314560546489,0.0065520502081976,0.316364883564742,-0.00189818930138845,0.416990173250054,0.849346067175017,0.0010123767574809,0.00101237675748097,0.01
9,2,2002,1,-0.006,0.02,published_baby_boom,53,53,2002,0,8.97220926349216,8.98129172105232,0.411314560546489,0.0065520502081976,0.316364883564742,-0.00189818930138845,0.416167862532352,0.847671141719163,0.00101177573586087,0.00101177573586084,0.01
9,3,2003,1,-0.006,0.02,published_baby_boom,54,54,2003,0,8.97221465598553,8.98129172105232,0.411314560546489,0.0065520502081976,0.316364883564742,-0.00189818930138845,0.415348237161202,0.846001684909847,0.00101117471424095,0.00101117471424097,0.01
9,4,2004,1,-0.006,0.02,published_baby_boom,55,55,2004,0,8.97222004848214,8.98129172105232,0.411314560546489,0.0065520502081976,0.316364883564742,-0.00189818930138845,0.414513483731246,0.844301416409897,0.00101057369262094,0.00101057369262092,0.01
9,5,2005,1,-0.006,0.02,published_baby_boom,56,56,2005,0,8.97222544098198,8.96425969930953,0.409677317931956,0.00491480759366481,0.240910398634811,-0.00144546239180886,0.413687184905244,0.842618366251729,0.000888216630386865,0.00100997267100169,0.01
9,6,2006,1,-0.006,0.02,published_baby_boom,57,57,2006,0,8.97223083348507,8.96425969930953,0.409677317931956,0.00491480759366481,0.240910398634811,-0.00144546239180886,0.412871644892104,0.840957228716352,0.000888817652007157,0.00100937164938127,0.01
9,7,2007,1,-0.006,0.02,published_baby_boom,58,58,2007,0,8.9722362259914,8.96425969930953,0.409677317931956,0.00491480759366481,0.240910398634811,-0.00144546239180886,0.412061802984774,0.839307695498247,0.000889418673626756,0.00100877062776167,0.01
9,8,2008,1,-0.006,0.02,published_baby_boom,59,59,2008,0,8.97224161850098,8.96425969930953,0.409677317931956,0.00491480759366481,0.240910398634811,-0.00144546239180886,0.411263677997813,0.837682024832639,0.000890019695247105,0.00100816960614134,0.01
9,9,2009,1,-0.006,0.02,published_baby_boom,60,60,2009,0,8.97224701101379,8.96831897970327,0.40823133428479,0.00346882394649911,0.171722728291843,-0.00103033636975106,0.410482689174929,0.836091253796112,0.000437893807287356,0.0010075685845216,0.01
9,10,2010,1,-0.006,0.02,published_baby_boom,61,61,2010,0,8.97225240352984,8.96831897970327,0.40823133428479,0.00346882394649911,0.171722728291843,-0.00103033636975106,0.410603284430338,0.836336868224001,0.000438494828907017,0.0010069675629019,0.01
9,11,2011,1,-0.006,0.02,published_baby_boom,62,62,2011,0,8.97225779604913,8.96831897970327,0.40823133428479,0.00346882394649911,0.171722728291843,-0.00103033636975106,0.410770333813127,0.836677095005039,0.000439095850527035,0.00100636654128191,0.01
9,12,2012,1,-0.006,0.02,published_baby_boom,63,63,2012,0,8.97226318857167,8.96831897970327,0.40823133428479,0.00346882394649911,0.171722728291843,-0.00103033636975106,0.410949200795949,0.837041390256553,0.000439696872146855,0.00100576551966196,0.01
9,13,2013,1,-0.006,0.02,published_baby_boom,64,64,2013,0,8.97226858109745,8.97204273514628,0.408892286590543,0.00412977625225186,0.203603284295871,-0.00122161970577522,0.410936876489061,0.837016281563057,2.51718717091318e-05,0.00100516449804194,0.01
9,14,2014,1,-0.006,0.02,published_baby_boom,65,65,2014,0,8.97227397362647,8.97204273514628,0.408892286590543,0.00412977625225186,0.203603284295871,-0.00122161970577522,0.410980729728757,0.837105593041532,2.57728933294412e-05,0.00100456347642174,0.01
9,15,2015,1,-0.006,0.02,published_baby_boom,66,66,2015,0,8.97172405462759,8.97204273514628,0.408892286590543,0.00412977625225186,0.203603284295871,-0.00122161970577522,0.411439998797477,0.838040995815301,3.55199131216928e-05,0.00106585628287282,0.01
9,16,2016,1,-0.006,0.02,published_baby_boom,67,67,2016,0,8.97117416933376,8.97204273514628,0.408892286590543,0.00412977625225186,0.203603284295871,-0.00122161970577522,0.412008969550468,0.839199834158054,9.68127195721287e-05,0.00112714908932332,0.01
9,17,2017,1,-0.006,0.02,published_baby_boom,68,68,2017,0,8.97062431774291,8.97032669701093,0.409170115547211,0.00440760520891975,0.216880465446963,-0.00130128279268178,0.412708206967195,0.84062399034285,3.31778100012692e-05,0.00118844189577392,0.01
9,18,2018,1,-0.006,0.02,published_baby_boom,69,69,2018,0,8.97007449985298,8.97032669701093,0.409170115547211,0.00440760520891975,0.216880465446963,-0.00130128279268178,0.413491384304651,0.842219113927566,2.81149964488012e-05,0.00124973470222412,0.01
9,19,2019,1,-0.006,0.02,published_baby_boom,70,70,2019,0,8.96952471566189,8.97032669701093,0.409170115547211,0.00440760520891975,0.216880465446963,-0.00130128279268178,0.414498797866746,0.844270951821321,8.94078028994589e-05,0.00131102750867463,0.01
9,20,2020,1,-0.006,0.02,published_baby_boom,71,71,2020,0,8.96897496516758,8.97032669701093,0.409170115547211,0.00440760520891975,0.216880465446963,-0.00130128279268178,0.415488825118422,0.846287384494619,0.000150700609350463,0.00137232031512575,0.01
9,21,2021,1,-0.006,0.02,published_baby_boom,72,72,2021,0,8.968425248368,8.96961212155871,0.41082451363638,0.00606200329808881,0.294147118971159,-0.00176488271382695,0.416532461904421,0.848413011693802,0.000132330328894395,0.00143361312157622,0.01
9,22,2022,1,-0.006,0.02,published_baby_boom,73,73,2022,0,8.96787556526107,8.96961212155871,0.41082451363638,0.00606200329808881,0.294147118971159,-0.00176488271382695,0.417564691361115,0.850515411877755,0.000193623135344902,0.00149490592802658,0.01
9,23,2023,1,-0.006,0.02,published_baby_boom,74,74,2023,0,8.96732591584472,8.96961212155871,0.41082451363638,0.00606200329808881,0.294147118971159,-0.00176488271382695,0.418598413881467,0.852620859520008,0.000254915941795427,0.00155619873447717,0.01
9,24,2024,1,-0.006,0.02,published_baby_boom,75,75,2024,0,8.9667763001169,8.96961212155871,0.41082451363638,0.00606200329808881,0.294147118971159,-0.00176488271382695,0.419601432366356,0.854663778011649,0.000316208748246134,0.00161749154092788,0.01
9,25,2025,1,-0.006,0.02,published_baby_boom,76,76,2025,0,8.96622671807554,8.96545477383395,0.413083725470297,0.00832121513200607,0.393606651355895,-0.00236163990813537,0.420789660985742,0.857083925607743,8.60983664489998e-05,0.00167878434737785,0.01
9,26,2026,1,-0.006,0.02,published_baby_boom,77,77,2026,0,8.96567716971857,8.96545477383395,0.413083725470297,0.00832121513200607,0.393606651355895,-0.00236163990813537,0.421772200928279,0.859085149576992,2.48055599980785e-05,0.0017400771538288,0.01
9,27,2027,1,-0.006,0.02,published_baby_boom,78,78,2027,0,8.96512765504392,8.96545477383395,0.413083725470297,0.00832121513200607,0.393606651355895,-0.00236163990813537,0.422525892530059,0.86062028256249,3.64872464527357e-05,0.00180136996027967,0.01
9,28,2028,1,-0.006,0.02,published_baby_boom,79,79,2028,0,8.96457817404955,8.96545477383395,0.413083725470297,0.00832121513200607,0.393606651355895,-0.00236163990813537,0.423191799458328,0.861976633730346,9.77800529032144e-05,0.00186266276673007,0.01
9,29,2029,1,-0.006,0.02,published_baby_boom,80,80,2029,0,8.96402872673337,8.96010617026498,0.414698686110339,0.00993617577204797,0.459603738249979,-0.00275762242949987,0.423681503651312,0.862974120051738,0.000437684334955131,0.00192395557318021,0.01
9,30,2030,1,-0.006,0.02,published_baby_boom,81,81,2030,0,8.96347931309333,8.96010617026498,0.414698686110339,0.00993617577204797,0.459603738249979,-0.00275762242949987,0.424064322693618,0.863753921002388,0.000376391528503964,0.00198524837963141,0.01
9,31,2031,1,-0.006,0.02,published_baby_boom,82,82,2031,0,8.96292993312736,8.96010617026498,0.414698686110339,0.00993617577204797,0.459603738249979,-0.00275762242949987,0.424337041563653,0.864309488413639,0.000315098722053161,0.0020465411860821,0.01
9,32,2032,1,-0.006,0.02,published_baby_boom,83,83,2032,0,8.9623805868334,8.96010617026498,0.414698686110339,0.00993617577204797,0.459603738249979,-0.00275762242949987,0.424530641244277,0.864703919804572,0.00025380591560298,0.00210783399253243,0.01
9,33,2033,1,-0.006,0.02,published_baby_boom,84,84,2033,0,8.96183127420938,8.95655882722125,0.414943364606675,0.0101808542683842,0.469198992178353,-0.00281519395307012,0.424649121190666,0.864945359747701,0.000588495630517008,0.00216912679898296,0.01
9,34,2034,1,-0.006,0.02,published_baby_boom,85,85,2034,0,8.96128199525325,8.95655882722125,0.414943364606675,0.0101808542683842,0.469198992178353,-0.00281519395307012,0.424811829416469,0.865276884990678,0.000527202824066492,0.00223041960543341,0.01
9,35,2035,1,-0.006,0.02,published_baby_boom,86,86,2035,0,8.96073274996292,8.95655882722125,0.414943364606675,0.0101808542683842,0.469198992178353,-0.00281519395307012,0.424886179455131,0.865428449599916,0.000465910017615351,0.00229171241188462,0.01
9,36,2036,1,-0.006,0.02,published_baby_boom,87,87,2036,0,8.96018353833636,8.95655882722125,0.414943364606675,0.0101808542683842,0.469198992178353,-0.00281519395307012,0.425048650269233,0.865759489197555,0.000404617211165364,0.00235300521833465,0.01
9,37,2037,1,-0.006,0.02,published_baby_boom,88,88,2037,0,8.95963436037148,8.95604319932651,0.41330102450324,0.00853851416494927,0.402748880737926,-0.00241649328442755,0.425235960873085,0.866141115464483,0.000400895928284635,0.00241429802478548,0.01
9,38,2038,1,-0.006,0.02,published_baby_boom,89,89,2038,0,8.95908521606624,8.95604319932651,0.41330102450324,0.00853851416494927,0.402748880737926,-0.00241649328442755,0.425465906869722,0.866609569874713,0.000339603121834105,0.00247559083123599,0.01
9,39,2039,1,-0.006,0.02,published_baby_boom,90,90,2039,0,8.95853610541855,8.95604319932651,0.41330102450324,0.00853851416494927,0.402748880737926,-0.00241649328442755,0.426297158561692,0.868302719324248,0.00027831031538354,0.0025368836376865,0.01
9,40,2040,1,-0.006,0.02,published_baby_boom,91,91,2040,0,8.95798702842637,8.95604319932651,0.41330102450324,0.00853851416494927,0.402748880737926,-0.00241649328442755,0.429051518950899,0.873912894756728,0.000217017508932984,0.00259817644413705,0.01
9,41,2041,0,-0.006,0.02,published_baby_boom,92,92,2041,0,8.96078547285535,8.95961469166935,0.416049068880816,0.0112865585425248,0.511181512926671,-0.00306708907756003,0.426281687453098,0.868271503873776,0.000130664625444864,0.0022858286589826,0.01
9,42,2042,0,-0.006,0.02,published_baby_boom,93,93,2042,0,8.96078547285535,8.95961469166935,0.416049068880816,0.0112865585425248,0.511181512926671,-0.00306708907756003,0.426129971419241,0.867962501349708,0.000130664625444864,0.0022858286589826,0.01
9,43,2043,0,-0.006,0.02,published_baby_boom,94,94,2043,0,8.96078547285535,8.95961469166935,0.416049068880816,0.0112865585425248,0.511181512926671,-0.00306708907756003,0.426043227265079,0.867785829021475,0.000130664625444864,0.0022858286589826,0.01
9,44,2044,0,-0.006,0.02,published_baby_boom,95,95,2044,0,8.96078547285535,8.95961469166935,0.416049068880816,0.0112865585425248,0.511181512926671,-0.00306708907756003,0.425955528093165,0.867607210707101,0.000130664625444864,0.0022858286589826,0.01
9,45,2045,0,-0.006,0.02,published_baby_boom,96,96,2045,0,8.96078547285535,8.95378749982166,0.415742447053094,0.0109799367148027,0.499767982679483,-0.0029986078960769,0.425864334719767,0.867421475162306,0.000781260418577337,0.0022858286589826,0.01
9,46,2046,0,-0.006,0.02,published_baby_boom,97,97,2046,0,8.96078547285535,8.95378749982166,0.415742447053094,0.0109799367148027,0.499767982679483,-0.0029986078960769,0.425765014185208,0.867219186868956,0.000781260418577337,0.0022858286589826,0.01
9,47,2047,0,-0.006,0.02,published_baby_boom,98,98,2047,0,8.96078547285535,8.95378749982166,0.415742447053094,0.0109799367148027,0.499767982679483,-0.0029986078960769,0.425663338655286,0.867012102815588,0.000781260418577337,0.0022858286589826,0.01
9,48,2048,0,-0.006,0.02,published_baby_boom,99,99,2048,0,8.96078547285535,8.95378749982166,0.415742447053094,0.0109799367148027,0.499767982679483,-0.0029986078960769,0.425559517846566,0.866800649330638,0.000781260418577337,0.0022858286589826,0.01
9,49,2049,0,-0.006,0.02,published_baby_boom,100,100,2049,0,8.96078547285535,8.95440068676404,0.415518591639701,0.0107560813014105,0.491323926716225,-0.00294794356029735,0.425456061881327,0.866589939406486,0.000712779237094371,0.0022858286589826,0.01
9,50,2050,0,-0.006,0.02,published_baby_boom,101,101,2050,0,8.96078547285535,8.95440068676404,0.415518591639701,0.0107560813014105,0.491323926716225,-0.00294794356029735,0.425352479627919,0.866378972638957,0.000712779237094371,0.0022858286589826,0.01
9,51,2051,0,-0.006,0.02,published_baby_boom,102,102,2051,0,8.96078547285535,8.95440068676404,0.415518591639701,0.0107560813014105,0.491323926716225,-0.00294794356029735,0.425251846158264,0.866174011816603,0.000712779237094371,0.0022858286589826,0.01
9,52,2052,0,-0.006,0.02,published_baby_boom,103,103,2052,0,8.96078547285535,8.95440068676404,0.415518591639701,0.0107560813014105,0.491323926716225,-0.00294794356029735,0.4251476631358,0.865961823380087,0.000712779237094371,0.0022858286589826,0.01
9,53,2053,0,-0.006,0.02,published_baby_boom,104,104,2053,0,8.96078547285535,8.95485436701974,0.415308265738637,0.010545755400346,0.483305120058995,-0.00289983072035397,0.425044800216457,0.865752323952089,0.000662114901314748,0.0022858286589826,0.01
9,54,2054,0,-0.006,0.02,published_baby_boom,105,105,2054,0,8.96078547285535,8.95485436701974,0.415308265738637,0.010545755400346,0.483305120058995,-0.00289983072035397,0.424942076680835,0.865543108265173,0.000662114901314748,0.0022858286589826,0.01
9,55,2055,0,-0.006,0.02,published_baby_boom,106,106,2055,0,8.96078547285535,8.95485436701974,0.415308265738637,0.010545755400346,0.483305120058995,-0.00289983072035397,0.424835182274411,0.865325397263913,0.000662114901314748,0.0022858286589826,0.01
9,56,2056,0,-0.006,0.02,published_baby_boom,107,107,2056,0,8.96078547285535,8.95485436701974,0.415308265738637,0.010545755400346,0.483305120058995,-0.00289983072035397,0.424729814556116,0.86511079610208,0.000662114901314748,0.0022858286589826,0.01
9,57,2057,0,-0.006,0.02,published_baby_boom,108,108,2057,0,8.96078547285535,8.95528522085934,0.415113725361775,0.0103512150234838,0.475815200843718,-0.00285489120506231,0.424623241022354,0.864893738747232,0.000614002061371429,0.0022858286589826,0.01
9,58,2058,0,-0.006,0.02,published_baby_boom,109,109,2058,0,8.96078547285535,8.95528522085934,0.415113725361775,0.0103512150234838,0.475815200843718,-0.00285489120506231,0.424490185961189,0.864622745346633,0.000614002061371429,0.0022858286589826,0.01
9,59,2059,0,-0.006,0.02,published_baby_boom,110,110,2059,0,8.96078547285535,8.95528522085934,0.415113725361775,0.0103512150234838,0.475815200843718,-0.00285489120506231,0.424368361242412,0.864374625539863,0.000614002061371429,0.0022858286589826,0.01
9,60,2060,0,-0.006,0.02,published_baby_boom,111,111,2060,0,8.96078547285535,8.95528522085934,0.415113725361775,0.0103512150234838,0.475815200843718,-0.00285489120506231,0.424249412835689,0.864132363982949,0.000614002061371429,0.0022858286589826,0.01
9,61,2061,0,-0.006,0.02,published_baby_boom,112,112,2061,0,8.96078547285535,8.95568767607947,0.414922719592528,0.0101602092542373,0.468393599293457,-0.00281036159576074,0.424111512782204,0.863851501211491,0.00056906254607973,0.0022858286589826,0.01
9,62,2062,0,-0.006,0.02,published_baby_boom,113,113,2062,0,8.96078547285535,8.95568767607947,0.414922719592528,0.0101602092542373,0.468393599293457,-0.00281036159576074,0.423976816764011,0.863577165104857,0.00056906254607973,0.0022858286589826,0.01
9,63,2063,0,-0.006,0.02,published_baby_boom,114,114,2063,0,8.96078547285535,8.95568767607947,0.414922719592528,0.0101602092542373,0.468393599293457,-0.00281036159576074,0.423761175424738,0.863137964350697,0.00056906254607973,0.0022858286589826,0.01
9,64,2064,0,-0.006,0.02,published_baby_boom,115,115,2064,0,8.96078547285535,8.95568767607947,0.414922719592528,0.0101602092542373,0.468393599293457,-0.00281036159576074,0.423594300372319,0.862798076645211,0.00056906254607973,0.0022858286589826,0.01
9,65,2065,0,-0.006,0.02,published_baby_boom,116,116,2065,0,8.96078547285535,8.95608647823189,0.414778638563899,0.0100161282256084,0.462751121195137,-0.00277650672717082,0.423415455854975,0.862433822231808,0.000524532936778238,0.0022858286589826,0.01
9,66,2066,0,-0.006,0.02,published_baby_boom,117,117,2066,0,8.96078547285535,8.95608647823189,0.414778638563899,0.0100161282256084,0.462751121195137,-0.00277650672717082,0.422750868669555,0.861080240252357,0.000524532936778238,0.0022858286589826,0.01
9,67,2067,0,-0.006,0.02,published_baby_boom,118,118,2067,0,8.96078547285535,8.95608647823189,0.414778638563899,0.0100161282256084,0.462751121195137,-0.00277650672717082,0.422515925439735,0.860601724998085,0.000524532936778238,0.0022858286589826,0.01
9,68,2068,0,-0.006,0.02,published_baby_boom,119,119,2068,0,8.96078547285535,8.95608647823189,0.414778638563899,0.0100161282256084,0.462751121195137,-0.00277650672717082,0.422293047255142,0.860147782638567,0.000524532936778238,0.0022858286589826,0.01
9,69,2069,0,-0.006,0.02,published_baby_boom,120,120,2069,0,8.96078547285535,8.95638969049527,0.414459530995518,0.00969702065722666,0.450120218371702,-0.00270072131023021,0.422001784758851,0.859554559414836,0.000490678068188226,0.0022858286589826,0.01
9,70,2070,0,-0.006,0.02,published_baby_boom,121,121,2070,0,8.96078547285535,8.95638969049527,0.414459530995518,0.00969702065722666,0.450120218371702,-0.00270072131023021,0.42165522350215,0.858848707104564,0.000490678068188226,0.0022858286589826,0.01
9,71,2071,0,-0.006,0.02,published_baby_boom,122,122,2071,0,8.96078547285535,8.95638969049527,0.414459530995518,0.00969702065722666,0.450120218371702,-0.00270072131023021,0.421238068501509,0.857999074091636,0.000490678068188226,0.0022858286589826,0.01
9,72,2072,0,-0.006,0.02,published_baby_boom,123,123,2072,0,8.96078547285535,8.95638969049527,0.414459530995518,0.00969702065722666,0.450120218371702,-0.00270072131023021,0.420732296981511,0.856968952190565,0.000490678068188226,0.0022858286589826,0.01
9,73,2073,0,-0.006,0.02,published_baby_boom,124,124,2073,0,8.96078547285535,8.95706847994309,0.414283143185514,0.00952063284722265,0.443059863760399,-0.0026583591825624,0.419992643347255,0.855462476152286,0.000414892651247606,0.0022858286589826,0.01
9,74,2074,0,-0.006,0.02,published_baby_boom,125,125,2074,0,8.96078547285535,8.95706847994309,0.414283143185514,0.00952063284722265,0.443059863760399,-0.0026583591825624,0.41947994334091,0.854418242756427,0.000414892651247606,0.0022858286589826,0.01
9,75,2075,0,-0.006,0.02,published_baby_boom,126,126,2075,0,8.96078547285535,8.95706847994309,0.414283143185514,0.00952063284722265,0.443059863760399,-0.0026583591825624,0.418642357890198,0.852712305438595,0.000414892651247606,0.0022858286589826,0.01
9,76,2076,0,-0.006,0.02,published_baby_boom,127,127,2076,0,8.96078547285535,8.95706847994309,0.414283143185514,0.00952063284722265,0.443059863760399,-0.0026583591825624,0.41756807216319,0.85052427394028,0.000414892651247606,0.0022858286589826,0.01
9,77,2077,0,-0.006,0.02,published_baby_boom,128,128,2077,0,8.96078547285535,8.95744792845864,0.428626765374002,0.0238642550357112,0.831572612171272,-0.00498943567302763,0.415650551006045,0.846618802387508,0.000372530523579687,0.0022858286589826,0.01
9,78,2078,0,-0.006,0.02,published_baby_boom,129,129,2078,0,8.96078547285535,8.95744792845864,0.428626765374002,0.0238642550357112,0.831572612171272,-0.00498943567302763,0.413130399605329,0.841485935522852,0.000372530523579687,0.0022858286589826,0.01
9,79,2079,0,-0.006,0.02,published_baby_boom,130,130,2079,0,8.96078547285535,8.95744792845864,0.428626765374002,0.0238642550357112,0.831572612171272,-0.00498943567302763,0.407796033619337,0.830621273428299,0.000372530523579687,0.0022858286589826,0.01
9,80,2080,0,-0.006,0.02,published_baby_boom,131,131,2080,0,8.96078547285535,8.95744792845864,0.428626765374002,0.0238642550357112,0.831572612171272,-0.00498943567302763,0.390463732891143,0.795320065880297,0.000372530523579687,0.0022858286589826,0.01
10,1,2001,1,-0.006,0.02,published_baby_boom,52,52,2001,0,8.97203661903535,8.98129172105232,0.411293909332095,0.00653139899380412,0.315435365169224,-0.00189261219101534,0.416993302259339,0.849352440157803,0.00103101805542627,0.00103101805542624,0.01
10,2,2002,1,-0.006,0.02,published_baby_boom,53,53,2002,0,8.97205672194571,8.98129172105232,0.411293909332095,0.00653139899380412,0.315435365169224,-0.00189261219101534,0.416176036610514,0.847687790203919,0.00102877743953403,0.0010287774395341,0.01
10,3,2003,1,-0.006,0.02,published_baby_boom,54,54,2003,0,8.9720768249011,8.98129172105232,0.411293909332095,0.00653139899380412,0.315435365169224,-0.00189261219101534,0.41535648498694,0.846018483689415,0.00102653682364225,0.0010265368236424,0.01
10,4,2004,1,-0.006,0.02,published_baby_boom,55,55,2004,0,8.97209692790154,8.98129172105232,0.411293909332095,0.00653139899380412,0.315435365169224,-0.00189261219101534,0.414524103643036,0.8443230465874,0.00102429620775026,0.00102429620775036,0.01
10,5,2005,1,-0.006,0.02,published_baby_boom,56,56,2005,0,8.97211703094702,8.96430969411471,0.409674646769024,0.00491213643073263,0.240784587864615,-0.00144470752718769,0.413692640336022,0.842629477905595,0.000870556599156038,0.00102205559185922,0.01
10,6,2006,1,-0.006,0.02,published_baby_boom,57,57,2006,0,8.97213713403755,8.96430969411471,0.409674646769024,0.00491213643073263,0.240784587864615,-0.00144470752718769,0.412876000959624,0.840966101390937,0.000872797215048638,0.00101981497596665,0.01
10,7,2007,1,-0.006,0.02,published_baby_boom,58,58,2007,0,8.97215723717311,8.96430969411471,0.409674646769024,0.00491213643073263,0.240784587864615,-0.00144470752718769,0.412065468441597,0.83931516171596,0.00087503783094012,0.00101757436007512,0.01
10,8,2008,1,-0.006,0.02,published_baby_boom,59,59,2008,0,8.97217734035373,8.96430969411471,0.409674646769024,0.00491213643073263,0.240784587864615,-0.00144470752718769,0.411265831270245,0.837686411277251,0.000877278446832583,0.00101533374418263,0.01
10,9,2009,1,-0.006,0.02,published_baby_boom,60,60,2009,0,8.97219744357938,8.96832574957254,0.408238533619021,0.00347602328073049,0.172072058445951,-0.0010324323506757,0.410484015189815,0.836093955482374,0.000431614398896706,0.00101309312829108,0.01
10,10,2010,1,-0.006,0.02,published_baby_boom,61,61,2010,0,8.97221754685008,8.96832574957254,0.408238533619021,0.00347602328073049,0.172072058445951,-0.0010324323506757,0.410602861395465,0.836336007717314,0.000433855014788458,0.00101085251239927,0.01
10,11,2011,1,-0.006,0.02,published_baby_boom,62,62,2011,0,8.97223765016583,8.96832574957254,0.408238533619021,0.00347602328073049,0.172072058445951,-0.0010324323506757,0.410762293557157,0.836660720654608,0.000436095630680518,0.0010086118965072,0.01
10,12,2012,1,-0.006,0.02,published_baby_boom,63,63,2012,0,8.97225775352661,8.96832574957254,0.408238533619021,0.00347602328073049,0.172072058445951,-0.0010324323506757,0.410938269470856,0.837019127729741,0.000438336246572318,0.00100637128061543,0.01
10,13,2013,1,-0.006,0.02,published_baby_boom,64,64,2013,0,8.97227785693244,8.97202392993556,0.408938051008684,0.0041755406703935,0.205795623399367,-0.00123477374039621,0.410915924574922,0.836973610000715,2.83016859520971e-05,0.00100413066472355,0.01
10,14,2014,1,-0.006,0.02,published_baby_boom,65,65,2014,0,8.97229796038332,8.97202392993556,0.408938051008684,0.0041755406703935,0.205795623399367,-0.00123477374039621,0.410731495622907,0.836597972990895,3.05423018444037e-05,0.00100189004883111,0.01
10,15,2015,1,-0.006,0.02,published_baby_boom,66,66,2015,0,8.97170583844777,8.97202392993556,0.408938051008684,0.0041755406703935,0.205795623399367,-0.00123477374039621,0.411344846770334,0.837847199784453,3.54543332883827e-05,0.00106788668396406,0.01
10,16,2016,1,-0.006,0.02,published_baby_boom,67,67,2016,0,8.97111375558899,8.97202392993556,0.408938051008684,0.0041755406703935,0.205795623399367,-0.00123477374039621,0.411948512930749,0.839076703538844,0.000101450968420574,0.00113388331909624,0.01
10,17,2017,1,-0.006,0.02,published_baby_boom,68,68,2017,0,8.97052171180439,8.97020870179906,0.409168373756499,0.0044058634182077,0.216797470786322,-0.00130078482471793,0.412663238612769,0.840532405925565,3.48937861673283e-05,0.00119987995422884,0.01
10,18,2018,1,-0.006,0.02,published_baby_boom,69,69,2018,0,8.96992970709141,8.97020870179906,0.409168373756499,0.0044058634182077,0.216797470786322,-0.00130078482471793,0.413414837038666,0.842063212742569,3.11028489645854e-05,0.00126587658936075,0.01
10,19,2019,1,-0.006,0.02,published_baby_boom,70,70,2019,0,8.96933774144745,8.97020870179906,0.409168373756499,0.0044058634182077,0.216797470786322,-0.00130078482471793,0.414350363776564,0.843968637047291,9.70994840968727e-05,0.00133187322449308,0.01
10,20,2020,1,-0.006,0.02,published_baby_boom,71,71,2020,0,8.96874581486994,8.97020870179906,0.409168373756499,0.0044058634182077,0.216797470786322,-0.00130078482471793,0.415441627262365,0.846191260736358,0.000163096119229722,0.00139786985962596,0.01
10,21,2021,1,-0.006,0.02,published_baby_boom,72,72,2021,0,8.96815392735631,8.9696165881393,0.410829754694534,0.00606724435624273,0.294386479942989,-0.00176631887965793,0.416489200474286,0.848324905829891,0.000163081670040234,0.00146386649475822,0.01
10,22,2022,1,-0.006,0.02,published_baby_boom,73,73,2022,0,8.96756207890398,8.9696165881393,0.410829754694534,0.00606724435624273,0.294386479942989,-0.00176631887965793,0.417521605469896,0.850427664031428,0.000229078305172475,0.00152986312989047,0.01
10,23,2023,1,-0.006,0.02,published_baby_boom,74,74,2023,0,8.96697026951036,8.9696165881393,0.410829754694534,0.00606724435624273,0.294386479942989,-0.00176631887965793,0.418555887524291,0.852534251862878,0.000295074940304771,0.0015958597650228,0.01
10,24,2024,1,-0.006,0.02,published_baby_boom,75,75,2024,0,8.96637849917288,8.9696165881393,0.410829754694534,0.00606724435624273,0.294386479942989,-0.00176631887965793,0.419527684300418,0.854513580538995,0.000361071575437367,0.0016618564001553,0.01
10,25,2025,1,-0.006,0.02,published_baby_boom,76,76,2025,0,8.96578676788897,8.96544189796339,0.412871588347462,0.00810907800917066,0.384605834860924,-0.00230763500916554,0.420485895561646,0.856465246718612,3.84658443708352e-05,0.0017278530352871,0.01
10,26,2026,1,-0.006,0.02,published_baby_boom,77,77,2026,0,8.96519507565603,8.96544189796339,0.412871588347462,0.00810907800917066,0.384605834860924,-0.00230763500916554,0.421709196276008,0.85895683664436,2.75307907618291e-05,0.00179384967041967,0.01
10,27,2027,1,-0.006,0.02,published_baby_boom,78,78,2027,0,8.9646034224715,8.96544189796339,0.412871588347462,0.00810907800917066,0.384605834860924,-0.00230763500916554,0.422462654392327,0.860491494730282,9.35274258945494e-05,0.00185984630555262,0.01
10,28,2028,1,-0.006,0.02,published_baby_boom,79,79,2028,0,8.96401180833281,8.96544189796339,0.412871588347462,0.00810907800917066,0.384605834860924,-0.00230763500916554,0.423141521850375,0.86187424388109,0.000159524061026516,0.00192584294068455,0.01
10,29,2029,1,-0.006,0.02,published_baby_boom,80,80,2029,0,8.96342023323738,8.9605900729599,0.414705581866779,0.00994307152848817,0.459875651511119,-0.00275925390906672,0.423620515594728,0.86284991691129,0.000315795433348918,0.00199183957581666,0.01
10,30,2030,1,-0.006,0.02,published_baby_boom,81,81,2030,0,8.96282869718261,8.9605900729599,0.414705581866779,0.00994307152848817,0.459875651511119,-0.00275925390906672,0.424009203088204,0.863641672207384,0.000249798798216037,0.00205783621094952,0.01
10,31,2031,1,-0.006,0.02,published_baby_boom,82,82,2031,0,8.96223720016595,8.9605900729599,0.414705581866779,0.00994307152848817,0.459875651511119,-0.00275925390906672,0.424280205001758,0.864193743656865,0.000183802163083455,0.00212383284608211,0.01
10,32,2032,1,-0.006,0.02,published_baby_boom,83,83,2032,0,8.96164574218481,8.9605900729599,0.414705581866779,0.00994307152848817,0.459875651511119,-0.00275925390906672,0.424481227930983,0.86460329512743,0.000117805527951347,0.00218982948121426,0.01
10,33,2033,1,-0.006,0.02,published_baby_boom,84,84,2033,0,8.96105432323663,8.95654421479046,0.414990204047757,0.0102276937094657,0.471023376422901,-0.00282614025853741,0.424602781017411,0.864850995189261,0.000503427792720205,0.00225582611634668,0.01
10,34,2034,1,-0.006,0.02,published_baby_boom,85,85,2034,0,8.96046294331881,8.95654421479046,0.414990204047757,0.0102276937094657,0.471023376422901,-0.00282614025853741,0.424706457402143,0.865062289643759,0.00043743115758809,0.00232182275147877,0.01
10,35,2035,1,-0.006,0.02,published_baby_boom,86,86,2035,0,8.95987160242879,8.95654421479046,0.414990204047757,0.0102276937094657,0.471023376422901,-0.00282614025853741,0.424780487585637,0.865213203615904,0.000371434522455103,0.00238781938661173,0.01
10,36,2036,1,-0.006,0.02,published_baby_boom,87,87,2036,0,8.959280300564,8.95654421479046,0.414990204047757,0.0102276937094657,0.471023376422901,-0.00282614025853741,0.424838176856814,0.865330832898383,0.00030543788732314,0.00245381602174366,0.01
10,37,2037,1,-0.006,0.02,published_baby_boom,88,88,2037,0,8.95868903772184,8.95594516427843,0.413933270230746,0.00917075989245542,0.428891887844271,-0.00257335132706563,0.424959808218439,0.865578689727248,0.000306327601661096,0.00251981265687624,0.01
10,38,2038,1,-0.006,0.02,published_baby_boom,89,89,2038,0,8.95809781389976,8.95594516427843,0.413933270230746,0.00917075989245542,0.428891887844271,-0.00257335132706563,0.425226618189354,0.866122226990597,0.000240330966528657,0.00258580929200862,0.01
10,39,2039,1,-0.006,0.02,published_baby_boom,90,90,2039,0,8.95750662909518,8.95594516427843,0.413933270230746,0.00917075989245542,0.428891887844271,-0.00257335132706563,0.425960072543003,0.867616190769688,0.000174334331396443,0.00265180592714086,0.01
10,40,2040,1,-0.006,0.02,published_baby_boom,91,91,2040,0,8.95691548330551,8.95594516427843,0.413933270230746,0.00917075989245542,0.428891887844271,-0.00257335132706563,0.427967732820659,0.871705543125194,0.000108337696264188,0.00271780256227323,0.01
10,41,2041,0,-0.006,0.02,published_baby_boom,92,92,2041,0,8.95822548607335,8.95820941426344,0.415714200106383,0.0109516897680924,0.498707646836066,-0.00299224588101639,0.426185130842773,0.868074870718853,1.7940857100966e-06,0.0025715572413555,0.01
10,42,2042,0,-0.006,0.02,published_baby_boom,93,93,2042,0,8.95823676938405,8.95820941426344,0.415714200106383,0.0109516897680924,0.498707646836066,-0.00299224588101639,0.426108574081237,0.867918948986845,3.05363243719352e-06,0.00257029769462836,0.01
10,43,2043,0,-0.006,0.02,published_baby_boom,94,94,2043,0,8.95824805270896,8.95820941426344,0.415714200106383,0.0109516897680924,0.498707646836066,-0.00299224588101639,0.426065807856046,0.867831848246735,4.31317916434587e-06,0.00256903814790132,0.01
10,44,2044,0,-0.006,0.02,published_baby_boom,95,95,2044,0,8.95825933604808,8.95820941426344,0.415714200106383,0.0109516897680924,0.498707646836066,-0.00299224588101639,0.426014346482611,0.867727038310387,5.5727258912186e-06,0.00256777860117427,0.01
10,45,2045,0,-0.006,0.02,published_baby_boom,96,96,2045,0,8.95827061940142,8.95445765497728,0.415600871811161,0.01083836147287,0.494438503807012,-0.00296663102284207,0.42594371090624,0.867583174893472,0.000425726826569256,0.0025665190544471,0.01
10,46,2046,0,-0.006,0.02,published_baby_boom,97,97,2046,0,8.95828190276896,8.95445765497728,0.415600871811161,0.01083836147287,0.494438503807012,-0.00296663102284207,0.425869218600762,0.867431456250327,0.000426986373296357,0.00256525950772002,0.01
10,47,2047,0,-0.006,0.02,published_baby_boom,98,98,2047,0,8.95829318615072,8.95445765497728,0.415600871811161,0.01083836147287,0.494438503807012,-0.00296663102284207,0.425789650359997,0.867269399956566,0.000428245920023396,0.00256399996099294,0.01
10,48,2048,0,-0.006,0.02,published_baby_boom,99,99,2048,0,8.95830446954669,8.95445765497728,0.415600871811161,0.01083836147287,0.494438503807012,-0.00296663102284207,0.425705030686845,0.867097055715003,0.000429505466750482,0.00256274041426597,0.01
10,49,2049,0,-0.006,0.02,published_baby_boom,100,100,2049,0,8.95831575295687,8.95468702507777,0.415438099631882,0.0106755892935915,0.488264829154428,-0.00292958897492657,0.425616531767723,0.86691681049064,0.000405150155303131,0.00256148086753877,0.01
10,50,2050,0,-0.006,0.02,published_baby_boom,101,101,2050,0,8.95832703638126,8.95468702507777,0.415438099631882,0.0106755892935915,0.488264829154428,-0.00292958897492657,0.42552619806708,0.866732828653928,0.000406409702030345,0.00256022132081157,0.01
10,51,2051,0,-0.006,0.02,published_baby_boom,102,102,2051,0,8.95833831981987,8.95468702507777,0.415438099631882,0.0106755892935915,0.488264829154428,-0.00292958897492657,0.425434562693197,0.866546196204742,0.000407669248757418,0.00255896177408448,0.01
10,52,2052,0,-0.006,0.02,published_baby_boom,103,103,2052,0,8.95834960327268,8.95468702507777,0.415438099631882,0.0106755892935915,0.488264829154428,-0.00292958897492657,0.425341346187833,0.866356345483546,0.00040892879548446,0.00255770222735761,0.01
10,53,2053,0,-0.006,0.02,published_baby_boom,104,104,2053,0,8.95836088673971,8.95501873116712,0.415250337438691,0.0104878271004003,0.481082155190383,-0.0028864929311423,0.425247025125985,0.866164245266009,0.000373146294295898,0.00255644268063053,0.01
10,54,2054,0,-0.006,0.02,published_baby_boom,105,105,2054,0,8.95837217022095,8.95501873116712,0.415250337438691,0.0104878271004003,0.481082155190383,-0.0028864929311423,0.425150747254474,0.865968159554477,0.000374405841023229,0.00255518313390323,0.01
10,55,2055,0,-0.006,0.02,published_baby_boom,106,106,2055,0,8.9583834537164,8.95501873116712,0.415250337438691,0.0104878271004003,0.481082155190383,-0.0028864929311423,0.425053434416132,0.865769966025115,0.000375665387750138,0.00255392358717628,0.01
10,56,2056,0,-0.006,0.02,published_baby_boom,107,107,2056,0,8.95839473722607,8.95501873116712,0.415250337438691,0.0104878271004003,0.481082155190383,-0.0028864929311423,0.424954181754442,0.865567821797179,0.000376924934477289,0.00255266404044911,0.01
10,57,2057,0,-0.006,0.02,published_baby_boom,108,108,2057,0,8.95840602074995,8.95540466536251,0.41506957449876,0.0103070641604689,0.474105652792387,-0.00284463391675432,0.424852463340232,0.865360654746748,0.000335088437419958,0.00255140449372229,0.01
10,58,2058,0,-0.006,0.02,published_baby_boom,109,109,2058,0,8.95841730428804,8.95540466536251,0.41506957449876,0.0103070641604689,0.474105652792387,-0.00284463391675432,0.424724227364552,0.865099478115849,0.000336347984147311,0.00255014494699492,0.01
10,59,2059,0,-0.006,0.02,published_baby_boom,110,110,2059,0,8.95842858784034,8.95540466536251,0.41506957449876,0.0103070641604689,0.474105652792387,-0.00284463391675432,0.424613177418104,0.864873305499101,0.000337607530874302,0.00254888540026802,0.01
10,60,2060,0,-0.006,0.02,published_baby_boom,111,111,2060,0,8.95843987140685,8.95540466536251,0.41506957449876,0.0103070641604689,0.474105652792387,-0.00284463391675432,0.424496544445151,0.864635761248614,0.000338867077601262,0.00254762585354091,0.01
10,61,2061,0,-0.006,0.02,published_baby_boom,112,112,2061,0,8.95845115498758,8.95577953762108,0.41489296586761,0.0101304555293195,0.467231491421437,-0.00280338894852862,0.424378331112787,0.864394996579192,0.000298267609940509,0.00254636630681394,0.01
10,62,2062,0,-0.006,0.02,published_baby_boom,113,113,2062,0,8.95846243858252,8.95577953762108,0.41489296586761,0.0101304555293195,0.467231491421437,-0.00280338894852862,0.42425244733343,0.864138610790669,0.000299527156667603,0.00254510676008677,0.01
10,63,2063,0,-0.006,0.02,published_baby_boom,114,114,2063,0,8.95847372219167,8.95577953762108,0.41489296586761,0.0101304555293195,0.467231491421437,-0.00280338894852862,0.424121875846191,0.863872675937164,0.000300786703394727,0.00254384721335962,0.01
10,64,2064,0,-0.006,0.02,published_baby_boom,115,115,2064,0,8.95848500581503,8.95577953762108,0.41489296586761,0.0101304555293195,0.467231491421437,-0.00280338894852862,0.423962779856514,0.863548634363992,0.000302046250121768,0.0025425876666326,0.01
10,65,2065,0,-0.006,0.02,published_baby_boom,116,116,2065,0,8.9584962894526,8.9561489260812,0.414820378421148,0.0100578680828569,0.464389623551363,-0.00278633774130818,0.423789458724515,0.863195630114977,0.000262060828622946,0.00254132811990551,0.01
10,66,2066,0,-0.006,0.02,published_baby_boom,117,117,2066,0,8.95850757310439,8.9561489260812,0.414820378421148,0.0100578680828569,0.464389623551363,-0.00278633774130818,0.423615668396703,0.86284166820387,0.00026332037535002,0.00254006857317845,0.01
10,67,2067,0,-0.006,0.02,published_baby_boom,118,118,2067,0,8.95851885677039,8.9561489260812,0.414820378421148,0.0100578680828569,0.464389623551363,-0.00278633774130818,0.423445536204039,0.862495157168411,0.00026457992207718,0.0025388090264513,0.01
10,68,2068,0,-0.006,0.02,published_baby_boom,119,119,2068,0,8.9585301404506,8.9561489260812,0.414820378421148,0.0100578680828569,0.464389623551363,-0.00278633774130818,0.423223885812576,0.862043716189838,0.000265839468804315,0.0025375494797242,0.01
10,69,2069,0,-0.006,0.02,published_baby_boom,120,120,2069,0,8.95854142414503,8.95630164053442,0.414594787570799,0.00983227723250812,0.455496394993809,-0.00273297836996285,0.422515780425882,0.860601498493871,0.000250047808310895,0.00253628993299724,0.01
10,70,2070,0,-0.006,0.02,published_baby_boom,121,121,2070,0,8.95855270785366,8.95630164053442,0.414594787570799,0.00983227723250812,0.455496394993809,-0.00273297836996285,0.422138615489967,0.859833315408396,0.000251307355038013,0.0025350303862702,0.01
10,71,2071,0,-0.006,0.02,published_baby_boom,122,122,2071,0,8.95856399157651,8.95630164053442,0.414594787570799,0.00983227723250812,0.455496394993809,-0.00273297836996285,0.421724587293924,0.858990051171764,0.000252566901765238,0.00253377083954288,0.01
10,72,2072,0,-0.006,0.02,published_baby_boom,123,123,2072,0,8.95857527531357,8.95630164053442,0.414594787570799,0.00983227723250812,0.455496394993809,-0.00273297836996285,0.421291220927995,0.858107399707087,0.000253826448492122,0.00253251129281604,0.01
10,73,2073,0,-0.006,0.02,published_baby_boom,124,124,2073,0,8.95858655906485,8.95677955591005,0.414547425817811,0.00978491547951976,0.453617607932957,-0.00272170564759774,0.420735707579791,0.856975967826352,0.000201726623874044,0.00253125174608869,0.01
10,74,2074,0,-0.006,0.02,published_baby_boom,125,125,2074,0,8.95859784283033,8.95677955591005,0.414547425817811,0.00978491547951976,0.453617607932957,-0.00272170564759774,0.419998875972632,0.855475239719376,0.000202986170601039,0.00252999219936183,0.01
10,75,2075,0,-0.006,0.02,published_baby_boom,126,126,2075,0,8.95860912661003,8.95677955591005,0.414547425817811,0.00978491547951976,0.453617607932957,-0.00272170564759774,0.419371647344054,0.854197742563251,0.000204245717328217,0.00252873265263457,0.01
10,76,2076,0,-0.006,0.02,published_baby_boom,127,127,2076,0,8.95862041040394,8.95677955591005,0.414547425817811,0.00978491547951976,0.453617607932957,-0.00272170564759774,0.418444742563903,0.852309886350818,0.000205505264055131,0.0025274731059077,0.01
10,77,2077,0,-0.006,0.02,published_baby_boom,128,128,2077,0,8.95863169421206,8.95688052376836,0.428073040765969,0.0233105304276784,0.822832785257983,-0.0049369967115479,0.416746759424251,0.848851554432161,0.000195492088417318,0.00252621355918044,0.01
10,78,2078,0,-0.006,0.02,published_baby_boom,129,129,2078,0,8.9586429780344,8.95688052376836,0.428073040765969,0.0233105304276784,0.822832785257983,-0.0049369967115479,0.414167827619699,0.843598967301676,0.000196751635144354,0.00252495401245345,0.01
10,79,2079,0,-0.006,0.02,published_baby_boom,130,130,2079,0,8.95865426187095,8.95688052376836,0.428073040765969,0.0233105304276784,0.822832785257983,-0.0049369967115479,0.409622969333088,0.834342316320282,0.000198011181871581,0.00252369446572619,0.01
10,80,2080,0,-0.006,0.02,published_baby_boom,131,131,2080,0,8.95866554572171,8.95688052376836,0.428073040765969,0.0233105304276784,0.822832785257983,-0.0049369967115479,0.392681696324317,0.799837525328593,0.000199270728598555,0.00252243491899921,0.01
